workclass,education,marital_status,occupation,relationship,race,gender,native_country,age,fnlwgt,educational_num,capital_gain,capital_loss,hours_per_week
1,7,2,10,0,4,1,38,28,336951,12,0,0,40
3,15,2,6,0,2,1,38,44,160323,10,7688,0,40
5,14,2,9,0,4,1,38,63,104626,15,3103,0,32
3,11,2,6,0,4,1,38,65,184454,9,6418,0,40
3,11,2,6,0,4,1,38,48,279724,9,3103,0,48
3,12,2,3,0,4,1,38,43,346189,14,0,0,50
3,10,2,9,0,1,1,39,40,85019,16,0,0,45
3,9,2,12,0,4,1,38,34,107914,13,0,0,47
5,11,2,2,0,4,1,38,45,432824,9,7298,0,90
6,15,2,3,0,2,1,38,46,106444,10,7688,0,38
1,9,2,9,0,4,1,38,36,403681,13,0,0,40
3,12,2,9,0,4,1,38,65,136384,14,0,0,50
4,8,2,11,0,4,1,38,44,120277,11,0,0,45
3,8,2,9,5,4,0,38,28,242832,11,0,0,36
3,11,4,7,1,4,1,38,22,54164,9,14084,0,60
1,9,2,3,0,4,1,38,34,382078,13,3103,0,50
4,11,2,3,0,4,1,38,42,170721,9,5178,0,50
4,7,2,2,0,4,1,38,41,445382,12,15024,0,60
3,15,2,3,0,4,1,38,55,323887,10,15024,0,45
4,11,2,2,0,4,1,39,44,223881,9,99999,0,50
3,11,2,11,0,4,1,38,55,160631,9,0,0,56
7,12,2,14,5,4,0,38,41,38434,14,7688,0,10
3,12,2,9,5,4,0,38,33,176410,14,5178,0,10
3,11,2,13,0,4,1,38,59,272087,9,0,0,40
3,8,2,3,0,4,1,38,29,337266,11,0,0,40
3,9,0,11,4,4,0,38,43,179866,13,0,0,40
0,10,2,9,5,4,0,38,48,42972,16,0,0,40
5,11,2,2,0,4,1,20,27,115438,9,0,0,60
3,12,2,9,0,4,1,38,41,239296,14,0,2415,50
4,10,2,9,0,4,1,38,42,100793,16,0,0,41
3,11,2,11,0,4,1,38,36,182863,9,0,0,60
3,11,2,3,0,4,1,38,40,155972,9,7688,0,55
4,11,2,3,0,4,1,38,43,214503,9,0,1887,45
3,11,2,11,0,4,1,38,33,177727,9,0,0,40
3,9,2,3,0,4,1,38,55,124771,13,15024,0,50
6,9,2,0,0,4,1,38,40,67874,13,0,1887,45
6,12,2,3,0,4,1,38,46,56841,14,0,0,45
3,15,2,3,0,4,1,38,31,156493,10,0,0,40
5,10,2,9,0,4,1,38,58,159021,16,0,0,16
3,11,2,9,0,4,1,38,54,236157,9,0,1887,40
3,15,2,3,0,4,1,38,36,236391,10,0,0,45
4,11,2,11,0,4,1,38,33,154227,9,0,0,50
3,15,2,6,0,4,1,38,37,248010,10,0,1887,40
4,15,2,3,0,4,1,38,56,321529,10,15024,0,40
7,11,2,14,3,4,0,38,28,168524,9,0,0,38
3,9,2,3,0,4,1,38,33,196385,13,0,1977,40
3,9,5,9,1,4,1,38,39,163205,13,0,0,50
4,14,2,9,5,4,0,38,42,240628,15,0,0,50
3,11,2,5,0,4,1,38,27,132267,9,0,0,40
1,15,2,10,0,4,1,38,51,174861,10,0,0,40
3,8,2,9,0,4,1,38,50,175029,11,0,0,40
3,9,2,9,5,4,0,38,34,357145,13,0,0,50
3,15,2,11,0,4,1,38,31,236861,10,0,0,55
4,11,2,11,0,4,1,38,52,311259,9,0,0,40
1,6,2,13,0,4,1,38,63,65479,5,7688,0,40
3,9,2,9,0,4,1,38,46,312088,13,15024,0,38
3,11,2,12,0,4,1,38,34,236861,9,0,0,40
3,11,2,13,0,4,1,38,47,212944,9,0,0,70
3,9,2,9,0,4,1,38,24,313956,13,0,0,40
3,15,2,5,0,4,1,38,29,255412,10,3103,0,40
3,0,2,13,0,4,1,38,58,65325,6,0,0,40
3,15,2,3,5,4,0,38,64,118944,10,0,0,40
7,11,2,14,0,4,1,38,53,237868,9,0,0,35
4,9,2,2,0,4,1,38,58,204021,13,15024,0,50
0,11,2,2,0,4,1,38,35,413930,9,0,0,40
3,11,2,5,0,4,1,38,32,174201,9,0,0,38
3,15,2,10,0,4,1,38,46,157857,10,0,0,40
3,11,2,3,0,4,1,38,42,171615,9,0,0,55
3,6,2,7,0,4,1,7,30,236543,5,0,0,32
5,8,4,4,1,4,1,38,34,163756,11,27828,0,60
3,15,2,2,0,4,1,38,39,329980,10,0,0,40
4,9,2,3,0,4,1,38,42,212894,13,0,0,60
1,7,2,12,0,4,1,38,56,38573,12,0,0,45
3,9,0,3,4,4,0,38,44,184527,13,4934,0,45
3,15,0,2,1,4,1,38,51,43354,10,0,0,42
3,9,2,3,0,4,1,38,37,98776,13,0,0,40
3,11,2,6,0,2,1,38,68,257557,9,0,0,40
5,15,2,4,0,4,1,38,43,388725,10,0,0,60
5,10,2,9,0,4,1,39,64,71807,16,15024,0,50
3,11,2,2,0,4,1,38,57,78020,9,0,0,40
3,12,2,3,0,4,1,38,34,87218,14,0,1887,50
3,11,2,13,0,4,1,38,29,39257,9,0,0,40
3,12,2,9,0,4,1,38,39,252445,14,0,0,45
3,11,2,3,0,4,1,38,66,275918,9,10605,0,40
3,9,4,9,1,4,0,38,27,106562,13,0,0,50
3,11,0,3,4,2,0,38,39,198654,9,99999,0,40
3,5,2,2,0,4,1,38,59,107318,4,5178,0,50
3,15,2,7,5,4,0,38,34,207564,10,0,0,12
3,11,2,13,0,4,1,38,32,224462,9,0,0,84
3,9,2,9,0,2,1,38,37,123361,13,0,0,50
5,14,2,9,0,4,1,38,50,165001,15,99999,0,80
3,11,2,2,0,4,1,38,55,197399,9,0,0,50
4,14,2,9,0,4,1,38,43,209547,15,0,0,25
5,15,2,11,0,4,1,38,45,355978,10,0,0,60
3,11,2,3,0,4,1,38,40,187294,9,0,0,40
5,11,2,3,0,2,1,38,43,126320,9,0,0,40
5,10,1,3,5,4,0,38,58,112076,16,0,1485,35
3,1,2,13,0,4,1,38,29,211208,7,0,0,99
3,11,2,3,0,4,1,38,49,27898,9,0,1977,55
3,9,0,9,2,4,0,38,50,138193,13,0,0,50
3,9,2,3,0,1,1,23,45,355781,13,0,0,45
3,9,2,9,5,4,0,38,38,272476,13,0,0,24
3,11,2,0,5,4,0,38,33,118941,9,0,0,40
3,0,2,13,0,4,1,38,50,280292,6,0,0,40
4,14,2,9,0,4,1,38,54,159219,15,99999,0,40
3,11,5,0,1,4,1,38,39,177140,9,0,0,40
3,15,2,0,5,2,0,38,32,185433,10,0,0,40
3,9,2,2,0,4,1,38,32,183977,13,0,0,55
3,9,2,3,0,4,1,38,31,160594,13,0,1887,50
3,10,2,9,0,4,1,38,44,118059,16,0,0,55
0,12,2,9,0,4,1,38,43,157237,14,0,0,40
3,9,2,9,0,4,1,38,37,20308,13,0,0,65
0,12,2,3,0,2,1,38,47,471990,14,0,0,40
0,12,4,9,1,4,1,30,39,149347,14,0,0,40
3,9,0,3,1,4,1,38,46,176026,13,27828,0,50
5,15,2,2,0,4,1,38,33,48520,10,0,0,40
7,11,2,14,5,4,0,38,38,48976,9,0,1887,10
3,15,2,3,0,4,1,38,61,142988,10,15024,0,45
5,11,2,13,0,4,1,38,35,455379,9,0,0,65
1,11,2,13,0,4,1,38,30,176992,9,0,0,50
3,9,2,11,0,4,1,38,38,52187,13,15024,0,50
3,15,2,2,0,4,1,38,44,98779,10,5178,0,40
3,11,2,13,0,4,1,38,52,165001,9,0,0,60
3,9,2,9,0,4,1,38,35,251396,13,0,0,50
3,9,0,3,1,4,0,38,37,178100,13,0,0,40
3,9,2,3,0,4,1,8,45,177536,13,0,0,45
5,11,2,2,0,1,1,29,37,191342,9,0,0,60
3,15,5,0,1,2,1,38,51,217480,10,8614,0,40
6,9,2,4,0,4,1,38,32,33945,13,0,0,40
3,9,2,9,0,4,1,38,51,144284,13,0,0,40
6,12,2,9,0,4,1,38,31,195181,14,0,0,35
3,4,2,3,0,4,1,38,73,113446,3,0,0,54
3,9,2,9,0,4,1,38,55,139834,13,0,0,40
3,15,2,0,5,4,0,38,29,118478,10,7298,0,50
3,12,2,3,0,4,1,38,41,198196,14,0,0,45
3,8,2,11,0,4,1,38,26,141876,11,3103,0,45
3,11,2,11,0,4,1,38,23,325179,9,0,0,40
5,9,2,9,5,4,0,10,37,143774,13,0,0,40
3,9,4,9,3,4,1,38,23,152328,13,13550,0,50
3,11,4,2,3,4,1,38,44,180599,9,0,0,40
3,15,2,5,0,4,1,38,31,188246,10,0,0,40
3,9,2,3,0,4,1,38,49,132576,13,0,0,50
3,11,2,6,5,4,0,38,54,174806,9,0,0,40
3,14,2,9,0,4,1,38,29,293073,15,7298,0,48
3,9,2,3,0,4,1,38,45,323798,13,7298,0,53
3,9,2,3,0,4,1,38,43,203554,13,0,1902,50
4,9,2,3,0,4,1,38,33,291333,13,7298,0,45
6,9,2,3,0,4,1,38,41,253250,13,7298,0,40
0,12,0,3,1,4,1,38,54,201127,14,0,0,42
0,9,2,3,5,4,0,38,57,223892,13,0,0,40
6,12,2,3,0,4,1,38,58,191318,14,15024,0,40
5,11,2,7,5,4,0,38,50,90525,9,15024,0,20
1,9,2,13,0,2,1,38,51,248327,13,0,0,40
0,12,2,3,0,4,1,38,35,104858,14,0,0,50
3,15,2,0,5,4,0,38,45,54038,10,0,1902,20
3,7,4,9,1,4,0,39,43,315971,12,0,0,32
1,14,2,3,0,4,1,38,59,240030,15,0,0,40
1,12,2,9,0,4,1,38,48,67716,14,7688,0,50
5,15,2,3,0,4,1,38,58,237546,10,0,0,70
3,9,2,4,0,4,1,38,24,321435,13,0,0,35
3,12,2,3,0,4,1,38,41,191547,14,99999,0,55
1,15,2,10,0,4,1,38,44,159449,10,0,0,80
3,12,2,9,0,4,1,38,54,387540,14,0,0,45
6,9,4,9,3,4,1,38,43,125831,13,99999,0,60
6,9,2,2,0,4,1,38,50,137815,13,0,0,40
3,9,0,3,1,4,1,38,58,199067,13,0,0,65
4,15,2,2,0,4,1,38,44,57233,10,0,0,40
4,15,2,13,0,4,1,38,37,132879,10,0,0,50
3,11,2,2,0,4,1,38,33,54318,9,0,0,40
5,12,2,9,0,4,1,38,56,174564,14,0,0,60
3,12,2,3,0,4,1,38,35,179579,14,0,1977,48
4,14,2,9,0,1,1,36,53,94214,15,7298,0,50
6,15,2,10,0,4,1,38,38,116975,10,0,1887,50
1,15,2,10,0,4,1,38,28,190911,10,0,0,40
3,11,2,2,0,4,1,38,51,85382,9,0,0,55
6,14,6,9,1,3,0,38,41,186990,15,0,0,52
6,9,2,0,5,2,0,38,37,241633,13,0,0,45
0,9,2,3,5,2,0,38,41,46366,13,0,0,50
6,9,4,3,1,4,0,38,25,77661,13,0,2444,40
4,11,2,2,0,4,1,38,44,60087,9,0,0,45
6,11,2,0,5,4,0,38,48,224752,9,0,0,40
3,9,4,9,1,4,0,38,36,102568,13,0,0,40
6,15,2,3,0,4,1,38,56,133728,10,0,0,35
3,9,2,3,0,4,1,38,37,265144,13,0,0,50
7,11,2,14,0,4,1,38,62,103575,9,5178,0,40
3,9,2,9,0,4,1,38,36,111545,13,0,1902,40
3,11,2,5,0,4,1,38,54,307973,9,0,0,40
1,10,4,9,1,4,0,38,45,211666,16,0,0,40
6,9,2,9,0,4,1,38,46,54260,13,0,0,10
1,9,2,2,0,2,1,38,34,191957,13,0,0,45
1,11,2,12,0,4,1,38,27,157449,9,0,0,50
3,9,2,11,0,4,1,38,46,185870,13,0,1902,40
5,15,2,2,0,4,1,38,23,40323,10,0,0,40
3,11,2,2,0,4,1,38,61,198231,9,0,0,40
3,9,2,3,0,4,1,38,42,26915,13,0,0,40
3,8,2,2,0,4,1,38,28,142764,11,7688,0,45
3,12,2,3,0,4,1,38,50,148431,14,0,0,55
0,12,0,12,1,4,0,38,36,327435,14,0,0,40
3,9,2,9,5,4,0,39,37,98644,13,0,0,16
3,9,2,3,0,4,1,38,29,108775,13,0,0,50
4,14,2,9,0,4,1,38,41,214247,15,0,2415,60
3,15,2,2,0,2,1,38,47,369438,10,0,0,30
1,12,2,9,0,4,1,38,47,169699,14,0,0,40
3,9,2,2,0,4,1,38,31,301251,13,0,0,50
3,11,2,11,0,2,1,38,37,106043,9,0,0,40
3,9,2,9,0,4,1,38,58,31532,13,0,0,40
6,9,2,9,0,4,1,38,45,276157,13,0,0,40
3,14,2,9,0,4,1,38,44,217039,15,99999,0,60
3,11,2,12,0,2,1,32,54,409173,9,0,0,50
3,15,2,11,0,4,1,38,36,151764,10,5178,0,40
3,3,2,0,0,4,1,31,42,67243,2,0,0,55
3,11,2,9,0,4,1,38,36,312206,9,0,0,60
5,15,2,2,0,4,1,38,45,213140,10,7688,0,45
3,7,2,11,0,4,1,38,90,149069,12,0,1825,50
3,11,2,6,0,4,1,38,50,69345,9,0,1902,44
3,11,2,2,0,4,1,38,37,112158,9,7688,0,99
4,11,2,3,0,4,1,38,50,145714,9,0,0,60
5,15,2,11,0,4,1,38,54,399705,10,0,0,55
3,9,2,12,0,4,1,38,30,169002,13,0,0,40
3,15,2,6,0,4,1,38,48,197836,10,0,0,40
3,15,2,13,0,2,1,38,56,140136,10,0,0,35
3,14,2,3,0,4,1,38,37,116409,15,0,0,40
5,15,2,3,0,4,1,38,57,27385,10,0,0,48
3,15,2,11,0,2,1,38,48,153312,10,0,0,60
3,10,2,9,0,1,1,2,38,216319,16,0,0,40
3,15,2,13,0,4,1,38,53,85423,10,0,0,40
5,8,2,7,5,4,0,38,41,134724,11,3103,0,40
3,14,2,11,0,4,1,38,49,186256,15,0,0,40
3,7,2,2,0,4,1,38,39,141584,12,0,0,60
3,12,2,3,0,4,1,38,49,380922,14,15024,0,80
6,11,0,3,1,4,1,38,51,22211,9,0,0,37
5,6,2,3,0,4,1,38,60,123190,5,0,1887,67
3,11,0,11,1,4,1,38,44,110028,9,27828,0,60
5,14,0,9,4,4,1,38,53,174102,15,25236,0,60
5,9,2,9,0,4,1,38,66,183249,13,0,0,20
3,11,2,6,0,2,1,38,38,210438,9,0,0,40
3,9,2,0,0,4,1,38,30,53373,13,0,0,40
1,15,2,0,0,4,1,38,38,273457,10,0,0,40
4,14,2,9,0,4,1,38,59,77816,15,99999,0,40
3,15,0,7,1,4,0,38,42,196158,10,8614,0,52
3,11,2,0,5,4,0,38,49,111558,9,0,1977,25
7,11,2,14,0,4,1,38,53,118058,9,0,0,40
0,12,2,9,0,4,1,39,41,171589,14,0,0,50
1,15,2,9,0,4,1,38,45,181964,10,0,1887,47
0,9,2,2,0,4,1,38,40,107584,13,0,0,40
0,9,2,3,0,4,1,38,53,36186,13,7298,0,40
3,8,2,12,0,4,1,38,25,203561,11,0,0,56
3,11,2,2,0,4,1,38,40,98466,9,0,0,40
6,10,2,9,0,4,1,38,53,195690,16,0,1902,50
4,12,0,9,1,2,1,38,37,94869,14,4787,0,40
3,8,2,3,0,4,1,38,47,54260,11,0,1887,60
3,9,2,9,5,2,0,38,25,629900,13,0,0,40
3,11,2,3,0,4,1,38,30,84119,9,0,0,65
3,12,2,3,0,4,1,38,47,47343,14,0,0,50
6,12,2,9,0,4,1,38,41,124520,14,0,0,40
6,7,2,9,0,4,1,38,32,247481,12,0,0,48
3,11,6,0,1,4,0,38,64,240357,9,0,0,40
3,9,2,11,0,4,1,38,63,201700,13,7298,0,40
3,12,2,9,0,4,1,10,56,227972,14,15024,0,48
6,12,2,0,0,4,1,38,58,299680,14,15024,0,43
3,9,2,2,0,4,1,38,44,90582,13,0,0,50
3,9,2,2,0,4,1,38,43,315037,13,0,0,45
4,9,2,3,0,4,1,38,45,61885,13,15024,0,48
3,12,2,0,0,4,1,38,34,334744,14,0,0,50
5,15,2,11,0,4,1,38,63,201600,10,0,1902,60
4,9,2,11,0,4,1,38,54,175339,13,0,2415,40
5,8,2,4,0,4,1,38,33,294434,11,0,0,76
3,6,2,5,0,4,1,38,53,162951,5,0,0,41
5,9,2,11,0,4,1,38,55,73684,13,15024,0,65
3,11,2,12,0,4,1,38,39,107164,9,0,0,40
3,9,2,3,0,4,1,38,29,120126,13,0,1848,40
5,11,2,13,0,4,1,38,41,54611,9,7298,0,50
3,11,2,0,0,4,1,38,52,173987,9,0,0,40
3,15,2,2,0,2,1,38,40,352080,10,0,0,40
3,9,2,3,0,4,1,38,42,210857,13,7688,0,50
6,0,2,2,0,4,1,38,34,238944,6,0,0,40
7,9,2,14,0,4,1,38,67,106175,13,0,0,20
3,14,2,9,0,4,1,38,44,120277,15,99999,0,60
3,11,2,13,0,1,1,29,27,82393,9,0,0,40
3,12,2,2,0,4,1,38,50,115284,14,0,0,40
3,11,2,2,0,4,1,38,42,29702,9,0,0,42
3,7,2,2,0,4,1,38,38,154541,12,4386,0,40
3,12,2,7,5,4,0,38,41,171839,14,0,0,50
3,9,2,3,0,4,1,38,43,115562,13,99999,0,50
4,14,2,9,0,4,1,38,56,124137,15,99999,0,45
7,11,2,14,0,1,1,38,65,91262,9,0,0,48
3,14,2,9,0,4,1,38,44,238574,15,0,0,50
3,12,0,9,4,4,0,38,44,222011,14,0,0,25
3,9,6,3,4,4,1,38,59,157749,13,0,3004,40
3,9,0,9,4,4,1,1,54,74660,13,0,0,40
3,15,2,0,0,4,1,38,31,305619,10,0,0,40
5,14,2,9,0,4,1,8,56,296991,15,0,0,55
1,12,5,9,1,4,1,38,51,181132,14,0,0,39
3,14,2,9,0,4,1,38,31,250087,15,0,0,50
3,11,2,3,0,4,1,38,35,225172,9,0,0,60
3,8,2,2,0,4,1,38,35,165007,11,4386,0,42
1,7,2,2,0,4,1,38,37,347491,12,0,0,40
5,15,2,9,0,4,1,38,53,163826,10,0,0,45
3,11,2,11,0,4,1,38,50,176215,9,7688,0,56
3,15,2,13,0,4,1,38,53,53833,10,0,0,32
3,7,2,11,0,4,1,38,46,219967,12,15024,0,45
3,9,2,2,0,4,1,38,41,283174,13,99999,0,40
5,9,2,3,0,4,1,38,43,185413,13,0,1977,50
3,15,2,3,0,4,1,38,53,56213,10,0,0,45
3,9,4,9,3,0,1,38,37,94706,13,27828,0,40
3,11,2,5,0,4,1,38,48,322183,9,0,0,35
5,11,2,9,0,4,1,38,27,226976,9,0,0,50
3,12,6,9,1,4,0,38,41,135056,14,10520,0,38
7,9,2,14,5,4,0,38,33,148380,13,3103,0,60
3,9,2,9,0,1,1,2,55,135339,13,0,0,40
4,9,2,0,5,4,0,38,42,202466,13,0,0,45
3,11,2,13,0,4,1,38,42,107563,9,0,0,40
3,11,2,0,0,4,1,38,36,188850,9,0,0,40
3,11,2,0,5,2,0,38,57,142080,9,0,0,38
3,15,2,3,0,4,1,38,63,172433,10,0,1887,40
3,0,2,2,0,4,1,38,38,415578,6,0,0,40
5,14,2,9,0,4,1,38,44,193882,15,0,0,50
3,11,2,2,0,4,1,38,54,167380,9,0,0,40
3,15,2,2,0,4,1,38,36,32086,10,7298,0,40
6,9,2,3,0,4,1,38,30,184901,13,0,0,40
3,15,2,3,0,4,1,38,47,132912,10,0,0,55
3,12,2,3,5,4,0,38,52,279344,14,15024,0,60
3,12,2,2,0,4,1,38,42,154374,14,0,0,55
3,9,3,3,4,4,1,38,37,112497,13,4934,0,50
3,11,2,6,0,4,1,38,40,174947,9,0,0,45
3,12,2,3,0,4,1,38,33,392812,14,0,1977,50
3,15,2,2,0,4,1,38,60,135158,10,15024,0,48
3,9,2,9,0,4,1,38,29,109494,13,5178,0,45
3,5,2,2,0,4,1,38,57,204209,4,3103,0,40
5,9,2,12,0,4,1,38,38,245090,13,0,0,50
3,9,2,11,5,4,0,38,38,44780,13,0,0,8
3,10,0,3,1,4,1,38,67,366425,16,99999,0,60
3,12,2,3,0,4,1,38,58,170480,14,0,0,60
3,8,2,0,0,4,1,38,48,224393,11,0,0,40
4,9,2,11,0,4,1,38,68,260198,13,0,0,40
3,10,2,3,5,4,0,38,41,195821,16,0,1902,40
3,12,2,3,0,4,1,38,35,108140,14,0,0,50
1,9,2,9,0,4,1,38,54,168212,13,7688,0,40
5,9,4,11,1,4,1,39,32,198613,13,0,0,45
3,15,2,0,3,4,1,38,30,509364,10,0,0,40
7,0,2,14,0,4,1,38,66,128614,6,0,0,15
1,15,2,10,0,4,1,38,33,83413,10,0,0,50
3,9,2,9,0,4,1,38,34,108023,13,0,0,40
5,14,2,9,0,4,1,38,33,103435,15,7688,0,50
3,12,2,11,0,4,1,38,28,632733,14,0,0,60
3,8,2,2,0,2,1,38,46,135339,11,0,0,40
1,12,0,9,1,4,0,38,44,157473,14,0,0,50
4,7,2,11,0,4,1,38,69,264722,12,0,0,40
3,11,2,11,0,4,1,38,36,188800,9,0,0,40
3,14,4,9,1,4,0,38,34,24361,15,10520,0,40
3,15,2,3,0,1,1,38,65,105586,10,20051,0,40
3,12,2,3,5,2,0,38,43,122473,14,0,1977,50
3,11,2,6,0,4,1,38,48,148576,9,0,0,40
6,8,2,9,0,4,1,38,45,72896,11,0,0,40
3,11,2,3,5,4,0,38,45,117310,9,0,0,50
3,9,2,3,0,4,1,38,49,366089,13,0,0,50
3,9,2,10,0,2,1,38,40,234397,13,0,0,40
0,12,2,0,5,4,0,38,42,178074,14,0,1902,40
3,7,4,3,1,4,0,38,37,114591,12,0,0,50
3,9,4,3,1,4,1,38,30,134639,13,8614,0,45
4,9,0,3,4,4,0,38,47,308241,13,0,0,60
3,15,4,0,4,4,1,38,43,214781,10,0,0,38
1,12,2,9,0,4,1,38,50,173630,14,0,0,36
0,7,5,9,4,4,0,38,42,348059,12,0,0,40
3,12,4,9,1,4,0,38,35,114765,14,0,0,38
3,12,2,11,0,4,1,38,51,250423,14,0,0,55
3,11,2,3,0,4,1,38,42,145441,9,0,0,50
3,7,2,3,0,4,1,38,36,382859,12,0,0,43
4,9,2,3,0,4,1,38,42,188738,13,7688,0,40
3,9,2,3,0,4,1,38,31,209101,13,0,0,50
3,8,4,3,1,4,1,38,28,278552,11,0,0,60
3,12,2,9,0,2,1,38,39,560313,14,0,0,45
3,11,0,3,4,4,0,38,46,139946,9,0,0,38
0,9,2,9,0,4,1,38,32,113838,13,0,0,40
3,12,2,10,0,4,1,38,49,28171,14,15024,0,78
3,9,4,3,2,4,0,38,24,211129,13,0,0,60
3,15,2,3,0,4,1,38,43,131650,10,0,0,40
1,15,2,10,0,4,1,38,47,127678,10,0,0,48
3,11,2,4,0,4,1,38,27,409246,9,0,0,40
5,10,0,9,4,4,1,1,49,43479,16,0,0,63
3,9,2,11,0,4,1,38,58,152731,13,0,0,40
3,15,2,11,0,4,1,38,41,228847,10,0,0,40
3,12,2,3,0,4,1,38,58,49893,14,0,0,50
6,10,2,9,0,1,1,18,33,150688,16,0,0,50
3,9,2,9,0,4,1,38,36,207824,13,7298,0,40
4,9,2,3,0,4,1,38,42,198282,13,0,0,60
7,11,2,14,5,4,0,38,55,125659,9,0,0,6
3,9,2,2,0,2,1,38,35,455469,13,0,0,40
3,9,2,9,0,4,1,38,37,269323,13,0,0,55
1,11,2,10,0,4,1,38,45,187715,9,0,0,40
0,11,2,2,0,4,1,38,44,38321,9,0,0,40
3,9,2,0,0,4,1,38,58,206814,13,7688,0,50
3,9,2,9,0,4,1,38,32,364657,13,0,0,50
3,14,2,9,0,4,1,38,33,208855,15,0,0,60
3,15,2,9,0,4,1,38,40,173651,10,0,0,40
3,11,2,7,0,2,1,39,64,146674,9,0,0,40
4,15,2,3,0,4,1,38,55,150917,10,0,1977,45
1,9,2,9,0,4,1,38,47,103540,13,0,0,50
6,9,2,9,0,4,1,38,40,55294,13,0,0,40
6,15,2,3,0,4,1,38,54,258735,10,0,0,40
5,15,2,10,0,4,1,38,56,177368,10,0,0,50
3,15,2,3,0,4,1,38,30,156015,10,0,0,45
6,15,2,6,0,4,1,38,35,308945,10,0,0,50
3,9,4,9,1,4,1,38,33,76493,13,0,0,50
3,9,2,11,0,4,1,38,47,105449,13,0,0,65
0,15,2,2,0,4,1,38,47,382532,10,0,1887,40
6,15,2,7,0,4,1,38,49,139268,10,0,0,70
5,9,2,2,0,4,1,38,37,200352,13,0,0,50
3,11,2,2,0,4,1,38,39,153047,9,0,0,50
3,11,2,6,0,4,1,38,29,154236,9,4386,0,58
3,11,2,2,0,4,1,38,33,301251,9,0,0,60
3,14,2,9,0,4,1,38,52,191130,15,15024,0,40
3,9,2,9,0,4,1,38,32,149368,13,0,0,40
1,12,2,3,0,4,1,38,57,237546,14,0,0,60
6,8,2,10,0,4,1,38,44,307468,11,0,0,50
5,11,2,2,0,4,1,38,46,27847,9,0,0,48
1,12,2,3,0,4,1,38,44,32627,14,0,1887,60
3,9,2,13,0,4,1,38,55,377113,13,15024,0,60
4,1,2,2,0,4,1,38,51,110327,7,0,0,60
6,9,2,0,0,4,1,38,42,392167,13,0,0,40
3,7,2,3,0,4,1,38,53,337195,12,0,0,45
3,9,4,3,1,2,1,38,38,226894,13,13550,0,40
1,11,2,10,3,4,1,38,44,178417,9,0,0,40
7,9,2,14,0,4,1,38,62,119986,13,0,0,60
1,11,2,13,0,3,1,22,52,192853,9,0,0,40
3,9,2,9,0,4,1,38,56,133876,13,0,0,40
4,14,2,9,0,4,1,38,52,229259,15,0,0,40
3,9,2,3,0,4,1,38,35,235485,13,0,0,40
6,12,2,3,0,4,1,38,48,241854,14,0,0,55
0,9,4,9,1,4,1,38,26,337575,13,0,0,40
0,15,2,0,5,0,0,38,41,29606,10,0,0,40
3,7,2,2,0,4,1,38,48,188610,12,0,0,48
3,15,2,2,0,4,1,39,51,145409,10,0,0,50
3,9,2,9,5,4,0,38,49,140782,13,0,2415,3
5,14,2,9,0,1,1,29,32,400061,15,15024,0,40
3,7,2,9,5,4,0,38,41,54422,12,0,0,40
5,15,2,2,0,4,1,38,37,175120,10,0,0,40
3,9,2,9,0,4,1,39,29,160510,13,0,0,50
3,11,2,9,0,4,1,39,58,223214,9,0,0,40
3,12,2,3,0,4,1,38,40,136986,14,99999,0,52
3,15,2,2,0,4,1,38,47,235108,10,5178,0,40
6,11,2,0,5,4,0,38,41,201363,9,0,0,38
4,15,2,2,0,4,1,39,41,244172,10,0,0,40
3,9,2,3,0,1,1,29,32,79586,13,0,0,40
3,9,2,9,5,4,0,38,35,123809,13,15024,0,35
3,9,2,9,0,4,1,38,35,194404,13,0,0,40
3,9,2,3,0,4,1,38,33,236396,13,15024,0,55
6,9,2,9,0,4,1,15,29,214881,13,0,0,40
3,11,2,5,0,2,1,38,37,177420,9,0,0,40
4,11,2,3,0,4,1,38,39,170174,9,0,0,60
3,9,2,13,0,4,1,38,44,40024,13,0,0,52
3,9,4,9,1,1,1,34,28,193260,13,0,0,50
3,11,2,11,0,4,1,38,45,238567,9,15024,0,50
3,9,2,9,0,4,1,38,42,234633,13,0,0,50
0,9,2,0,0,1,1,18,45,110884,13,0,0,45
1,12,2,9,5,2,0,38,54,217210,14,0,1887,38
3,9,2,11,0,4,1,38,48,370119,13,0,2415,50
3,11,4,5,3,2,0,38,30,427541,9,99999,0,40
3,9,4,0,3,4,1,38,30,144949,13,0,2559,40
5,9,2,11,0,4,1,38,57,113010,13,0,0,50
3,15,2,3,0,4,1,6,47,172155,10,0,0,37
4,15,2,9,0,4,1,38,36,141609,10,0,0,50
5,9,2,0,5,4,0,38,41,375526,13,0,0,40
3,12,2,9,0,4,1,38,31,291494,14,0,0,40
3,11,2,2,0,4,1,38,59,147098,9,0,0,40
3,9,2,3,0,4,1,38,35,154410,13,0,1977,50
3,11,2,3,0,1,1,38,60,95680,9,0,0,45
0,11,2,0,5,2,0,38,43,136105,9,0,1848,40
1,12,2,3,5,4,0,38,55,134042,14,0,0,40
3,15,4,2,1,4,1,38,29,253003,10,0,2258,45
3,11,2,6,0,4,1,38,57,195820,9,0,0,40
5,15,2,11,0,4,1,38,36,125933,10,5178,0,50
1,7,2,10,0,4,1,38,29,211032,12,0,0,72
3,11,2,3,0,1,1,2,43,116379,9,0,0,60
3,15,2,9,0,4,1,38,36,141584,10,0,0,50
6,10,2,9,5,4,0,38,43,344519,16,0,0,40
1,12,2,9,0,4,1,38,62,194276,14,7688,0,40
1,9,2,9,0,4,1,38,54,220054,13,0,1902,40
3,11,2,3,0,4,1,38,58,220896,9,0,0,40
3,8,4,12,1,4,1,38,26,263444,11,14344,0,40
3,14,2,9,0,4,1,38,53,203967,15,0,1887,40
1,11,0,0,1,4,0,38,65,200764,9,0,0,16
3,12,2,12,0,4,1,38,39,188069,14,15024,0,50
3,9,2,3,0,4,1,38,52,102828,13,0,0,40
3,15,2,13,0,4,1,38,43,207392,10,3103,0,70
6,9,2,9,0,4,1,38,61,140851,13,0,0,40
5,8,2,4,0,4,1,38,32,38158,11,7298,0,70
3,9,2,9,5,4,0,38,40,171888,13,0,0,24
3,11,6,3,1,4,1,38,48,148995,9,14084,0,45
3,9,4,0,1,4,0,38,49,47403,13,0,0,40
3,9,2,9,0,4,1,38,29,271710,13,0,0,50
0,9,2,3,0,4,1,38,47,231797,13,0,1977,55
3,14,3,2,1,4,1,17,65,444725,15,0,0,48
3,9,6,2,1,4,1,38,58,244605,13,0,0,40
3,14,2,9,5,4,0,38,38,212252,15,0,0,50
1,9,2,9,0,4,1,38,29,194869,13,0,0,55
3,9,2,11,0,4,1,38,35,278442,13,7298,0,48
6,15,0,7,4,4,0,38,33,162705,10,0,0,99
4,15,2,7,5,4,0,38,38,116608,10,0,0,20
3,9,2,3,0,4,1,38,48,182655,13,0,0,40
3,9,2,3,5,4,0,38,29,42881,13,0,0,40
5,11,2,3,0,4,1,38,39,189922,9,0,0,60
3,11,2,2,0,4,1,38,50,114758,9,0,0,40
3,12,2,9,5,4,0,38,37,183739,14,0,0,8
3,12,2,9,0,1,1,38,31,173473,14,0,0,45
3,15,2,3,0,4,1,38,53,95647,10,0,0,50
3,12,2,9,0,4,1,38,36,196123,14,0,0,43
3,9,2,3,0,4,1,38,28,216178,13,0,0,50
0,11,2,3,0,4,1,38,54,278076,9,5178,0,40
0,15,2,0,0,4,1,38,57,239486,10,7688,0,45
3,11,2,11,0,4,1,38,57,220986,9,0,0,40
4,14,2,9,0,4,1,38,72,199233,15,0,2377,35
3,15,2,9,0,4,1,38,46,169711,10,0,0,40
3,9,2,9,0,4,1,38,42,106159,13,0,0,40
1,15,2,0,0,4,1,38,53,177063,10,0,0,40
3,9,2,11,0,4,1,38,35,129573,13,15024,0,45
4,14,2,9,0,4,1,38,49,125892,15,0,0,40
3,14,2,9,0,4,1,38,45,259412,15,99999,0,50
0,9,2,0,0,4,1,38,49,207540,13,0,0,40
3,11,2,3,0,2,1,38,39,430336,9,7688,0,45
4,14,2,9,0,4,1,4,39,210610,15,0,0,31
3,11,2,2,0,4,1,38,39,166193,9,0,0,40
3,9,2,9,0,4,1,38,47,156926,13,0,0,40
3,15,2,3,0,4,1,38,39,312271,10,0,0,50
3,12,2,3,0,4,1,38,45,192360,14,0,1902,50
4,15,2,11,0,4,1,38,47,337825,10,0,0,45
3,11,4,9,1,4,1,38,27,239130,9,0,2444,40
3,4,2,2,0,3,1,25,42,233366,3,3103,0,40
3,9,4,9,1,4,1,38,28,66893,13,0,1564,50
3,9,2,11,0,4,1,38,50,193720,13,7688,0,40
3,15,2,3,0,4,1,38,49,196360,10,0,0,46
3,9,2,11,0,4,1,38,36,398931,13,0,1902,40
4,14,2,3,0,4,1,38,61,103575,15,99999,0,40
3,15,2,2,0,4,1,38,36,321274,10,0,0,40
3,11,2,11,0,4,1,38,39,27408,9,7298,0,50
3,9,2,9,0,4,1,38,33,110592,13,0,0,50
3,15,0,2,4,4,1,38,48,172822,10,15020,0,48
3,12,2,11,0,4,1,38,45,196707,14,0,0,50
5,11,2,7,5,4,0,38,57,69905,9,15024,0,40
5,9,2,11,0,4,1,38,46,214627,13,0,1977,45
3,12,0,9,4,4,0,38,52,251908,14,0,2547,40
3,11,2,3,0,4,1,38,57,161642,9,0,0,45
1,12,2,3,0,4,1,38,47,153536,14,0,0,37
3,15,2,2,0,4,1,38,41,192602,10,0,0,40
3,9,2,9,0,4,1,38,61,328881,13,0,1902,40
1,7,2,10,0,4,1,38,28,205903,12,0,0,45
3,9,2,2,0,4,1,38,38,187870,13,0,0,40
3,10,2,9,0,4,1,38,56,364899,16,7688,0,65
3,9,2,3,0,4,1,38,35,207819,13,15024,0,50
3,15,2,11,0,4,1,38,39,77146,10,0,0,55
3,9,2,9,0,4,1,38,37,105044,13,0,0,40
3,11,2,6,0,4,1,38,47,145636,9,0,0,40
4,9,6,3,1,4,1,38,85,155981,13,0,0,40
4,9,2,11,0,4,1,38,71,45741,13,20051,0,30
6,12,2,9,0,4,1,38,39,105803,14,0,0,48
4,11,2,7,0,4,1,38,77,29702,9,0,0,35
3,9,2,3,0,4,1,38,34,209768,13,15024,0,60
3,11,2,13,0,2,1,38,33,89360,9,5178,0,55
3,9,2,11,0,4,1,38,42,228320,13,5178,0,45
3,11,2,2,0,4,1,38,38,236391,9,0,0,45
3,9,2,3,0,1,1,2,38,173858,13,7688,0,35
4,9,2,3,0,4,1,38,65,410199,13,9386,0,35
3,14,2,9,0,4,1,38,48,47343,15,0,1977,70
3,7,2,12,0,4,1,38,36,186819,12,0,0,40
3,11,2,6,0,4,1,38,36,220696,9,0,0,40
3,12,2,3,0,4,1,38,50,135102,14,0,0,55
3,15,2,11,0,4,1,38,24,209417,10,7298,0,60
3,9,2,9,0,4,1,38,29,188564,13,0,1977,45
3,8,2,11,0,4,1,38,38,189922,11,0,0,50
3,9,2,3,2,4,0,11,30,100734,13,0,0,40
3,9,2,9,0,4,1,32,33,169269,13,15024,0,40
3,9,2,3,0,4,1,38,33,29144,13,0,0,55
3,11,2,9,0,4,1,38,45,103540,9,3103,0,40
3,9,2,11,0,4,1,38,26,30776,13,0,0,40
5,14,2,9,0,1,1,18,53,93449,15,0,0,40
3,15,2,3,0,4,1,38,48,97470,10,0,0,40
3,11,2,2,0,4,1,38,58,348430,9,0,0,40
5,11,2,0,0,4,1,38,66,37170,9,0,0,42
3,12,4,3,1,4,0,38,34,169583,14,0,0,50
3,15,2,2,0,4,1,38,54,297551,10,7298,0,40
3,8,2,2,5,0,0,38,34,27565,11,0,0,27
3,4,2,3,0,4,1,41,53,153064,3,7688,0,10
3,1,2,2,0,4,1,38,57,190488,7,0,0,40
0,15,2,0,0,4,1,38,51,914061,10,0,0,44
3,9,2,11,0,4,1,38,49,350759,13,0,0,60
4,10,2,9,0,4,1,38,48,49298,16,0,1902,50
1,12,2,9,0,4,1,38,51,289390,14,7298,0,40
3,15,2,3,0,4,1,38,36,219546,10,0,0,60
3,12,0,11,1,4,0,38,32,358655,14,0,0,50
3,12,6,3,1,4,0,38,55,401473,14,0,0,40
4,15,2,3,0,4,1,38,57,249072,10,99999,0,60
7,0,2,14,0,4,1,38,64,285742,6,0,0,50
5,12,2,11,0,4,1,38,63,130221,14,0,0,60
1,9,2,10,0,4,1,38,43,67243,13,0,0,45
3,9,2,11,0,4,1,38,27,203776,13,7688,0,45
5,11,2,2,0,4,1,38,41,171351,9,0,0,50
1,12,2,3,0,4,1,38,40,329341,14,0,0,35
6,14,4,9,1,4,0,38,29,103389,15,4787,0,40
3,11,2,8,5,4,0,38,47,91972,9,0,0,35
5,1,2,11,0,4,1,38,59,275236,7,0,0,70
3,8,2,3,0,4,1,38,35,158592,11,3103,0,50
3,9,2,9,0,4,1,38,41,510072,13,0,0,40
3,11,2,3,0,4,1,8,54,178839,9,0,1848,40
3,12,2,9,0,4,1,38,33,219619,14,15024,0,40
3,7,2,3,0,4,1,38,52,249196,12,0,0,55
3,15,2,9,0,4,1,38,43,346189,10,0,0,40
3,9,2,2,0,4,1,38,48,56071,13,0,0,40
3,7,2,9,0,2,1,38,34,233729,12,0,0,50
0,14,2,9,0,4,1,38,53,172898,15,0,0,60
3,8,2,12,0,4,1,38,47,182655,11,0,0,52
3,15,2,12,0,4,1,38,44,45363,10,0,0,44
6,8,2,12,0,4,1,38,51,152810,11,0,0,40
3,11,2,11,0,4,1,38,51,173987,9,0,0,48
5,9,2,11,5,4,0,38,33,234976,13,0,0,40
1,12,4,9,1,4,1,38,36,187411,14,0,0,50
3,9,2,11,0,4,1,38,48,368561,13,0,1902,37
3,9,2,6,0,4,1,38,61,197286,13,0,0,40
3,9,2,3,0,4,1,38,43,159549,13,0,1902,40
4,1,2,11,0,4,1,31,44,277788,7,0,0,60
1,12,2,9,0,4,1,38,35,160728,14,0,0,45
5,11,2,4,0,4,1,38,47,185859,9,3103,0,60
6,11,2,2,0,4,1,38,51,48358,9,3103,0,52
3,9,2,3,0,4,1,38,40,240698,13,0,0,50
3,11,2,6,0,4,1,38,36,238802,9,0,0,48
3,11,2,2,0,4,1,38,43,383670,9,0,1902,40
0,12,2,9,0,4,1,38,54,147629,14,7298,0,35
3,15,2,9,0,4,1,29,45,293628,10,0,0,50
0,11,0,3,1,4,1,38,37,239409,9,0,0,40
4,9,4,7,1,4,0,38,37,593246,13,0,0,50
3,15,2,7,5,4,0,38,36,30269,10,7298,0,32
3,9,2,9,0,4,1,38,29,231148,13,0,0,50
3,15,2,3,0,4,1,38,53,184176,10,0,0,50
3,12,2,9,5,4,0,38,40,276759,14,0,0,60
3,2,2,13,0,4,1,38,32,108256,8,0,0,60
5,9,2,2,0,4,1,5,40,167678,13,0,0,40
3,15,2,2,0,4,1,38,30,30101,10,0,0,40
1,12,0,3,1,4,1,38,46,232220,14,0,0,50
3,9,2,11,0,4,1,38,32,132767,13,0,0,50
5,5,2,4,0,4,1,38,62,147393,4,0,0,40
3,9,2,9,0,4,1,38,65,228182,13,0,0,40
3,12,2,11,0,4,1,38,70,132670,14,9386,0,4
4,10,2,9,0,4,1,38,38,98360,16,0,0,50
3,12,2,3,0,4,1,38,34,49325,14,0,0,40
3,15,4,9,3,4,0,38,19,142738,10,14084,0,20
3,15,2,13,0,4,1,38,32,269355,10,5178,0,50
4,11,2,2,0,4,1,38,32,190290,9,0,0,40
3,9,0,9,4,4,0,38,52,287454,13,0,0,40
1,7,2,10,0,4,1,38,37,130805,12,0,0,99
3,14,2,9,0,4,1,38,35,166497,15,0,1902,60
1,9,5,9,4,2,0,22,58,185072,13,0,0,40
3,9,2,3,0,4,1,38,36,171393,13,0,1887,40
6,11,2,10,0,4,1,38,44,369131,9,0,0,40
3,11,2,2,0,4,1,38,66,147766,9,0,0,40
4,9,2,11,0,4,1,38,32,233727,13,7688,0,60
3,12,2,9,0,4,1,38,42,212894,14,0,0,23
5,9,2,2,2,4,1,38,39,107302,13,0,0,35
6,12,2,9,0,4,1,38,59,136819,14,0,0,8
6,9,2,3,0,4,1,38,57,170108,13,0,1902,40
1,7,2,2,0,3,1,38,38,326701,12,0,0,40
1,12,0,9,4,4,0,38,39,170263,14,0,0,30
3,11,2,2,0,4,1,38,42,143069,9,0,0,60
3,15,2,2,0,4,1,38,53,117674,10,7298,0,40
3,7,5,0,4,4,0,38,45,202560,12,0,0,40
3,15,2,9,0,4,1,38,69,144056,10,0,0,40
3,8,6,9,4,4,0,38,71,187703,11,11678,0,38
3,15,4,2,1,4,1,38,47,70554,10,0,0,40
3,9,2,2,0,4,1,38,28,31801,13,0,1887,50
3,8,2,9,5,4,0,38,38,215392,11,7298,0,45
3,9,2,9,0,4,1,38,53,816750,13,0,0,72
3,9,2,3,0,4,1,38,36,127961,13,0,0,50
3,15,4,11,1,4,1,38,47,85109,10,13550,0,45
3,11,2,13,0,4,1,38,55,248841,9,0,0,45
3,11,2,3,0,4,1,38,37,385251,9,0,0,40
3,11,2,5,0,4,1,38,36,102729,9,0,0,45
4,15,2,2,0,4,1,38,48,216214,10,3103,0,40
3,8,2,11,0,4,1,38,31,356410,11,99999,0,40
3,15,2,2,0,4,1,38,51,150999,10,7298,0,40
3,9,2,3,0,4,1,38,39,301070,13,0,0,70
3,15,2,6,0,4,1,38,44,208606,10,0,0,40
3,9,2,2,0,4,1,38,41,266047,13,0,0,40
3,11,2,12,0,4,1,38,52,176124,9,0,0,40
0,15,2,2,0,4,1,38,42,32627,10,7688,0,45
3,15,2,2,0,4,1,30,43,222596,10,0,0,45
3,9,2,11,0,4,1,38,40,110862,13,0,0,50
3,11,2,2,0,4,1,38,40,98211,9,0,0,40
3,11,2,2,0,4,1,38,30,179747,9,0,0,45
3,9,4,9,1,2,0,38,46,195416,13,0,0,44
3,11,2,3,0,4,1,38,45,54098,9,0,0,45
3,11,2,11,0,4,1,38,34,174789,9,0,0,45
0,9,2,10,0,4,1,38,45,391585,13,7688,0,50
3,9,2,12,0,1,1,39,40,320451,13,0,0,40
3,11,2,5,0,4,1,38,58,168887,9,0,0,40
3,9,2,11,0,4,1,38,55,254711,13,0,0,20
3,11,2,2,5,4,0,38,53,217201,9,0,0,45
3,8,2,10,0,4,1,38,43,288829,11,0,1902,42
1,12,4,3,1,4,0,38,44,339346,14,10520,0,60
3,9,2,0,0,4,1,38,42,38389,13,0,0,40
5,10,6,3,1,4,0,38,62,116626,16,0,0,40
1,12,2,9,5,4,0,38,46,110110,14,0,0,65
3,7,0,3,1,4,1,38,44,230478,12,0,0,60
3,8,2,6,0,4,1,38,59,105745,11,0,0,45
3,11,4,6,1,2,1,38,40,200766,9,14344,0,40
3,9,2,3,0,4,1,38,35,107164,13,0,0,50
3,9,2,3,0,4,1,38,31,206046,13,0,0,45
5,11,3,2,1,1,1,18,46,135339,9,0,0,45
4,14,2,9,0,4,1,38,53,162381,15,15024,0,45
3,15,2,9,5,4,0,38,34,195890,10,0,0,40
3,9,5,11,1,4,1,38,48,165484,13,0,0,65
0,15,2,0,0,4,1,38,40,90737,10,0,1887,40
3,9,2,11,0,4,1,38,34,379798,13,0,0,60
3,1,2,2,0,1,1,29,25,72887,7,0,0,40
6,9,2,9,0,4,1,38,56,270859,13,0,1902,48
3,12,2,3,0,4,1,38,45,125892,14,0,1977,60
7,11,2,14,5,4,0,38,58,99131,9,7298,0,40
3,15,2,0,3,4,0,38,36,218729,10,0,0,30
3,15,2,3,0,4,1,38,40,374764,10,0,0,45
3,11,2,5,0,4,1,38,59,192845,9,0,0,40
3,12,2,9,0,4,1,38,35,151835,14,99999,0,50
3,11,2,3,0,4,1,38,55,125147,9,0,0,45
3,11,2,6,0,4,1,38,52,62834,9,0,0,20
0,12,0,3,4,4,0,38,41,348059,14,0,0,40
3,11,2,12,5,4,0,38,28,108706,9,0,0,40
3,8,2,13,0,4,1,38,43,575172,11,3103,0,32
3,7,2,12,0,4,1,38,46,189123,12,7298,0,40
3,0,2,13,0,4,1,38,58,84231,6,0,0,50
3,7,2,3,0,4,1,10,51,332489,12,0,0,55
3,8,2,2,0,4,1,38,53,96062,11,0,0,40
5,9,2,9,0,4,1,38,34,136204,13,0,1902,32
7,14,2,14,5,4,0,38,32,161309,15,15024,0,50
3,9,2,3,0,4,1,38,41,192225,13,0,0,40
3,15,2,5,0,4,1,38,45,353824,10,0,0,40
3,11,2,2,0,4,1,38,30,250804,9,0,0,40
5,14,2,9,0,2,1,38,36,278553,15,15024,0,75
1,9,2,3,0,4,1,38,38,202027,13,0,0,40
3,9,2,9,2,4,1,38,37,186934,13,0,0,40
3,9,2,9,0,4,1,38,59,378585,13,0,0,44
3,15,4,11,1,4,1,38,22,185582,10,0,0,25
0,15,2,0,0,4,1,38,42,230438,10,0,1887,40
1,12,4,9,1,4,0,38,62,117292,14,8614,0,45
3,9,2,9,0,4,1,38,36,126675,13,0,0,45
3,10,2,9,0,4,1,38,45,382532,16,0,0,50
3,1,2,2,0,4,1,38,33,232356,7,0,0,45
6,15,2,10,0,4,1,38,45,30219,10,0,0,40
0,12,2,2,0,4,1,18,41,350387,14,0,0,60
5,11,2,3,0,4,1,38,31,283587,9,0,0,50
4,15,2,2,0,4,1,38,33,218164,10,7298,0,55
3,9,2,3,0,4,1,38,41,287581,13,7688,0,45
3,9,2,9,0,4,1,39,42,121352,13,0,0,80
3,8,2,3,5,4,0,38,39,92143,11,7688,0,55
1,12,2,9,0,4,1,38,46,364548,14,0,1977,42
3,8,2,12,0,4,1,38,38,59660,11,0,0,50
6,12,2,3,0,4,1,38,32,316589,14,0,0,40
3,11,2,3,0,4,1,38,41,184105,9,0,0,55
3,9,2,11,0,4,1,38,36,207853,13,15024,0,65
0,7,6,3,4,4,1,38,52,302661,12,13550,0,40
3,12,2,3,0,4,1,38,48,211239,14,0,2415,60
3,9,0,11,1,4,1,38,41,316820,13,0,0,40
3,15,2,2,0,4,1,38,21,145964,10,7298,0,60
1,12,2,3,0,4,1,38,57,212303,14,0,0,40
6,15,0,7,4,4,1,38,25,319303,10,0,2472,40
3,11,2,7,5,4,0,38,45,205816,9,0,0,40
3,11,2,6,0,4,1,26,32,80945,9,0,0,40
3,12,0,11,1,4,1,38,42,388725,14,0,0,50
4,8,2,4,0,4,1,38,53,158294,11,99999,0,75
3,12,6,3,3,4,1,38,55,322691,14,0,0,62
3,11,2,3,0,1,1,38,31,336543,9,0,0,45
3,12,4,9,1,4,1,39,34,344275,14,0,0,60
3,15,2,3,5,4,0,38,34,263150,10,0,0,45
6,12,4,3,1,4,0,38,45,86618,14,0,0,50
3,9,2,11,0,4,1,38,36,37522,13,15024,0,50
3,15,2,9,0,4,1,38,44,96321,10,0,0,40
3,11,2,13,0,4,1,38,39,176900,9,0,0,60
3,9,2,3,0,4,1,38,57,154368,13,0,0,50
4,14,6,9,4,4,1,38,49,131826,15,99999,0,50
3,9,5,9,1,4,1,38,32,49398,13,10520,0,40
0,12,2,12,5,4,0,38,61,91726,14,0,0,40
3,9,2,9,0,4,1,38,34,161153,13,0,0,40
3,8,2,3,5,4,0,38,30,234753,11,0,0,34
3,9,2,2,0,4,1,38,59,59469,13,0,0,50
3,11,2,2,0,2,1,38,56,36990,9,0,0,52
3,11,2,0,5,4,0,38,56,176079,9,15024,0,24
4,9,4,3,1,4,1,38,40,266047,13,0,0,65
4,15,2,9,0,2,1,13,39,285890,10,0,0,40
4,9,2,11,0,4,1,38,39,110861,13,0,0,50
7,9,2,14,0,4,1,38,67,165103,13,0,2174,50
3,9,2,13,0,4,1,38,43,176716,13,0,0,70
3,9,2,11,0,4,1,38,36,154410,13,0,1902,40
3,1,2,11,0,4,1,38,60,178312,7,0,1902,70
3,8,2,4,0,1,1,38,50,62593,11,0,0,40
3,15,4,3,1,4,0,38,38,179123,10,0,0,50
4,11,2,11,0,4,1,38,59,188877,9,0,0,50
3,15,2,2,0,4,1,38,43,311534,10,0,0,44
3,12,2,9,0,4,1,38,43,256813,14,0,1902,40
3,11,2,6,0,4,1,38,61,194956,9,0,0,40
6,15,2,3,0,4,1,38,52,21764,10,0,0,60
3,11,2,2,0,4,1,38,37,277347,9,0,0,40
3,15,3,11,3,1,0,38,57,104455,10,0,0,90
1,15,2,10,0,2,1,38,31,240504,10,0,1902,50
4,15,2,4,0,4,1,38,41,130126,10,0,0,60
3,9,2,3,0,4,1,38,31,103651,13,0,0,45
1,8,2,3,0,4,1,38,46,60751,11,0,0,40
3,9,2,11,0,4,1,38,35,107302,13,0,0,40
3,7,2,3,0,4,1,38,41,106501,12,7688,0,50
3,15,2,3,5,4,0,38,39,301628,10,0,0,40
3,11,2,2,0,4,1,38,59,140363,9,0,0,42
3,9,2,9,0,4,1,38,58,179715,13,0,0,47
3,15,2,3,0,4,1,38,55,204816,10,0,0,40
3,15,2,5,0,4,1,38,58,35520,10,7688,0,40
3,9,5,9,4,4,0,38,46,101320,13,0,0,42
3,15,2,3,0,4,1,38,40,210857,10,0,1902,50
3,12,2,9,0,3,1,18,63,76286,14,0,0,40
3,9,4,11,1,4,0,38,31,101562,13,0,0,50
5,15,2,4,0,4,1,38,52,27539,10,7688,0,72
3,11,2,3,0,4,1,38,40,144778,9,0,0,50
3,9,2,9,0,4,1,38,50,123374,13,0,0,50
3,9,2,3,0,4,1,38,51,172046,13,0,0,45
3,11,2,2,0,4,1,38,53,185283,9,0,0,45
3,15,0,11,1,4,0,38,74,147558,10,7262,0,30
5,12,5,9,1,4,1,38,63,124015,14,0,0,40
3,12,2,9,0,4,1,38,46,105253,14,0,1977,50
3,11,2,6,0,4,1,38,50,44942,9,0,1848,48
3,11,2,6,0,4,1,38,56,126677,9,3103,0,40
3,11,2,13,0,4,1,38,52,101113,9,0,0,66
3,12,2,9,0,4,1,38,29,183523,14,0,1977,40
3,15,2,2,0,4,1,38,32,200246,10,0,0,40
7,12,2,14,5,2,0,22,64,226878,14,9386,0,50
3,11,0,2,1,4,1,38,55,288907,9,4787,0,40
3,9,4,3,1,4,0,38,32,170276,13,0,0,46
1,12,2,9,0,4,1,38,54,68015,14,0,0,45
0,11,2,0,0,4,1,38,47,198223,9,0,0,40
3,15,2,3,0,4,1,38,70,177906,10,6514,0,40
3,12,2,11,0,4,1,38,48,548568,14,0,0,50
5,5,2,4,0,4,1,38,63,33487,4,0,0,70
4,9,2,11,0,4,1,38,48,196689,13,0,0,40
3,11,2,11,0,4,1,38,33,45796,9,0,0,40
3,15,2,3,0,4,1,38,48,77404,10,0,0,60
3,15,2,2,0,4,1,38,43,153132,10,0,0,40
5,9,2,3,0,4,1,38,42,64631,13,0,0,40
3,15,2,2,0,4,1,38,59,153484,10,0,0,40
3,11,4,2,1,4,1,38,41,63105,9,0,0,42
4,9,2,11,0,4,1,38,37,329980,13,15024,0,50
3,9,2,9,5,4,0,38,47,121622,13,0,0,40
3,9,2,9,0,4,1,38,38,126675,13,0,0,40
3,8,2,3,0,4,1,38,39,187693,11,0,0,45
3,12,0,3,1,4,0,38,56,41100,14,0,0,40
3,4,2,6,0,4,1,31,56,116878,3,0,0,40
3,8,2,9,0,4,1,38,29,199411,11,0,0,40
3,11,6,3,1,4,0,38,47,177087,9,0,2444,50
5,9,0,11,1,4,0,38,44,242434,13,27828,0,60
0,11,2,2,0,4,1,38,42,122215,9,0,0,48
3,15,2,3,0,4,1,38,44,429832,10,0,0,40
1,11,2,9,0,4,1,38,61,205711,9,0,0,30
0,11,2,0,0,4,1,38,59,101626,9,0,0,45
5,15,2,11,0,4,1,38,39,131808,10,7688,0,80
3,11,2,3,0,4,1,38,34,127651,9,0,0,45
3,15,2,9,5,4,0,38,57,222477,10,15024,0,8
3,15,2,2,0,4,1,38,30,111567,10,0,0,40
3,15,2,3,5,4,0,38,38,108293,10,0,0,45
1,11,2,5,5,4,0,38,38,94529,9,3103,0,50
1,11,2,0,0,4,1,38,52,181132,9,0,1887,40
3,11,2,3,0,4,1,38,53,175029,9,0,0,50
5,8,2,13,0,4,1,38,39,36989,11,0,0,70
6,15,2,3,5,4,0,38,37,159491,10,0,0,40
3,9,2,11,0,4,1,38,25,205337,13,0,0,50
1,12,2,0,2,4,0,38,50,306985,14,0,2415,50
3,9,2,11,0,4,1,38,36,143123,13,0,1902,40
3,9,0,3,4,4,1,38,50,260052,13,15020,0,40
1,15,2,10,0,4,1,38,53,237523,10,0,0,40
1,9,2,9,5,4,0,38,46,127441,13,0,0,40
3,9,2,11,0,4,1,38,37,426350,13,15024,0,40
4,11,6,3,1,4,1,38,66,74263,9,0,0,86
3,8,2,6,0,4,1,38,33,205950,11,0,0,40
3,11,0,2,1,4,0,38,46,158825,9,14344,0,40
4,12,2,11,0,4,1,38,64,51286,14,6418,0,65
3,12,2,12,0,1,1,38,43,72338,14,0,0,40
3,12,0,7,1,4,0,38,39,270557,14,0,0,50
5,14,4,9,3,4,1,38,37,156897,15,0,1564,55
5,15,2,4,0,4,1,38,44,360879,10,0,1902,80
3,15,2,2,0,4,1,38,38,187711,10,0,0,43
6,10,2,9,0,4,1,38,50,392668,16,0,0,40
3,11,4,4,1,4,1,39,56,68080,9,0,0,50
3,11,2,2,0,4,1,38,43,307767,9,0,0,40
6,10,3,9,1,4,1,38,77,267799,16,0,0,4
3,9,2,3,0,4,1,38,49,81535,13,0,0,75
3,15,5,13,1,2,0,38,35,240467,10,0,0,40
1,15,2,10,0,4,1,38,31,253456,10,0,0,40
6,9,2,10,0,4,1,38,40,385357,13,0,0,72
3,12,2,9,0,4,1,38,50,178946,14,0,0,50
3,9,2,9,0,4,1,38,36,106471,13,0,0,40
3,11,2,13,0,4,1,38,31,111567,9,0,1848,50
1,14,4,9,1,4,1,38,43,201764,15,0,0,40
6,10,2,9,0,4,1,38,64,184271,16,0,0,50
3,9,2,3,0,4,1,38,34,260560,13,0,0,50
4,15,2,3,0,4,1,38,40,214781,10,7298,0,65
3,12,0,3,4,4,1,38,44,101563,14,7430,0,45
3,11,2,13,0,4,1,38,54,32454,9,0,0,60
3,11,2,11,0,4,1,38,39,346478,9,0,0,40
3,9,2,9,0,4,1,38,54,99185,13,0,1977,40
3,15,2,13,0,4,1,38,58,82050,10,0,0,60
3,10,2,9,0,4,1,38,29,193152,16,0,0,45
3,11,2,11,0,4,1,38,45,160440,9,0,0,55
3,11,2,2,0,4,1,38,48,138342,9,0,1485,55
5,12,2,11,0,4,1,38,65,158177,14,10605,0,44
3,1,2,2,0,4,1,38,42,262243,7,0,0,35
4,11,2,11,0,4,1,38,49,182211,9,0,0,50
5,15,2,3,0,4,1,38,31,279015,10,0,1887,40
0,15,2,0,0,4,1,38,65,44807,10,0,0,48
7,15,2,14,5,4,0,39,28,195568,10,0,0,15
3,15,2,13,0,2,1,38,44,227466,10,0,0,40
1,15,2,9,0,2,1,38,36,404661,10,0,0,40
3,4,2,6,0,4,1,39,51,106151,3,0,0,44
3,15,0,11,1,4,0,38,51,196828,10,0,0,38
3,11,2,6,0,0,1,38,55,158651,9,0,0,40
3,8,2,9,0,4,1,38,24,196943,11,0,0,40
4,12,2,3,0,4,1,21,56,373593,14,0,1977,60
1,11,2,10,0,2,1,38,31,168740,9,0,0,40
3,14,2,9,0,4,1,38,63,75813,15,99999,0,60
3,11,2,2,0,4,1,38,41,127314,9,5178,0,40
3,9,2,9,0,4,1,38,57,375502,13,0,0,55
5,4,2,7,0,4,1,38,49,155659,3,0,0,40
1,9,2,3,0,4,1,38,45,375606,13,0,0,40
3,9,2,11,0,4,1,38,46,180532,13,0,0,50
1,12,2,9,0,4,1,38,47,377401,14,0,0,40
3,11,2,2,0,4,1,38,42,144594,9,0,0,40
3,11,2,11,0,4,1,38,44,187702,9,0,0,40
6,11,2,0,5,4,0,38,47,293917,9,0,0,40
3,11,2,11,0,4,1,38,61,160143,9,15024,0,45
6,12,2,3,0,4,1,38,54,180881,14,0,0,50
4,12,2,3,0,4,1,38,50,447144,14,0,0,40
3,11,2,2,0,4,1,38,40,190507,9,0,0,60
4,10,4,9,1,4,1,38,43,215458,16,99999,0,45
3,15,2,0,5,4,0,38,42,188331,10,15024,0,40
5,9,2,11,0,4,1,38,51,299119,13,0,0,50
0,15,2,10,0,4,1,38,29,114072,10,0,0,46
3,11,2,11,0,4,1,38,64,130525,9,0,0,40
3,11,2,13,0,4,1,38,58,71283,9,0,0,38
1,12,2,9,0,4,1,38,43,85440,14,0,0,45
3,9,2,6,0,4,1,1,40,222434,13,0,0,45
5,9,2,4,0,4,1,38,51,71046,13,0,0,60
0,15,2,0,0,1,1,38,39,72338,10,0,0,40
3,14,0,9,4,4,0,38,43,182521,15,15020,0,35
3,9,2,9,0,4,1,38,60,124198,13,4386,0,84
5,9,2,3,0,4,1,38,60,176360,13,0,0,50
3,9,2,2,0,4,1,38,41,338740,13,0,0,50
5,14,2,9,5,4,0,38,43,95246,15,0,0,5
3,12,2,3,0,4,1,38,37,112838,14,0,0,55
6,8,2,11,0,4,1,38,31,158688,11,0,0,40
6,10,2,9,0,4,1,38,50,143822,16,15024,0,40
3,8,2,3,0,4,1,38,32,103642,11,0,0,50
5,8,2,4,0,4,1,38,52,149508,11,0,0,48
3,9,2,3,0,1,1,38,38,332154,13,0,0,60
3,15,2,3,0,4,1,38,38,107164,10,0,0,55
4,14,2,9,5,4,0,38,31,183125,15,0,0,99
3,15,2,0,0,4,1,38,56,177368,10,7298,0,45
4,12,2,9,0,4,1,38,41,220821,14,0,0,70
3,9,2,5,0,4,1,38,37,280966,13,0,0,40
3,11,2,2,0,4,1,38,52,153155,9,15024,0,40
3,11,0,2,1,4,1,38,47,118729,9,0,0,40
3,12,2,11,0,4,1,38,37,186934,14,0,0,50
3,5,2,2,0,4,1,21,47,189680,4,0,0,40
3,11,2,11,5,4,0,8,41,109912,9,15024,0,50
3,1,2,6,0,4,1,38,45,163174,7,4386,0,40
3,8,2,2,0,4,1,38,57,322691,11,0,0,40
5,11,2,3,0,4,1,38,61,227119,9,0,0,40
6,10,2,9,0,4,1,38,58,21838,16,7688,0,50
4,10,2,3,0,4,1,38,50,68898,16,7688,0,60
3,11,2,11,0,4,1,38,50,194580,9,0,0,60
3,15,2,3,0,4,1,38,63,165611,10,15024,0,40
3,7,2,9,0,4,1,38,38,143909,12,0,0,40
4,9,2,3,0,4,1,38,30,204742,13,0,0,50
4,9,2,11,0,4,1,38,32,144949,13,0,0,70
5,11,2,2,0,2,1,38,46,56482,9,0,0,30
5,15,0,2,1,4,1,38,51,329980,10,0,0,8
1,9,2,9,5,4,0,38,34,169708,13,0,0,40
1,8,2,10,0,4,1,38,57,196126,11,0,0,40
4,11,2,3,0,4,1,25,33,184245,9,0,0,50
3,12,2,9,0,4,1,38,36,161141,14,0,0,50
4,15,2,3,0,4,1,38,47,209460,10,4386,0,40
3,12,2,3,0,4,1,38,50,240374,14,0,0,50
3,15,2,3,0,4,1,38,50,245356,10,0,0,50
3,8,2,11,0,4,1,5,35,300333,11,0,0,40
3,9,0,11,1,4,0,38,38,109594,13,0,0,70
3,12,2,9,0,4,1,38,64,96076,14,0,0,40
3,11,2,2,0,4,1,38,37,160192,9,0,0,40
3,12,2,3,0,4,1,38,36,31023,14,0,0,50
4,10,2,9,0,4,1,38,62,164616,16,15024,0,45
0,9,2,3,0,4,1,38,34,121093,13,0,0,53
3,9,2,11,0,1,1,38,35,95708,13,7688,0,60
3,9,2,3,0,4,1,38,54,192226,13,0,0,55
5,14,2,9,0,4,1,38,37,114719,15,15024,0,60
3,15,2,3,0,0,1,38,41,144752,10,0,0,40
3,9,2,9,0,4,1,38,30,195447,13,0,0,50
5,9,4,3,1,4,0,38,61,184009,13,0,2444,50
3,12,2,3,0,4,1,38,50,165001,14,0,0,40
4,7,2,9,0,4,1,38,50,235307,12,0,0,48
6,9,2,9,0,4,1,38,38,162424,13,0,0,40
3,7,2,3,0,4,1,38,58,100303,12,0,0,42
0,10,2,9,0,4,1,38,41,58447,16,7688,0,50
3,15,2,6,0,4,1,38,55,188382,10,0,0,48
6,9,2,9,0,4,1,38,64,143880,13,0,0,40
7,11,2,14,0,4,1,38,65,136431,9,9386,0,40
3,15,2,12,0,4,1,38,37,80303,10,0,0,40
3,9,2,9,0,4,1,38,28,300915,13,0,1902,43
5,1,2,3,5,4,0,38,48,221464,7,0,0,30
3,15,2,2,0,0,1,38,42,46019,10,5178,0,50
7,12,2,14,0,4,1,38,71,161027,14,0,0,8
3,11,2,2,0,4,1,38,42,182402,9,0,1887,50
3,11,2,2,0,4,1,38,31,112115,9,0,0,40
3,11,2,13,0,4,1,38,58,117299,9,0,0,40
3,12,2,9,0,4,1,38,44,214781,14,0,0,45
3,9,2,11,0,4,1,3,33,218407,13,0,0,80
4,11,2,11,0,4,1,38,57,146103,9,15024,0,30
3,15,2,2,0,4,1,38,38,218015,10,0,0,48
1,8,2,10,0,4,1,38,49,371886,11,0,0,56
3,12,2,0,2,4,0,38,65,282779,14,0,0,40
4,9,2,11,0,4,1,38,43,677398,13,0,0,45
0,7,2,5,0,1,1,29,47,218325,12,0,0,40
1,12,2,9,5,4,0,38,37,156261,14,0,0,50
3,8,2,2,0,4,1,38,41,304605,11,0,0,45
0,10,2,9,0,4,1,38,45,230685,16,0,0,40
3,15,2,0,5,4,0,38,56,287833,10,0,0,35
4,9,2,0,5,4,0,38,74,148003,13,0,0,6
5,2,2,3,0,4,1,38,44,205033,8,0,0,55
3,9,2,9,0,4,1,38,58,159008,13,0,1887,40
1,12,2,9,0,4,1,38,33,107417,14,0,0,40
3,8,2,2,0,4,1,38,33,236379,11,0,0,45
7,7,2,14,5,4,0,38,52,50934,12,0,0,20
3,11,2,0,5,4,0,38,46,132919,9,0,0,12
3,9,2,9,0,4,1,38,36,251091,13,0,0,60
4,15,2,3,0,4,1,38,44,144778,10,0,0,50
0,12,2,3,0,4,1,38,53,321865,14,0,0,40
3,12,2,3,0,2,1,38,44,374423,14,0,1902,40
3,12,2,11,0,4,1,38,49,213668,14,0,0,40
5,12,2,11,0,4,1,38,58,115439,14,0,0,40
3,11,4,2,1,4,1,38,32,176185,9,4787,0,40
3,9,2,9,5,4,0,38,26,211231,13,0,0,40
3,11,2,7,5,4,0,32,39,153997,9,0,1902,40
1,12,4,9,1,4,0,38,46,301124,14,0,1564,45
3,9,2,9,5,4,0,38,49,169760,13,0,0,50
5,9,2,11,0,4,1,38,62,96299,13,0,0,40
3,8,2,5,0,4,1,38,38,203836,11,0,0,48
4,11,2,2,0,4,1,38,37,154410,9,0,0,60
3,15,4,12,1,4,1,38,64,121036,10,0,0,40
3,11,2,6,0,4,1,38,28,115438,9,0,0,50
3,12,2,9,0,4,1,38,30,225243,14,0,0,47
5,10,0,11,1,4,1,38,51,43878,16,0,0,50
4,9,2,11,0,4,1,38,49,83444,13,0,0,85
3,9,2,3,5,4,0,38,38,312766,13,0,0,40
3,11,2,6,0,4,1,38,59,70857,9,0,0,40
6,12,2,9,0,4,1,38,50,53497,14,0,0,46
3,9,2,0,0,4,1,38,44,283174,13,0,0,40
3,9,2,11,0,4,1,38,42,261929,13,0,0,45
4,9,2,9,0,4,1,38,35,242080,13,7298,0,45
5,10,2,9,0,4,1,38,43,207578,16,0,0,42
1,12,2,9,5,4,0,38,34,174215,14,7688,0,35
6,9,6,12,4,4,0,38,58,185338,13,0,0,40
3,9,2,6,0,4,1,38,61,54780,13,0,0,40
4,11,2,3,0,4,1,38,51,304955,9,7688,0,50
3,9,2,3,0,4,1,38,59,318450,13,0,0,50
5,14,2,9,0,4,1,38,45,123681,15,0,0,40
3,11,2,3,0,4,1,38,54,27484,9,0,0,40
5,9,0,11,1,4,1,38,30,143078,13,0,2444,55
3,9,2,7,5,4,0,39,48,148254,13,0,1902,40
1,11,2,2,0,4,1,10,30,19302,9,4386,0,70
6,9,2,9,0,2,1,38,51,128260,13,0,0,40
1,9,4,9,1,4,0,38,43,180572,13,0,0,40
3,11,2,2,0,3,1,38,36,157184,9,0,0,40
3,12,2,3,0,4,1,38,45,252079,14,0,0,40
5,9,2,11,0,4,1,38,44,55844,13,0,0,45
3,11,2,5,0,4,1,38,53,173754,9,0,0,40
6,9,2,10,0,4,1,38,28,266855,13,0,0,50
3,15,4,11,1,4,1,38,42,169948,10,0,0,80
6,9,2,0,0,4,1,38,32,113129,13,0,0,38
4,15,2,11,0,4,1,38,67,22313,10,20051,0,40
3,2,2,3,0,4,1,38,52,104501,8,0,0,60
3,11,2,6,0,4,1,38,32,50178,9,0,0,40
3,11,2,6,0,4,1,38,36,170376,9,0,1887,40
3,9,2,2,0,4,1,38,45,253827,13,7688,0,40
3,11,2,11,0,4,1,38,34,111985,9,0,0,50
7,9,2,14,0,2,1,38,45,256649,13,0,0,45
3,10,2,9,0,4,1,38,50,180195,16,99999,0,50
1,11,2,2,0,4,1,38,55,30636,9,4386,0,40
0,15,2,0,0,4,1,38,46,260549,10,0,0,80
0,9,2,9,0,4,1,38,43,190020,13,0,0,40
3,9,2,9,0,4,1,38,33,203488,13,15024,0,50
3,15,2,13,0,4,1,39,37,474568,10,0,0,45
3,11,2,9,0,4,1,39,48,352614,9,7688,0,40
3,9,2,11,0,4,1,38,34,301251,13,0,0,50
3,8,4,9,1,4,0,38,37,112512,11,0,0,48
3,11,0,12,1,4,1,25,42,244668,9,8614,0,40
3,10,2,9,0,4,1,38,45,240629,16,0,0,40
1,12,0,9,4,2,0,38,54,105788,14,0,0,37
3,12,2,3,0,4,1,38,51,88856,14,0,2415,40
3,11,2,3,0,4,1,38,41,193882,9,15024,0,65
6,15,2,0,5,4,0,38,57,222792,10,0,0,40
3,11,6,0,1,4,1,38,74,172787,9,0,2282,35
1,9,2,9,0,4,1,38,41,120277,13,0,0,35
1,11,2,7,5,1,0,39,52,181578,9,0,0,40
3,9,2,3,5,1,0,38,56,329654,13,7688,0,50
0,12,0,3,1,4,0,38,57,47534,14,0,0,60
4,14,2,9,0,1,1,18,41,56019,15,99999,0,50
3,12,4,3,1,4,1,38,39,102976,14,0,0,50
3,12,2,9,0,4,1,38,55,70439,14,0,0,25
0,15,2,3,0,1,1,38,39,72887,10,0,0,40
3,8,2,2,0,0,1,38,42,144056,11,0,0,40
5,14,2,9,0,4,1,38,37,98941,15,7688,0,50
3,12,4,3,1,4,0,38,35,80680,14,0,0,45
3,9,2,9,0,4,1,39,37,151835,13,0,0,40
3,8,2,12,0,4,1,38,35,223749,11,7298,0,48
5,14,2,9,0,4,1,38,42,34161,15,0,0,40
3,12,2,3,0,4,1,38,50,83311,14,0,0,40
3,11,2,11,0,4,1,38,51,184529,9,0,1977,50
3,9,2,0,0,1,1,38,38,186376,13,0,0,42
0,14,2,9,0,1,1,29,60,38749,15,99999,0,60
3,15,2,11,0,4,1,38,74,148867,10,6418,0,24
3,15,2,3,0,4,1,38,39,172186,10,0,0,40
4,11,2,11,0,4,1,38,31,243165,9,0,0,50
3,11,2,2,0,4,1,38,36,115803,9,0,0,40
3,9,2,0,0,4,1,38,43,183342,13,0,0,40
6,15,2,2,0,4,1,38,55,136819,10,0,0,43
5,15,4,9,1,4,0,38,67,176388,10,0,0,50
1,15,2,0,5,4,0,38,42,198028,10,0,0,40
3,15,2,5,0,1,1,29,63,65740,10,0,0,40
3,15,2,11,0,4,1,4,52,279543,10,0,0,60
3,15,4,9,1,4,0,38,66,80621,10,0,0,40
6,15,6,3,1,2,1,38,74,193602,10,15831,0,40
5,11,2,2,0,4,1,18,52,98642,9,0,0,50
3,12,5,3,1,4,1,38,44,765214,14,0,2559,40
4,15,2,3,0,4,1,38,42,201495,10,0,0,40
3,9,2,9,5,4,0,38,35,165215,13,0,0,15
1,9,2,3,0,1,1,18,39,123983,13,0,0,40
3,9,2,12,0,4,1,38,35,269323,13,0,1887,40
3,14,6,9,1,4,0,38,64,101077,15,0,2444,40
4,9,0,3,4,2,1,38,34,337995,13,15020,0,50
3,7,2,2,0,4,1,38,64,207658,12,0,0,40
4,9,2,3,0,4,1,38,40,253060,13,0,0,55
3,11,2,6,0,4,1,38,36,76878,9,5178,0,40
3,11,2,2,0,4,1,38,42,205195,9,0,0,40
3,9,0,3,1,4,0,38,48,162236,13,0,0,50
3,7,2,11,0,4,1,38,40,122215,12,0,0,40
5,14,2,9,0,4,1,38,35,313132,15,0,0,40
5,15,2,2,0,4,1,38,35,103323,10,0,0,40
3,11,2,3,0,4,1,38,47,187308,9,0,0,55
3,15,2,9,0,4,1,38,43,150519,10,0,0,40
1,15,2,3,0,0,1,38,39,32587,10,0,1485,40
3,10,0,3,1,4,0,8,39,181983,16,0,2559,60
3,11,2,2,0,4,1,38,65,113293,9,0,0,50
1,9,4,9,1,4,0,38,61,224711,13,0,0,63
3,9,2,9,0,4,1,38,39,176967,13,0,0,40
3,9,2,3,5,4,0,38,31,43819,13,0,0,40
3,9,2,3,0,4,1,38,53,173020,13,0,0,60
3,11,2,0,0,4,1,38,42,199018,9,0,0,55
4,7,2,9,0,4,1,38,41,64112,12,15024,0,50
4,9,2,3,0,4,1,38,42,325159,13,0,0,50
3,15,2,3,0,4,1,38,56,192845,10,0,1887,40
5,11,2,11,0,4,1,38,54,72257,9,0,0,50
3,7,2,11,0,4,1,38,34,113129,12,0,0,38
0,9,2,0,0,4,1,38,48,34998,13,0,0,48
6,12,4,9,1,4,0,38,53,41021,14,0,0,46
3,5,2,2,0,4,1,38,42,152889,4,4386,0,50
6,9,0,0,1,4,1,38,55,100285,13,10520,0,40
5,9,2,9,5,4,0,38,35,99357,13,0,0,40
3,15,2,13,0,4,1,38,32,231263,10,0,0,60
3,11,2,13,0,4,1,38,39,141748,9,0,1887,40
3,15,2,2,5,4,0,38,46,122194,10,7298,0,40
4,10,0,3,1,4,1,38,53,200400,16,0,0,60
3,9,2,9,0,4,1,38,29,166320,13,0,0,50
3,9,2,11,0,4,1,38,29,173944,13,0,0,40
3,15,0,2,3,4,0,38,39,192251,10,0,0,50
4,14,2,9,0,4,1,38,53,368014,15,0,1977,60
7,12,2,14,0,4,1,38,50,28765,14,0,0,40
3,12,2,0,0,4,1,38,35,141584,14,0,0,45
0,12,2,3,0,4,1,38,38,143123,14,0,0,40
6,15,2,9,5,4,0,38,32,110171,10,0,1902,40
4,9,2,4,5,4,0,38,43,342510,13,0,0,60
3,14,2,3,0,4,1,38,50,410114,15,15024,0,50
3,10,2,3,0,4,1,38,56,67153,16,0,0,60
4,14,2,9,0,4,1,38,48,106232,15,99999,0,48
5,7,2,2,0,4,1,38,41,37618,12,0,0,60
3,9,2,3,0,4,1,38,41,240124,13,0,0,50
5,15,2,2,0,0,1,38,39,34066,10,0,0,50
3,15,2,11,0,4,1,38,35,53553,10,7298,0,48
3,2,0,13,4,2,1,38,58,219504,8,0,0,45
3,9,2,2,0,4,1,38,48,113211,13,99999,0,40
3,11,2,9,0,4,1,38,45,256866,9,0,0,45
3,15,4,3,1,4,0,38,31,118941,10,0,0,40
3,15,2,3,5,4,0,38,39,56962,10,0,0,43
3,7,2,11,0,4,1,38,49,61885,12,0,0,45
3,11,2,11,0,4,1,38,51,143822,9,0,0,50
3,9,2,11,0,4,1,38,34,617917,13,0,1887,40
3,15,2,11,0,2,1,38,46,151107,10,0,1977,60
3,11,2,11,0,4,1,38,27,79661,9,4386,0,40
5,4,2,4,0,4,1,38,44,255543,3,0,0,84
6,10,3,9,1,4,1,38,51,367209,16,0,0,70
3,9,2,11,0,4,1,38,37,226500,13,0,0,55
3,11,2,11,0,4,1,38,56,292710,9,0,0,40
4,9,2,9,0,4,1,38,40,189941,13,3103,0,60
3,9,2,11,0,4,1,38,40,94210,13,0,0,50
3,9,4,9,1,4,1,38,44,344060,13,27828,0,40
7,9,2,14,0,4,1,38,64,228140,13,0,0,40
5,15,2,9,0,4,1,38,31,134615,10,0,0,50
3,15,2,3,5,4,0,38,47,105495,10,0,0,50
3,9,2,11,0,4,1,38,37,184456,13,0,0,40
1,12,2,9,0,4,1,38,44,54651,14,0,0,40
3,11,2,11,0,4,1,38,52,163776,9,0,1902,60
3,9,2,9,0,4,1,38,45,37718,13,0,0,40
6,9,2,3,0,4,1,38,59,115439,13,0,1977,40
3,7,2,3,0,4,1,38,35,97554,12,0,0,50
3,9,2,9,0,4,1,38,43,109762,13,0,0,20
3,9,2,3,0,4,1,39,40,52849,13,0,0,50
3,11,2,2,0,4,1,38,51,277471,9,0,0,40
4,12,0,3,1,2,1,38,39,170502,14,0,0,70
3,11,2,3,0,4,1,38,49,93557,9,0,0,48
3,11,2,2,0,4,1,38,51,171924,9,7688,0,50
3,11,2,2,0,4,1,38,45,139571,9,0,0,50
1,11,2,10,0,1,1,38,27,68729,9,0,0,40
3,9,2,0,0,1,1,29,46,141221,13,0,0,40
6,12,0,3,1,4,0,38,38,187119,14,0,0,50
7,9,2,14,0,4,1,38,55,229029,13,5178,0,20
3,5,2,13,0,4,1,38,60,80927,4,0,0,50
3,15,2,2,0,4,1,38,49,27802,10,0,1887,40
3,9,2,3,0,4,1,38,51,197600,13,0,0,50
3,15,2,2,0,4,1,38,50,134247,10,0,0,50
3,9,0,11,1,4,0,38,71,148003,13,0,1911,38
3,8,4,12,1,4,1,38,36,177154,11,0,0,40
3,9,2,3,0,4,1,38,49,219611,13,0,0,75
3,15,2,11,0,4,1,38,53,177063,10,0,0,45
5,12,2,11,0,4,1,38,47,52291,14,7688,0,45
3,11,5,10,1,4,1,38,30,247328,9,0,0,40
5,14,2,9,0,4,1,38,63,388594,15,15024,0,50
3,14,2,9,0,4,1,3,61,284710,15,0,1902,45
3,11,2,2,0,4,1,38,47,33794,9,0,0,56
4,14,2,9,0,4,1,38,64,182158,15,99999,0,60
3,9,2,3,0,4,1,38,28,101618,13,0,0,42
4,11,2,11,0,4,1,38,46,132576,9,0,1887,45
4,11,0,3,4,4,1,38,55,147098,9,0,2444,60
3,11,6,3,1,4,1,38,58,158864,9,0,0,55
3,0,2,13,0,4,1,38,49,107373,6,0,0,99
4,9,2,11,0,4,1,11,44,63503,13,0,0,60
3,9,2,9,0,4,1,38,60,194589,13,7688,0,40
3,12,2,3,0,4,1,38,55,201232,14,0,0,55
3,9,2,11,0,4,1,38,34,100882,13,0,0,47
6,9,2,10,0,4,1,38,52,108836,13,0,0,48
1,10,2,9,0,4,1,1,48,204629,16,15024,0,45
3,15,0,2,4,4,1,38,47,209057,10,0,0,40
0,15,2,1,0,4,1,38,30,243233,10,0,0,48
3,11,2,7,5,2,0,38,44,204314,9,0,0,38
3,9,2,3,5,4,0,38,42,311920,13,0,1485,17
4,9,2,3,0,2,1,38,45,363298,13,0,0,45
3,12,2,3,0,4,1,38,40,146906,14,0,0,50
3,15,2,3,0,4,1,38,40,339814,10,0,0,40
3,9,2,3,0,4,1,38,60,169408,13,7298,0,40
5,12,4,3,1,4,1,38,51,195634,14,10520,0,20
3,11,2,0,5,4,0,38,39,141029,9,0,0,40
3,15,2,2,0,4,1,38,48,203576,10,0,0,40
3,9,2,9,0,4,1,38,40,222596,13,0,0,60
4,11,2,3,0,4,1,38,75,126225,9,0,0,40
1,9,2,3,0,4,1,38,40,174395,13,0,0,60
1,15,2,0,0,4,1,38,33,352277,10,3103,0,45
3,9,4,11,1,4,1,38,38,29874,13,0,0,48
3,11,2,2,0,4,1,38,34,260560,9,0,0,55
4,2,2,0,0,4,1,38,27,217848,8,0,0,40
6,15,2,3,0,4,1,38,59,109567,10,0,0,40
3,9,2,3,0,4,1,38,41,154374,13,0,1887,50
3,9,2,3,0,4,1,38,32,195447,13,0,0,55
3,9,2,2,0,4,1,38,39,145933,13,15024,0,55
3,15,2,2,0,4,1,38,42,111895,10,0,1887,40
3,12,2,3,0,4,1,38,37,168941,14,0,0,55
3,11,2,2,0,4,1,38,46,186172,9,0,0,50
3,15,0,2,4,4,1,38,40,34178,10,0,0,40
3,9,2,12,0,4,1,38,44,103759,13,0,0,40
6,9,4,9,1,4,0,38,34,137900,13,0,0,48
3,11,2,2,0,4,1,38,28,134890,9,0,0,40
3,11,2,2,0,2,1,38,33,183887,9,0,1902,46
3,7,2,9,5,4,0,38,34,113211,12,0,0,45
4,9,2,3,0,4,1,38,41,60414,13,0,0,99
7,11,2,14,0,4,1,38,43,96321,9,0,0,40
3,15,2,11,5,4,0,38,35,187625,10,0,0,40
3,9,2,9,0,2,1,38,47,153883,13,7688,0,45
1,12,0,9,4,4,0,38,49,331650,14,9562,0,32
4,12,2,11,0,4,1,38,50,171338,14,15024,0,40
5,14,2,9,0,4,1,38,47,178319,15,0,1902,42
3,11,2,13,0,4,1,38,47,459189,9,0,0,40
3,11,2,5,0,2,1,38,52,87858,9,0,0,40
5,15,2,2,0,4,1,38,39,169542,10,5178,0,40
3,9,2,3,0,4,1,8,47,363418,13,0,0,45
3,9,2,3,0,4,1,38,40,191814,13,0,1902,40
1,12,2,10,0,4,1,38,42,150533,14,7688,0,35
3,15,2,6,0,4,1,38,28,115677,10,0,1902,40
0,11,2,13,0,4,1,38,53,141340,9,0,0,40
5,15,2,11,0,4,1,38,51,181139,10,0,0,40
3,9,2,9,0,4,1,38,34,87218,13,0,0,45
3,12,2,9,0,4,1,38,56,257555,14,0,0,40
5,11,0,3,1,4,0,38,50,203004,9,99999,0,60
3,12,2,9,0,2,1,38,54,141707,14,0,0,40
3,9,2,4,0,4,1,38,59,35723,13,99999,0,40
3,6,2,4,0,4,1,38,52,163948,5,0,0,60
3,11,2,10,5,4,0,38,39,100032,9,0,0,15
3,12,2,3,0,4,1,38,57,337001,14,0,0,45
1,15,2,0,5,0,0,38,31,85057,10,0,0,40
4,10,2,9,0,4,1,38,49,211020,16,15024,0,50
5,14,2,9,0,4,1,38,45,87490,15,0,1977,50
1,14,2,3,0,4,1,38,40,241851,15,0,0,50
3,15,2,3,0,2,1,38,43,162887,10,0,0,40
3,11,2,11,0,4,1,38,31,103596,9,0,0,55
4,11,2,3,0,1,1,34,41,153078,9,0,1887,70
3,9,2,11,0,4,1,38,52,89041,13,0,0,40
3,11,2,0,0,4,1,38,38,20308,9,0,0,40
3,9,4,11,3,4,1,38,25,133373,13,0,0,40
5,14,2,3,0,4,1,38,65,111916,15,0,0,10
3,12,4,9,1,4,1,38,39,276559,14,0,2444,45
5,15,4,2,1,4,1,38,32,24529,10,0,0,50
3,15,2,0,0,4,1,38,28,160510,10,0,0,50
6,14,2,9,0,4,1,38,54,276005,15,0,0,40
4,15,2,11,5,4,0,38,36,192251,10,0,1902,15
3,9,2,11,0,1,1,35,53,175220,13,7688,0,48
3,15,2,0,5,4,0,38,30,157911,10,0,0,40
5,12,2,9,5,4,0,38,30,96480,14,0,0,60
3,11,2,5,0,4,1,38,35,185084,9,0,0,48
5,7,2,2,0,4,1,38,39,185366,12,0,0,35
3,12,4,9,1,4,1,38,43,208045,14,0,0,40
3,11,2,11,0,4,1,38,43,128578,9,7688,0,60
3,11,2,11,0,4,1,1,54,171924,9,0,0,50
3,11,2,2,0,4,1,38,29,306420,9,0,0,45
3,9,2,9,5,4,0,38,30,181372,13,0,0,40
1,12,2,3,0,4,1,38,37,105803,14,0,0,40
3,15,2,0,0,2,1,38,42,308770,10,0,0,40
3,15,2,12,5,4,0,38,38,233571,10,0,1902,40
3,9,2,9,0,4,1,38,26,31558,13,0,0,90
5,15,2,11,0,4,1,38,69,505365,10,6514,0,45
4,0,2,4,0,4,1,38,51,77392,6,0,0,60
3,11,2,3,0,4,1,8,51,326005,9,0,0,40
3,12,0,9,1,4,1,4,72,108038,14,0,0,60
1,8,2,10,0,4,1,38,39,282461,11,0,0,40
3,11,2,2,0,4,1,38,36,184659,9,7298,0,40
3,15,2,2,0,4,1,38,37,118358,10,0,0,40
3,11,2,5,0,4,1,38,47,167159,9,0,0,40
3,9,2,3,5,4,0,38,49,116641,13,15024,0,35
1,15,2,3,0,0,1,38,50,120521,10,0,0,50
3,9,0,11,4,4,1,38,38,289653,13,0,0,45
5,14,2,9,0,4,1,38,45,244813,15,0,0,38
3,9,2,9,5,4,0,38,34,128016,13,99999,0,40
3,11,0,9,1,4,1,38,44,346081,9,0,0,40
3,9,2,9,0,1,1,38,48,344381,13,0,0,42
3,8,2,2,0,4,1,38,32,149787,11,0,0,50
4,15,2,0,5,4,0,38,39,31709,10,0,0,20
4,12,2,12,0,4,1,38,36,132879,14,0,1887,40
5,15,4,3,3,4,1,38,35,134498,10,0,0,45
3,12,2,3,0,4,1,38,33,252646,14,0,0,55
4,11,2,3,0,4,1,38,50,249644,9,0,0,50
5,14,2,9,0,4,1,38,59,198145,15,0,0,35
3,10,2,9,0,4,1,38,61,200427,16,0,0,40
5,9,2,2,0,1,1,39,44,85019,13,0,0,40
3,11,2,3,0,4,1,38,45,102771,9,0,0,40
5,12,2,3,0,4,1,38,62,215789,14,0,1977,50
1,11,4,3,1,4,0,38,63,199275,9,8614,0,38
3,11,2,0,0,4,1,38,57,113090,9,0,0,40
3,12,4,3,1,4,1,38,31,49469,14,0,0,55
3,11,2,3,0,4,1,38,33,76107,9,4386,0,60
4,14,2,9,0,4,1,38,59,36085,15,15024,0,60
3,11,2,2,0,4,1,38,32,220333,9,7298,0,46
4,11,2,3,0,4,1,38,56,220896,9,0,0,40
3,14,0,9,1,4,1,38,42,34218,15,99999,0,80
1,11,2,10,0,2,1,38,39,455399,9,15024,0,40
4,9,2,11,0,4,1,38,37,198841,13,0,0,50
3,9,2,12,0,4,1,38,43,223881,13,7298,0,40
4,9,2,11,0,4,1,38,61,190610,13,0,0,45
3,9,2,11,0,4,1,38,59,254593,13,0,0,55
3,15,2,6,0,4,1,38,33,159187,10,0,0,54
6,11,2,7,0,4,1,38,51,200450,9,0,0,40
1,11,2,10,0,4,1,38,38,140854,9,0,0,40
3,11,2,0,5,4,0,38,52,242517,9,7688,0,40
5,11,2,11,0,4,1,38,47,294671,9,0,0,55
5,0,4,3,1,4,1,38,26,195636,6,0,0,75
3,9,2,3,0,4,1,38,45,165822,13,0,0,50
3,7,2,9,0,4,1,38,48,323798,12,0,1902,38
3,15,2,3,5,4,0,38,51,194097,10,0,0,30
3,15,2,7,3,4,0,38,28,181291,10,7688,0,40
1,9,2,9,0,4,1,38,46,93557,13,3103,0,50
3,15,2,3,0,4,1,38,39,107991,10,0,0,45
3,7,2,9,5,4,0,38,51,63081,12,0,0,40
1,12,2,9,0,4,1,38,56,291529,14,0,0,50
3,11,2,11,0,4,1,38,38,178322,9,0,0,70
3,11,2,3,0,4,1,38,27,138269,9,0,0,45
3,15,2,13,0,4,1,38,43,437318,10,0,0,40
5,11,2,2,0,4,1,38,50,91103,9,0,0,51
6,15,2,9,0,4,1,38,57,388225,10,0,0,40
0,15,2,3,0,4,1,38,51,68898,10,0,0,40
3,9,2,11,0,1,1,23,49,213897,13,0,0,50
3,11,2,9,0,4,1,38,40,230684,9,0,0,40
6,9,2,0,5,4,0,38,36,256992,13,0,0,40
3,15,2,11,0,4,1,38,45,201080,10,0,0,60
3,10,2,9,0,4,1,38,46,344415,16,0,0,40
3,15,4,3,1,4,0,38,25,109419,10,8614,0,45
3,9,2,3,5,4,0,38,27,135296,13,0,0,40
4,15,2,3,0,4,1,38,48,341762,10,0,0,50
4,9,2,4,0,4,1,38,44,79521,13,15024,0,55
3,9,4,0,1,4,1,38,38,139364,13,0,0,40
3,9,2,3,0,4,1,38,41,116391,13,0,0,40
3,15,2,2,0,4,1,38,42,449578,10,0,0,48
6,9,2,0,0,4,1,38,45,149640,13,0,0,38
6,12,2,9,0,1,1,29,59,200732,14,0,0,50
3,9,2,9,0,4,1,38,36,49657,13,0,0,50
7,15,2,14,0,4,1,38,65,486436,10,0,0,45
3,9,2,11,0,1,1,36,53,190319,13,0,1485,40
4,8,2,3,0,4,1,38,55,275236,11,0,0,48
5,10,4,9,1,4,1,38,42,344624,16,0,0,99
3,9,2,3,0,4,1,38,30,387521,13,7298,0,40
3,2,4,7,3,2,1,38,20,325033,8,0,0,35
1,12,2,9,0,4,1,38,32,226296,14,0,0,50
3,15,2,12,0,1,1,18,39,79586,10,0,0,35
4,9,2,3,0,4,1,38,45,192835,13,0,0,45
3,10,0,12,4,4,1,38,49,132476,16,7430,0,40
3,11,2,13,0,4,1,38,51,173754,9,0,0,40
3,9,4,11,2,4,0,38,48,198000,13,0,0,38
3,7,2,3,0,4,1,38,61,362068,12,0,0,50
5,14,2,9,0,4,1,38,49,102308,15,15024,0,35
4,5,2,3,0,4,1,11,57,199067,4,0,0,90
3,15,2,11,0,4,1,38,47,205100,10,0,0,45
4,7,4,3,1,4,1,38,43,147206,12,27828,0,45
1,12,4,9,1,4,1,38,52,182856,14,10520,0,45
0,9,2,3,5,1,0,38,32,86150,13,0,1977,40
5,5,2,4,0,4,1,38,71,30661,4,6514,0,40
1,11,5,7,4,4,1,38,30,38268,9,0,0,40
4,11,2,3,0,4,1,38,39,172538,9,0,0,60
3,11,2,0,5,4,0,38,42,202872,9,0,0,36
3,9,2,0,0,4,1,38,31,373903,13,0,0,40
3,15,2,6,0,4,1,38,46,188325,10,0,0,50
0,12,4,3,1,4,0,38,37,254202,14,27828,0,50
3,10,0,3,4,4,1,38,49,330535,16,0,0,40
3,12,4,3,1,4,0,38,38,202937,14,0,0,40
0,12,2,3,0,4,1,38,43,269733,14,0,0,40
4,11,2,3,0,4,1,11,48,275100,9,0,0,70
3,15,2,12,0,4,1,38,44,127482,10,7688,0,40
1,10,2,3,0,4,1,38,50,68898,16,0,0,55
3,12,2,9,0,4,1,38,48,250648,14,0,0,35
3,15,2,6,0,4,1,38,49,131918,10,0,0,50
5,15,2,2,0,4,1,38,40,151504,10,0,0,60
3,12,4,3,1,4,1,38,50,237258,14,27828,0,48
0,15,2,0,0,4,1,32,36,253627,10,0,0,40
1,9,2,9,0,2,1,38,46,195418,13,0,0,40
3,11,2,13,0,4,1,38,46,273796,9,0,0,65
6,14,2,9,0,4,1,38,37,373699,15,0,0,60
4,12,2,11,0,4,1,38,28,167737,14,5178,0,40
3,15,2,3,0,4,1,38,42,806552,10,0,0,50
5,14,2,9,0,4,1,38,45,70754,15,7298,0,60
6,11,2,10,0,4,1,38,34,117186,9,0,0,40
3,12,2,3,0,4,1,38,49,239625,14,0,0,40
3,9,4,12,1,4,0,1,49,101320,13,0,1564,40
4,9,2,3,0,4,1,38,57,105582,13,0,2415,40
3,9,0,3,1,4,1,38,40,121718,13,0,0,55
1,15,2,10,0,2,1,38,41,193553,10,0,0,64
5,11,2,2,0,4,1,41,53,146325,9,0,0,40
3,9,2,3,0,4,1,38,58,478354,13,99999,0,50
3,8,2,6,0,4,1,38,30,209768,11,0,0,40
4,15,2,3,0,4,1,38,33,287372,10,0,0,50
3,11,2,13,0,4,1,38,51,91506,9,7688,0,40
3,9,2,9,0,4,1,38,33,264554,13,0,0,45
3,9,4,0,1,4,0,38,38,99065,13,0,0,50
3,9,2,9,0,4,1,38,30,201122,13,0,0,40
1,10,0,9,1,4,0,38,37,184112,16,0,0,40
3,15,2,0,5,4,0,38,51,207246,10,0,1902,40
5,14,2,9,0,4,1,38,47,181405,15,15024,0,40
3,9,2,3,0,4,1,38,41,344624,13,7688,0,50
1,7,2,10,0,4,1,38,48,186172,12,0,0,40
3,8,0,2,1,4,1,4,53,249347,11,0,0,40
3,11,0,3,1,4,0,38,41,344519,9,13550,0,60
0,15,2,0,0,4,1,38,52,197189,10,0,0,44
3,9,2,0,0,4,1,38,40,171589,13,0,0,40
3,15,2,7,0,4,1,38,60,203985,10,0,0,40
3,15,2,11,5,4,0,38,44,211351,10,4386,0,40
3,7,2,12,0,4,1,38,53,168723,12,0,0,40
6,10,2,9,0,1,1,18,47,29023,16,0,0,40
7,15,2,14,0,4,1,38,38,245372,10,0,0,75
0,7,2,0,0,4,1,38,47,114222,12,0,0,55
3,11,2,9,0,4,1,38,32,182323,9,7688,0,40
3,9,4,11,3,4,1,38,32,181091,13,13550,0,35
3,11,0,0,1,4,0,38,32,210926,9,0,0,38
5,14,4,9,1,4,1,38,37,255503,15,0,0,55
3,15,2,11,0,4,1,38,39,116546,10,0,0,50
5,11,2,13,0,4,1,38,66,34218,9,0,0,50
7,9,2,14,0,3,1,38,61,451327,13,0,0,24
3,9,2,9,0,4,1,38,39,103734,13,0,0,43
4,12,2,11,0,4,1,38,47,123075,14,0,0,50
3,11,5,0,1,4,0,38,55,256796,9,0,0,40
4,10,2,9,0,4,1,38,62,191520,16,99999,0,80
1,15,2,5,0,4,1,38,34,260782,10,0,0,52
5,9,2,3,0,4,1,38,50,118058,13,15024,0,55
6,15,4,10,1,3,0,38,23,89285,10,99999,0,40
3,12,2,11,0,4,1,38,40,99679,14,3103,0,43
3,12,2,3,0,4,1,38,34,127651,14,0,0,55
1,12,2,9,0,4,1,38,50,50048,14,0,0,52
3,10,2,9,0,4,1,38,62,190491,16,15024,0,45
6,12,2,3,0,4,1,38,57,132145,14,7298,0,45
3,12,2,3,0,1,1,35,34,126853,14,0,0,40
5,11,0,3,4,4,0,38,34,196512,9,0,2472,35
3,9,2,11,0,4,1,38,65,266828,13,0,0,24
3,9,2,2,0,4,1,38,46,188950,13,0,0,50
3,10,3,9,1,3,1,8,35,226528,16,0,0,60
3,9,2,3,0,4,1,38,49,447554,13,7688,0,40
3,9,2,9,0,4,1,38,30,198265,13,0,0,40
3,9,4,12,1,4,0,38,40,170482,13,14344,0,45
3,11,2,2,0,4,1,38,29,309778,9,7298,0,40
3,11,2,2,0,4,1,38,28,289991,9,0,0,40
0,15,2,0,0,4,1,38,41,255543,10,0,0,40
3,11,2,11,0,4,1,38,29,337953,9,0,0,40
3,15,2,3,0,4,1,38,30,455995,10,0,0,50
3,15,2,2,0,4,1,38,47,285335,10,0,0,50
5,12,2,9,5,4,0,39,51,194259,14,15024,0,55
3,15,2,2,0,4,1,38,49,182862,10,7688,0,40
4,11,2,2,0,4,1,38,47,154174,9,0,0,60
0,11,2,0,0,4,1,38,38,122240,9,0,0,55
3,9,2,11,0,4,1,38,56,94345,13,0,0,40
3,15,2,3,0,4,1,38,60,164599,10,7298,0,40
3,7,2,3,0,4,1,38,31,127651,12,0,1902,38
1,12,2,3,0,4,1,38,37,188612,14,0,0,50
3,15,2,0,5,4,0,38,27,104017,10,0,1902,30
1,12,2,9,5,4,0,38,44,117012,14,0,1887,40
5,11,2,4,0,4,1,38,51,61127,9,0,0,50
4,12,2,3,0,4,1,38,50,288630,14,0,0,50
3,9,0,9,1,4,1,38,36,305379,13,0,0,50
3,9,2,0,5,4,0,38,33,323985,13,0,0,5
1,11,2,6,0,4,1,38,50,282701,9,4386,0,48
3,15,2,13,0,4,1,38,38,314007,10,5178,0,40
3,12,2,3,0,4,1,38,47,380922,14,15024,0,50
1,12,2,3,0,4,1,38,53,222381,14,0,0,40
3,15,2,0,0,4,1,38,38,98776,10,0,0,40
3,9,2,4,0,4,1,38,41,163847,13,0,0,45
5,10,2,9,0,4,1,38,38,203988,16,99999,0,55
3,15,2,9,0,1,1,38,54,111130,10,0,0,50
3,15,2,2,0,4,1,38,45,149388,10,0,0,48
6,10,2,9,5,4,0,38,44,342510,16,7688,0,40
5,7,2,11,0,4,1,38,45,244194,12,5178,0,40
0,15,2,3,0,4,1,38,53,276868,10,0,0,40
3,15,2,2,0,4,1,38,32,108247,10,3103,0,40
1,12,2,9,0,4,1,38,46,247053,14,0,0,40
3,15,2,0,5,4,0,38,29,157950,10,0,0,40
5,12,2,3,0,4,1,38,42,296594,14,0,0,50
0,11,2,0,0,4,1,38,43,53956,9,0,0,55
4,9,2,3,5,1,0,39,38,71009,13,7298,0,40
3,9,2,11,0,4,1,38,48,205100,13,99999,0,80
3,12,2,3,0,4,1,38,29,130010,14,0,0,40
3,9,2,0,5,4,0,38,46,120080,13,0,0,40
3,7,2,3,0,4,1,38,46,266860,12,0,0,60
3,9,4,3,1,4,0,38,35,354520,13,0,0,50
3,9,2,3,0,4,1,38,52,123989,13,0,0,40
6,9,4,0,3,1,0,38,28,73928,13,0,0,40
3,11,2,3,0,4,1,38,31,33731,9,7688,0,40
3,11,2,2,0,4,1,38,41,557349,9,0,0,40
3,12,2,9,0,2,1,38,40,219164,14,5178,0,40
3,8,2,12,0,4,1,38,42,32016,11,7298,0,40
3,11,2,5,0,4,1,38,35,89040,9,0,0,40
3,11,2,6,0,4,1,38,43,230684,9,0,0,40
0,7,2,10,0,4,1,38,45,169711,12,15024,0,72
3,9,2,11,0,4,1,38,61,213700,13,0,0,32
1,12,2,9,5,2,0,38,47,169324,14,4386,0,35
3,9,2,9,0,4,1,38,32,262092,13,7298,0,50
3,9,2,9,5,4,0,38,43,147099,13,0,0,30
3,10,2,9,0,4,1,38,55,138594,16,0,0,56
3,5,2,4,0,4,1,38,25,350850,4,0,0,50
3,11,2,0,0,4,1,38,49,175109,9,5178,0,40
3,9,2,11,0,4,1,38,47,246891,13,15024,0,45
3,9,4,3,1,3,0,18,30,164802,13,8614,0,40
3,15,0,6,1,4,1,38,48,149337,10,0,0,40
3,12,2,3,0,4,1,38,40,352971,14,0,0,60
7,12,2,14,5,4,0,38,55,421228,14,0,0,40
3,8,2,0,0,4,1,38,53,31909,11,0,0,45
3,9,2,6,0,4,1,38,29,37359,13,7298,0,40
3,9,2,11,0,4,1,38,47,162187,13,0,0,45
4,15,4,3,1,4,0,38,30,191571,10,0,0,40
3,6,2,3,0,4,1,38,59,33725,5,0,0,40
3,9,2,3,0,4,1,38,58,282023,13,0,0,50
3,11,2,2,0,4,1,38,33,98168,9,0,0,30
3,7,4,12,1,4,1,38,42,416506,12,14084,0,36
0,9,2,3,0,3,1,28,47,655066,13,0,0,40
1,9,4,9,4,4,1,38,49,40690,13,0,0,60
0,15,2,0,0,4,1,38,47,176917,10,0,0,48
3,15,2,6,0,4,1,38,28,202182,10,0,0,40
3,11,4,7,1,4,1,32,34,163581,9,10520,0,40
4,14,2,9,0,4,1,38,52,29887,15,0,0,60
4,11,2,2,0,4,1,38,57,208018,9,0,0,40
3,11,2,2,0,4,1,38,36,104772,9,0,0,40
3,11,2,2,0,4,1,38,61,161472,9,0,0,40
3,9,2,3,0,4,1,38,51,122533,13,0,0,40
6,10,6,9,1,2,1,38,64,417543,16,8614,0,50
3,15,2,9,0,4,1,38,56,253854,10,0,0,40
3,11,2,13,0,4,1,38,37,319831,9,0,0,55
3,12,2,3,0,4,1,38,64,188659,14,0,0,20
3,14,2,9,0,4,1,38,34,737315,15,0,0,65
3,9,3,3,1,4,0,38,41,218172,13,13550,0,60
3,9,2,0,0,4,1,9,54,151580,13,0,0,40
3,11,0,0,4,4,0,38,60,334984,9,0,2231,40
3,14,2,4,0,4,1,38,81,36147,15,10605,0,2
3,9,5,9,4,4,0,38,39,334366,13,0,0,50
3,12,2,9,0,4,1,39,41,347653,14,0,0,40
3,4,2,2,0,3,1,25,32,386806,3,0,0,45
3,15,0,11,1,4,1,38,56,225267,10,14084,0,60
3,11,2,3,0,4,1,38,33,183778,9,0,0,40
3,7,2,3,0,4,1,38,36,49115,12,7688,0,44
3,7,2,12,0,4,1,38,46,124356,12,0,0,40
0,12,2,3,0,4,1,38,42,201520,14,0,1902,43
3,15,2,11,0,4,1,38,41,115323,10,0,0,40
3,11,2,6,0,2,1,38,52,320877,9,0,0,40
3,9,2,11,0,4,1,38,62,195543,13,0,0,20
3,9,2,12,0,4,1,38,48,103406,13,0,0,35
3,15,2,9,0,4,1,38,61,182163,10,0,1902,40
3,9,2,3,0,4,1,38,45,243743,13,0,0,60
3,9,2,9,5,1,0,29,37,86308,13,0,0,40
3,12,4,9,1,4,1,17,44,254303,14,0,0,40
3,11,2,6,0,4,1,38,33,214288,9,0,1848,48
3,9,2,9,5,4,0,38,53,350131,13,0,0,48
4,9,2,11,0,1,1,34,40,190650,13,0,0,45
3,11,2,13,0,4,1,38,33,97723,9,0,1887,50
3,7,2,9,5,4,0,38,36,349534,12,0,0,31
3,14,1,9,5,4,0,38,32,355700,15,99999,0,60
4,9,2,11,0,4,1,38,58,179781,13,0,0,70
0,10,2,9,0,1,1,39,52,297906,16,0,0,40
5,11,2,4,0,4,1,38,39,87076,9,0,0,45
1,11,2,12,0,4,1,38,26,176756,9,0,0,75
7,14,2,14,0,4,1,38,69,214923,15,0,0,35
4,9,2,12,0,4,1,38,35,200352,13,0,0,45
3,8,2,13,0,4,1,38,42,89226,11,0,0,45
3,11,4,11,1,4,0,38,47,27624,9,0,0,65
3,12,4,9,1,4,0,8,47,174794,14,0,0,40
3,11,2,12,0,4,1,38,30,415266,9,0,0,40
3,1,2,13,0,4,1,38,32,228873,7,7298,0,60
0,11,2,12,0,4,1,38,50,189831,9,7298,0,50
3,15,2,11,0,4,1,38,31,203488,10,0,0,44
5,11,2,4,0,4,1,38,49,155862,9,0,0,50
3,15,2,12,0,4,1,38,45,168191,10,15024,0,37
7,7,2,14,5,4,0,38,35,216068,12,5178,0,12
3,15,2,3,0,4,1,38,41,125461,10,0,0,60
3,11,2,13,0,4,1,38,63,162772,9,0,0,35
3,11,3,13,1,4,1,38,53,27166,9,10520,0,40
3,9,2,11,0,4,1,38,50,30827,13,0,0,45
3,11,2,3,0,4,1,38,51,93690,9,0,0,40
3,2,2,2,0,4,1,38,53,231865,8,0,0,40
5,11,2,11,0,4,1,38,58,605504,9,0,0,40
4,15,2,3,0,4,1,38,36,298624,10,0,0,30
3,15,2,3,0,4,1,38,41,139126,10,0,1902,40
3,8,2,2,0,4,1,38,45,78507,11,0,0,40
3,9,2,9,0,4,1,38,28,490332,13,3103,0,40
5,10,2,9,0,4,1,38,44,95298,16,0,0,70
5,11,2,13,0,4,1,38,39,122852,9,0,0,45
3,11,0,11,1,4,1,38,35,272742,9,27828,0,60
1,9,2,9,0,4,1,38,41,223410,13,7688,0,40
3,9,2,0,0,4,1,38,40,199018,13,0,0,40
4,15,2,3,0,4,1,38,37,183898,10,0,0,40
3,11,2,2,0,4,1,38,38,304001,9,0,0,40
3,15,5,9,1,4,1,38,32,26543,10,0,2231,40
3,12,2,3,0,4,1,38,42,186916,14,0,2415,55
5,9,4,9,1,4,1,38,48,199058,13,0,0,35
3,9,2,9,0,4,1,38,47,96798,13,0,0,40
1,9,0,9,1,4,0,38,45,213620,13,0,0,50
3,11,0,0,4,4,0,38,58,186905,9,99999,0,40
1,9,4,9,1,4,0,38,25,170070,13,0,0,50
4,11,2,3,0,4,1,38,46,168211,9,0,0,75
3,11,2,0,0,4,1,38,54,81859,9,0,0,40
4,15,2,3,0,4,1,38,37,347491,10,0,0,50
5,10,2,9,0,4,1,39,62,56317,16,0,0,50
4,11,2,3,0,4,1,38,37,347189,9,0,0,55
4,15,2,3,0,4,1,38,51,254230,10,0,1977,58
3,9,4,11,1,4,1,38,33,156464,13,0,0,50
3,15,2,6,0,4,1,38,33,213179,10,0,0,40
3,11,2,0,5,4,0,38,37,118577,9,0,0,25
3,10,2,9,0,1,1,35,37,122889,16,7298,0,40
3,11,2,2,0,4,1,38,49,353824,9,0,1887,40
3,11,2,0,0,4,1,38,47,216093,9,15024,0,40
3,9,2,11,0,4,1,38,42,111483,13,0,0,60
3,11,2,2,5,4,0,38,46,165402,9,5178,0,40
0,15,2,0,0,4,1,38,50,36489,10,0,0,40
0,15,2,9,0,4,1,38,62,34916,10,0,0,40
3,8,2,3,0,4,1,38,30,205152,11,0,0,35
3,9,4,9,1,4,0,38,40,175642,13,0,0,60
3,15,2,11,0,4,1,38,46,203785,10,0,0,40
3,9,2,3,0,4,1,38,49,196707,13,0,0,45
3,9,2,12,0,4,1,38,37,190297,13,0,0,45
3,9,2,3,0,4,1,38,61,215766,13,0,0,50
3,8,2,3,0,2,1,38,29,108431,11,0,2415,40
3,9,2,3,0,4,1,38,37,176159,13,0,0,40
3,12,2,9,5,4,0,38,30,256970,14,0,0,35
3,9,2,9,0,4,1,38,52,227832,13,0,0,50
3,15,2,13,0,0,1,38,35,150309,10,0,1887,40
3,14,0,12,4,4,1,38,58,52090,15,0,0,40
3,9,2,11,0,4,1,38,45,32356,13,0,0,55
1,12,2,9,0,1,1,38,30,170449,14,0,0,40
7,9,2,14,0,4,1,38,57,221417,13,0,0,40
3,14,4,9,1,4,1,38,30,213722,15,0,0,50
3,11,2,0,0,4,1,38,36,152307,9,7298,0,55
0,12,4,3,1,4,0,38,55,154274,14,8614,0,40
3,11,2,12,0,4,1,38,47,189498,9,0,0,65
3,11,2,13,0,4,1,38,50,123429,9,0,0,40
5,14,4,9,1,4,1,38,38,166497,15,0,0,60
5,15,2,4,0,4,1,38,54,260833,10,0,0,45
3,12,2,3,0,4,1,38,53,231472,14,15024,0,50
3,2,2,12,0,4,1,38,53,270655,8,0,0,45
4,7,2,3,0,4,1,38,40,115411,12,0,0,65
5,11,2,7,0,4,1,38,63,22228,9,0,0,40
3,15,3,2,4,4,1,38,43,33658,10,0,3004,40
3,11,4,0,1,4,0,38,75,124660,9,0,0,40
3,15,2,2,0,4,1,38,46,28074,10,0,0,89
3,11,2,11,5,2,0,38,50,106422,9,0,1485,37
3,9,2,12,5,4,0,38,36,134367,13,0,0,32
3,12,2,3,0,4,1,38,62,185503,14,0,0,50
3,11,2,2,0,4,1,38,45,168232,9,0,0,56
3,11,2,3,0,4,1,38,39,31964,9,0,0,80
3,12,2,3,0,4,1,38,36,305319,14,0,0,50
3,11,2,5,0,4,1,38,53,185407,9,0,0,40
3,11,2,3,0,4,1,38,40,145441,9,0,1485,40
3,11,2,2,0,4,1,38,58,106740,9,0,0,40
3,0,2,13,0,4,1,38,57,122562,6,0,0,60
3,7,2,3,0,4,1,38,35,196123,12,0,0,40
3,8,2,9,0,4,1,38,55,123436,11,0,0,40
0,7,2,9,0,4,1,38,53,147629,12,0,0,80
3,9,2,9,0,4,1,38,37,188763,13,0,0,45
3,9,2,9,5,4,0,38,27,369188,13,0,0,90
1,11,2,10,0,4,1,38,46,99971,9,0,0,56
3,9,2,3,0,4,1,38,65,190160,13,99999,0,40
3,9,0,3,4,4,0,38,60,224277,13,0,0,40
3,11,2,2,0,4,1,38,53,151411,9,0,0,40
3,7,2,2,0,4,1,38,39,224541,12,0,0,40
3,12,2,3,0,2,1,38,46,235334,14,99999,0,60
5,5,2,3,0,4,1,38,47,192053,4,0,0,55
4,9,2,9,0,4,1,38,46,125892,13,0,1977,60
3,15,2,11,0,4,1,38,45,200471,10,0,2415,40
3,15,1,3,5,4,0,38,32,211239,10,0,0,40
3,15,2,11,0,4,1,38,35,351772,10,0,0,60
3,9,2,11,0,4,1,38,51,178693,13,0,0,50
3,15,2,3,0,4,1,38,47,168262,10,0,0,60
3,15,2,11,0,4,1,38,58,34169,10,3103,0,25
4,9,2,3,0,4,1,38,39,122353,13,7688,0,50
3,11,2,2,0,4,1,38,45,192203,9,15024,0,49
4,11,2,11,0,4,1,38,53,197189,9,0,0,72
5,14,0,9,1,4,1,38,64,217380,15,0,2559,60
3,9,2,0,0,4,1,38,53,164299,13,0,1887,65
3,11,4,6,1,4,1,38,52,113522,9,0,0,45
3,7,4,3,1,4,1,38,90,227796,12,6097,0,45
5,14,2,9,0,4,1,38,90,122348,15,20051,0,45
1,15,2,2,0,2,1,38,43,225978,10,0,0,40
3,12,2,3,0,4,1,38,50,200046,14,0,0,50
3,9,2,3,0,4,1,38,37,215618,13,0,0,40
4,9,2,7,0,2,1,38,46,340651,13,0,1977,60
3,11,2,6,0,4,1,38,41,145441,9,0,0,40
3,9,5,3,1,4,1,38,37,101020,13,4787,0,55
1,15,2,2,0,4,1,38,35,191779,10,0,0,40
3,9,2,3,0,4,1,38,62,196891,13,0,0,40
3,14,2,9,0,4,1,38,53,172962,15,0,0,40
5,9,2,11,0,4,1,38,36,60269,13,0,0,40
3,11,2,2,0,4,1,38,33,82623,9,4386,0,48
3,15,2,6,0,1,1,38,61,95680,10,0,0,40
3,12,2,9,0,4,1,38,34,117963,14,0,0,43
3,15,2,12,0,4,1,38,41,43501,10,0,0,40
3,11,2,11,5,4,0,1,55,194371,9,0,0,40
3,15,4,0,3,4,1,38,34,190228,10,0,0,40
3,9,4,11,1,4,1,38,27,604045,13,27828,0,40
3,15,2,3,0,4,1,38,36,33157,10,0,0,50
4,15,2,11,0,4,1,38,47,193960,10,7298,0,45
3,9,2,3,5,4,0,38,33,170651,13,0,1977,38
3,15,2,3,0,4,1,38,39,114544,10,0,0,55
0,11,2,0,0,4,1,38,53,411700,9,7298,0,40
1,12,2,3,0,4,1,38,57,317690,14,7688,0,60
3,9,2,11,0,4,1,38,33,232650,13,0,0,40
3,12,0,9,1,4,0,38,39,144638,14,0,0,45
0,9,2,9,0,4,1,38,48,113612,13,0,0,40
3,15,2,9,0,4,1,38,55,250149,10,0,0,40
3,15,2,0,0,4,1,38,24,236427,10,0,0,40
3,15,2,0,5,4,0,38,33,204780,10,15024,0,40
5,12,4,9,1,4,1,38,27,211259,14,0,0,40
3,9,2,12,0,2,1,38,45,35136,13,0,0,40
3,9,2,11,0,4,1,38,52,288353,13,99999,0,48
1,14,2,9,0,1,1,29,48,93449,15,99999,0,40
4,14,2,9,0,4,1,38,52,146574,15,0,0,40
5,9,2,11,0,4,1,38,63,187919,13,0,0,40
3,15,2,9,0,4,1,38,41,80666,10,0,0,50
3,9,2,3,0,4,1,38,47,95155,13,0,0,43
3,11,2,11,0,4,1,38,36,296478,9,0,0,40
3,11,2,6,0,4,1,38,42,249332,9,0,0,40
5,11,2,13,0,4,1,38,36,166213,9,0,0,40
0,12,2,9,0,4,1,38,45,187510,14,0,0,40
3,9,2,9,0,4,1,38,38,127961,13,7688,0,40
4,9,2,3,5,4,0,38,40,142030,13,0,0,55
3,12,2,9,0,4,1,38,30,226296,14,0,0,40
4,14,2,9,0,4,1,38,46,328216,15,0,1902,45
3,7,2,11,0,4,1,38,39,497788,12,0,0,50
3,9,2,0,5,4,0,38,42,128354,13,0,0,40
1,11,2,5,0,4,1,38,65,188903,9,6418,0,45
0,15,2,0,0,4,1,38,49,175428,10,0,0,40
3,14,2,9,0,4,1,38,34,349148,15,0,0,40
4,11,2,3,0,4,1,38,55,183884,9,0,0,50
3,8,2,0,0,4,1,38,41,190786,11,7298,0,40
1,12,2,9,5,4,0,38,47,188537,14,0,0,60
3,11,2,13,0,4,1,38,43,203233,9,0,0,50
3,9,0,9,4,4,0,38,43,115178,13,0,0,43
6,10,2,9,0,4,1,38,48,77102,16,0,0,45
3,15,2,11,0,4,1,38,53,129301,10,0,0,45
3,9,2,0,0,4,1,38,76,328227,13,5556,0,13
3,15,2,3,0,0,1,38,44,13769,10,0,0,40
3,9,2,9,0,4,1,38,28,122037,13,0,0,55
3,11,2,3,0,4,1,38,37,130200,9,0,0,70
5,9,4,11,1,4,1,38,26,331861,13,0,0,60
3,12,2,3,0,4,1,38,58,97541,14,0,0,46
5,10,2,9,0,4,1,38,39,193026,16,0,0,55
6,11,2,10,0,4,1,38,52,184529,9,0,0,40
3,15,4,2,3,1,1,39,23,239539,10,0,0,40
3,7,2,11,0,4,1,38,41,222813,12,0,0,45
6,9,2,9,5,4,0,38,38,169926,13,0,0,21
3,12,2,3,0,4,1,38,41,104196,14,0,0,50
3,8,2,12,0,4,1,38,56,47392,11,0,0,40
1,8,2,0,5,4,0,38,43,212206,11,0,0,40
3,11,2,7,0,4,1,38,34,244147,9,0,0,40
6,12,2,3,0,4,1,39,43,135060,14,0,0,50
0,9,0,9,1,4,0,38,35,22494,13,0,0,50
3,11,2,5,0,1,1,38,37,73199,9,0,0,40
0,8,2,0,0,4,1,38,49,362679,11,0,0,9
3,15,2,6,0,4,1,38,35,133839,10,0,0,40
7,15,0,14,1,4,1,38,46,427055,10,0,0,40
3,9,2,3,0,4,1,38,30,159589,13,0,1848,50
0,15,2,0,0,4,1,38,39,203070,10,0,0,40
3,8,2,11,0,4,1,38,50,233149,11,0,0,50
3,12,2,3,0,4,1,38,61,166789,14,0,2246,50
4,9,0,3,1,4,1,38,54,22743,13,99999,0,70
3,11,2,2,0,4,1,38,38,259846,9,0,0,60
3,15,2,3,5,4,0,1,49,169092,10,5178,0,40
3,11,2,6,0,4,1,38,36,131808,9,4386,0,40
1,9,2,9,5,4,0,38,46,165160,13,0,0,40
7,12,2,14,0,2,1,38,59,441227,14,7298,0,50
3,15,5,9,4,4,0,38,35,327435,10,0,0,45
1,7,0,7,4,4,1,38,37,188391,12,0,0,60
3,11,2,2,0,4,1,38,37,196373,9,0,0,40
3,11,2,11,0,4,1,38,28,122913,9,0,0,40
3,11,2,6,0,4,1,38,36,131192,9,0,0,40
3,11,2,0,5,4,0,38,52,177942,9,0,0,40
5,14,2,9,0,4,1,38,45,45136,15,99999,0,60
3,14,2,9,0,4,1,38,41,169823,15,0,0,46
3,11,2,2,0,4,1,38,48,233511,9,0,0,40
3,11,2,2,0,4,1,38,51,173987,9,0,0,40
3,11,2,13,0,4,1,38,65,217661,9,0,2246,40
3,11,2,13,0,2,1,38,49,316323,9,0,0,48
3,11,2,6,0,4,1,38,43,248094,9,0,0,44
3,12,2,9,0,4,1,38,46,173938,14,15024,0,50
3,12,0,9,4,3,1,25,51,76044,14,4787,0,35
3,7,2,12,0,4,1,38,46,37718,12,0,1977,50
3,15,2,13,0,4,1,38,48,123681,10,0,0,40
3,15,2,11,0,4,1,38,37,107302,10,0,0,50
1,12,2,3,0,2,1,38,57,22975,14,0,0,40
3,9,2,9,0,4,1,38,30,94235,13,0,1977,50
6,9,2,9,0,4,1,38,64,186376,13,5178,0,40
3,11,2,0,0,4,1,38,29,229124,9,0,0,48
3,12,2,9,0,4,1,38,64,239450,14,0,0,45
3,15,2,2,0,2,1,38,62,170969,10,0,0,40
1,11,2,13,0,4,1,38,38,414791,9,0,0,40
1,11,2,10,0,4,1,38,31,164243,9,0,0,55
5,15,2,2,0,4,1,38,41,36651,10,0,0,45
3,11,2,2,0,4,1,38,41,244522,9,7688,0,42
3,9,2,11,0,4,1,38,39,183279,13,7298,0,40
3,15,2,2,0,1,1,0,35,302149,10,0,0,40
5,9,2,3,0,4,1,38,43,136986,13,7298,0,50
3,11,2,13,0,4,1,38,42,97688,9,7298,0,40
5,12,4,9,1,4,0,38,36,188503,14,0,0,60
3,7,2,3,0,4,1,38,40,180206,12,0,0,40
3,11,2,2,0,4,1,38,43,163434,9,0,0,40
3,9,2,3,0,4,1,38,41,164612,13,0,1887,50
0,14,2,1,0,4,1,38,52,165998,15,7298,0,50
3,15,2,13,0,2,1,38,40,41888,10,0,2415,70
3,11,2,6,0,4,1,38,59,178282,9,7688,0,40
3,9,2,3,0,4,1,38,42,124692,13,0,0,45
0,12,2,12,0,4,1,38,37,287031,14,0,0,50
3,11,3,9,4,4,0,38,36,172425,9,0,0,40
3,15,2,5,0,4,1,25,42,247514,10,0,0,40
3,12,4,9,1,4,1,11,29,190539,14,0,0,55
3,9,2,3,0,4,1,38,43,303155,13,0,0,50
3,14,2,9,0,4,1,38,50,145033,15,0,2415,60
6,14,4,9,1,4,0,38,34,764638,15,4787,0,47
0,9,2,9,0,4,1,38,47,303637,13,0,0,60
3,12,4,0,1,1,1,18,31,124483,14,0,0,60
3,11,2,3,0,4,1,38,32,26803,9,0,0,50
3,11,2,11,0,4,1,38,47,192713,9,0,0,50
3,8,2,9,5,4,0,38,36,115336,11,0,0,50
5,10,2,9,0,4,1,38,58,98015,16,15024,0,32
4,9,2,11,0,4,1,38,44,240900,13,0,0,40
3,8,2,2,0,4,1,38,35,65876,11,0,0,42
6,15,2,3,0,4,1,38,46,165852,10,0,0,40
5,15,2,11,0,4,1,38,30,437458,10,0,0,40
5,15,2,3,0,4,1,38,63,261995,10,0,0,40
3,9,2,3,0,2,1,38,37,342480,13,0,0,40
3,9,2,3,0,4,1,38,48,216414,13,0,1977,70
3,11,2,2,0,4,1,38,45,144086,9,0,0,40
3,14,4,0,1,4,1,38,53,321865,15,0,0,40
1,9,2,9,5,4,0,38,31,201697,13,0,0,40
4,15,2,3,0,4,1,38,51,114674,10,0,0,55
1,15,2,10,0,4,1,38,50,320510,10,7298,0,56
3,11,2,13,0,4,1,38,54,85423,9,0,0,40
3,4,2,13,5,4,0,25,47,175847,3,0,0,40
1,9,2,9,5,2,0,38,44,196797,13,0,0,36
3,9,2,13,0,4,1,38,67,131656,13,0,2392,24
0,15,2,0,0,4,1,38,49,105959,10,0,0,41
3,9,2,11,0,4,1,38,35,190297,13,0,1977,65
1,9,0,9,1,4,0,38,47,162236,13,0,0,35
3,11,2,13,0,4,1,38,57,104724,9,0,0,40
3,7,2,9,5,4,0,38,26,191573,12,0,0,40
3,11,2,5,0,4,1,38,52,203635,9,0,0,40
3,9,2,9,0,4,1,38,50,224207,13,0,0,40
1,15,2,10,0,4,1,38,50,237356,10,7298,0,40
3,11,2,2,0,4,1,38,29,393829,9,0,0,50
4,9,2,11,0,4,1,38,45,88500,13,7298,0,40
3,15,2,3,5,4,0,38,40,225263,10,0,0,45
3,9,2,11,5,4,0,39,40,153799,13,0,0,72
7,15,2,14,0,4,1,38,67,101761,10,0,0,40
3,9,2,3,0,4,1,38,49,225456,13,0,0,40
5,11,0,3,1,4,0,38,51,85877,9,99999,0,60
1,11,2,10,0,4,1,38,59,221417,9,0,0,40
1,7,2,2,0,4,1,38,32,349148,12,0,0,40
1,9,2,9,5,4,0,38,46,126524,13,0,1902,40
3,9,2,9,0,4,1,38,52,270221,13,15024,0,44
3,9,2,11,0,4,1,38,34,182918,13,7298,0,46
5,15,2,11,0,4,1,38,36,219155,10,0,0,50
3,14,2,9,0,4,1,38,47,255965,15,15024,0,50
0,9,2,3,0,4,1,38,44,206927,13,7688,0,40
3,14,2,9,0,4,1,38,43,346081,15,15024,0,50
3,9,2,3,0,4,1,38,48,162187,13,0,0,48
3,11,2,2,0,4,1,38,32,153353,9,0,0,40
3,11,2,11,0,4,1,23,42,344060,9,7298,0,40
3,11,2,6,0,4,1,38,34,216645,9,0,0,40
1,9,2,10,0,4,1,38,56,277203,13,0,0,40
3,15,2,3,0,4,1,38,39,176050,10,0,1848,47
3,11,2,2,0,4,1,38,50,221532,9,0,0,40
3,12,2,3,0,4,1,38,48,166863,14,0,0,40
3,11,2,11,5,4,0,38,42,191149,9,0,0,40
3,7,2,0,5,4,0,38,38,202937,12,0,0,40
5,15,2,2,0,4,1,20,54,99902,10,0,0,40
3,11,2,2,0,4,1,38,51,155574,9,0,0,40
3,15,6,0,4,4,0,38,48,135525,10,0,0,40
4,11,2,11,0,4,1,21,38,184456,9,0,0,55
3,9,2,0,0,3,1,25,42,208068,13,7298,0,40
3,9,0,11,1,4,0,38,54,155737,13,8614,0,40
3,11,2,2,0,4,1,7,38,133935,9,0,0,41
3,15,2,11,0,4,1,38,44,107433,10,0,0,55
5,10,2,9,0,4,1,38,32,291414,16,0,0,35
3,12,2,3,0,4,1,38,52,247806,14,15024,0,50
3,8,0,9,1,1,1,38,50,85815,11,0,0,38
3,9,2,9,0,4,1,38,48,204629,13,0,0,40
3,15,2,13,0,4,1,38,45,310260,10,0,0,60
3,8,2,12,0,4,1,38,35,189922,11,0,0,52
3,11,2,2,0,4,1,38,51,123429,9,15024,0,40
3,15,2,4,0,4,1,38,50,98954,10,0,0,40
3,9,4,9,1,4,1,38,29,189702,13,10520,0,50
0,15,2,0,0,4,1,38,44,151933,10,0,1485,40
3,10,2,9,0,4,1,38,46,182414,16,0,0,55
3,11,2,2,0,4,1,38,57,110820,9,0,0,40
3,11,2,2,0,4,1,38,28,106141,9,99999,0,40
3,9,2,12,0,1,1,39,49,547108,13,15024,0,40
0,11,2,3,0,4,1,38,50,169078,9,4386,0,40
3,11,2,0,0,4,1,38,49,184285,9,0,0,40
3,3,2,6,0,4,1,38,61,56248,2,0,0,60
3,8,2,12,0,4,1,38,41,123490,11,0,0,40
3,12,4,3,1,4,0,38,29,217424,14,0,0,50
5,15,2,9,0,4,1,38,49,393691,10,0,0,40
3,15,2,2,0,4,1,38,46,168441,10,0,0,45
3,15,2,2,0,4,1,38,36,167482,10,0,0,40
3,12,2,9,0,4,1,6,42,102988,14,0,0,55
3,12,2,9,0,4,1,38,47,362654,14,0,0,40
3,9,2,3,0,4,1,38,35,179481,13,0,0,60
3,11,2,13,0,4,1,38,39,271610,9,0,0,60
1,9,2,9,5,4,0,38,37,125550,13,7688,0,40
1,15,2,10,0,4,1,38,41,214242,10,0,1902,72
4,9,2,11,0,4,1,38,45,139268,13,0,0,60
3,7,2,12,0,4,1,38,38,349198,12,0,0,21
1,9,2,9,0,2,1,38,53,196395,13,0,0,40
3,9,2,3,0,4,1,38,40,176063,13,0,1977,60
3,12,2,9,0,4,1,38,58,144092,14,0,0,35
3,9,2,3,0,4,1,38,28,142712,13,0,1902,57
6,12,2,9,0,0,1,38,43,185619,14,0,0,35
3,11,2,13,0,4,1,38,56,244580,9,0,0,40
3,11,2,2,0,4,1,38,29,55390,9,0,0,40
3,9,0,9,1,4,0,38,34,320077,13,0,0,50
3,11,2,7,0,4,1,38,43,142725,9,0,1887,80
3,11,2,0,5,4,0,38,21,227307,9,0,0,43
0,15,2,2,0,4,1,38,60,142769,10,0,0,40
1,7,2,12,0,4,1,38,53,229259,12,0,0,45
3,15,2,0,5,4,0,38,36,289223,10,0,1848,40
5,14,2,9,0,4,1,38,41,230961,15,0,0,45
3,11,2,13,0,4,1,38,28,209301,9,0,1848,40
5,15,2,11,0,4,1,38,51,30012,10,0,0,50
3,9,2,3,0,4,1,38,33,202046,13,0,0,45
5,12,2,3,0,4,1,38,50,200618,14,0,0,60
6,12,2,9,0,4,1,38,47,142856,14,0,0,45
4,10,2,3,0,4,1,38,38,179579,16,0,0,60
4,9,2,4,0,4,1,38,76,99328,13,6514,0,40
1,12,2,9,0,4,1,38,41,224799,14,0,0,55
4,12,2,3,0,4,1,38,57,231781,14,0,0,50
3,7,2,3,5,3,0,38,30,206923,12,0,1977,40
4,9,2,2,0,4,1,38,30,132601,13,0,0,40
4,1,2,3,0,4,1,38,40,188615,7,15024,0,20
3,9,2,3,0,4,1,38,51,158746,13,0,1902,60
3,10,4,3,1,4,1,38,62,176839,16,0,0,50
3,15,2,2,0,4,1,38,46,181970,10,0,0,40
3,11,2,2,0,4,1,38,42,263339,9,5178,0,40
3,11,2,11,0,4,1,38,52,231196,9,0,0,40
4,9,2,11,0,4,1,38,49,318280,13,0,0,55
3,9,2,3,0,4,1,38,35,151322,13,15024,0,55
3,9,2,3,0,4,1,38,44,96129,13,0,0,40
3,12,0,3,1,4,0,38,43,84673,14,0,0,38
3,9,2,3,5,1,0,29,36,307520,13,0,0,40
3,9,3,11,1,4,1,38,40,144778,13,0,0,40
3,12,2,9,0,4,1,38,54,69477,14,0,1902,60
3,11,2,6,0,4,1,38,31,140206,9,0,0,40
4,9,0,12,1,4,0,38,42,272551,13,0,1564,60
1,12,2,9,0,4,1,9,45,265477,14,0,0,40
1,10,0,9,1,4,0,38,51,252029,16,0,0,45
4,9,4,11,1,4,1,38,29,263786,13,0,0,40
3,9,2,9,0,4,1,38,42,339814,13,0,0,40
3,9,4,3,1,4,0,38,33,174215,13,0,0,55
3,12,2,3,5,4,0,38,34,289228,14,15024,0,45
3,11,2,11,5,4,0,38,36,140327,9,7298,0,35
1,12,2,9,0,4,1,38,37,177277,14,0,0,40
1,9,2,9,0,4,1,38,38,316470,13,0,0,40
3,9,2,11,0,4,1,39,55,380357,13,0,0,60
3,15,3,9,1,1,0,2,36,101318,10,0,0,40
3,15,2,2,0,4,1,38,43,71738,10,0,0,40
0,9,2,9,0,4,1,38,38,81232,13,0,0,40
3,11,2,2,0,4,1,38,36,101192,9,0,0,40
3,14,2,9,0,4,1,38,32,105749,15,0,0,40
4,10,2,3,0,4,1,38,41,443508,16,99999,0,60
5,9,2,11,0,4,1,38,66,325537,13,0,0,40
5,0,2,4,0,4,1,38,46,24367,6,0,0,99
3,12,2,9,0,4,1,38,38,108140,14,7298,0,50
4,12,2,3,0,1,1,23,43,504423,14,0,0,60
3,9,2,3,0,4,1,38,48,107231,13,0,0,55
5,9,2,3,0,4,1,38,36,52870,13,4386,0,50
3,11,2,3,0,4,1,38,36,186934,9,0,0,50
4,9,2,9,0,4,1,38,57,37394,13,0,0,50
3,9,4,3,1,4,1,38,34,312055,13,0,0,40
3,11,2,0,5,4,0,38,58,49159,9,0,0,40
3,12,0,7,1,2,0,38,51,229225,14,0,0,18
5,15,2,11,0,4,1,39,49,77404,10,0,0,44
3,9,4,3,1,4,1,38,32,94041,13,0,0,40
6,8,2,10,0,4,1,30,50,322840,11,0,0,40
0,9,2,3,0,2,1,38,47,746660,13,0,1887,40
3,12,2,3,0,4,1,38,33,327112,14,0,0,60
3,11,2,3,0,4,1,38,46,145636,9,3103,0,50
6,12,2,9,0,1,1,18,45,255456,14,0,0,50
6,11,2,3,0,4,1,38,32,59083,9,0,0,60
3,9,2,3,0,4,1,38,35,415167,13,0,0,60
3,12,2,9,0,4,1,38,45,272442,14,0,0,50
4,9,2,3,0,4,1,38,30,127651,13,15024,0,65
3,12,2,3,0,4,1,38,34,154120,14,15024,0,60
1,12,2,9,5,4,0,38,35,110075,14,15024,0,50
0,12,2,9,0,4,1,38,45,126754,14,0,0,45
3,9,2,3,0,4,1,38,35,188391,13,0,0,55
3,15,2,13,0,4,1,38,35,101073,10,0,0,45
3,15,2,0,0,1,1,27,49,90907,10,0,0,40
3,9,2,3,0,4,1,38,35,208358,13,0,0,37
3,9,2,2,0,2,1,38,42,171069,13,15024,0,40
3,15,0,9,1,2,0,38,46,53540,10,0,0,40
5,8,2,2,0,4,1,38,48,175622,11,0,0,40
3,9,2,10,0,4,1,38,51,266336,13,0,1902,50
4,14,2,9,0,4,1,38,43,253811,15,0,2415,55
6,9,2,3,0,4,1,38,53,119570,13,0,0,45
3,15,2,11,5,4,0,38,39,370549,10,0,0,30
5,12,2,9,0,4,1,38,44,234767,14,0,0,30
3,9,2,3,0,4,1,38,40,104196,13,0,0,60
5,11,2,2,0,4,1,38,64,169604,9,0,0,30
3,12,2,11,0,4,1,38,50,230858,14,0,0,50
3,9,2,3,0,4,1,38,28,339897,13,0,0,40
3,9,2,12,0,4,1,38,30,46492,13,0,1902,40
3,9,2,12,5,4,0,38,58,204678,13,0,0,40
4,11,2,13,0,4,1,38,31,264554,9,0,1977,40
3,9,2,3,0,4,1,38,40,96497,13,0,0,50
7,11,2,14,0,4,1,38,62,194660,9,0,0,40
0,12,2,3,0,4,1,38,62,164021,14,0,0,40
5,11,2,13,0,4,1,38,51,323963,9,0,0,60
3,9,2,9,0,4,1,38,61,289950,13,0,0,44
0,9,2,9,0,1,1,29,44,320451,13,15024,0,40
3,8,2,2,0,4,1,38,48,193188,11,0,0,40
3,12,0,3,1,4,0,38,39,113725,14,8614,0,40
3,11,2,13,0,4,1,38,31,113364,9,0,0,40
3,7,0,3,4,4,0,38,45,83993,12,0,0,56
3,11,2,3,0,4,1,38,33,194336,9,5178,0,50
3,9,4,3,1,4,0,38,40,77313,13,0,0,60
3,12,0,11,1,4,1,38,47,209146,14,27828,0,40
3,15,2,12,3,4,0,38,40,173001,10,0,1902,40
3,9,0,3,1,4,1,38,40,277256,13,0,2559,55
3,12,2,9,0,4,1,38,42,49255,14,4386,0,40
8,11,2,5,0,4,1,38,64,209291,9,0,0,60
3,12,2,9,0,4,1,38,45,213140,14,0,1977,52
3,9,2,11,0,4,1,38,41,483201,13,0,0,40
5,14,2,9,0,4,1,38,69,165017,15,0,0,40
4,11,2,11,0,4,1,38,40,275366,9,0,0,50
3,11,2,12,0,4,1,38,59,188872,9,0,0,40
3,9,2,9,0,4,1,38,33,158800,13,0,0,40
3,8,2,2,5,4,0,38,44,107683,11,4386,0,40
6,12,0,3,1,4,1,38,47,304512,14,0,0,50
3,9,2,8,5,4,0,38,34,167049,13,0,0,20
4,15,2,3,0,4,1,38,39,88973,10,0,0,84
3,11,2,12,0,4,1,38,52,210736,9,0,0,40
3,9,2,11,0,4,1,38,28,220043,13,0,0,40
0,11,2,6,0,4,1,38,54,72257,9,7688,0,40
3,9,2,0,0,4,1,38,46,168262,13,0,0,40
3,15,2,3,0,4,1,38,46,153536,10,3103,0,40
3,11,2,5,0,4,1,38,36,189703,9,0,0,60
3,15,2,6,5,4,0,38,42,231832,10,0,0,45
3,11,2,0,0,4,1,38,39,33223,9,0,0,40
3,11,2,11,0,2,1,38,44,172026,9,0,0,40
3,15,2,6,0,4,1,38,33,154227,10,0,0,40
3,9,4,2,1,4,1,38,48,207540,13,99999,0,60
3,8,2,0,0,4,1,21,35,132879,11,15024,0,40
5,9,2,4,0,4,1,38,47,326292,13,0,0,60
3,9,4,9,1,4,1,38,34,112115,13,0,0,40
3,10,2,9,0,4,1,38,58,125317,16,0,0,60
3,15,2,11,0,4,1,38,46,186256,10,0,1902,55
3,15,2,2,0,4,1,38,41,149576,10,0,0,40
3,9,2,3,0,4,1,38,40,226902,13,0,0,40
3,11,2,2,0,4,1,38,55,200939,9,0,0,48
4,14,2,9,0,4,1,38,46,192128,15,0,0,45
3,12,2,3,5,4,0,38,31,188798,14,0,0,40
3,15,2,2,0,4,1,38,52,172962,10,0,0,40
3,7,4,11,1,4,1,38,40,165858,12,0,0,80
3,14,2,11,0,4,1,38,81,164416,15,0,0,45
1,12,2,9,5,4,0,38,51,205100,14,0,0,32
3,12,4,3,1,4,1,38,46,215895,14,4787,0,60
3,15,2,12,0,4,1,38,65,185455,10,0,0,40
3,9,2,3,0,4,1,38,27,131712,13,0,1485,50
3,15,2,11,0,4,1,38,73,57435,10,0,0,20
3,15,2,3,0,4,1,38,28,101774,10,0,1848,50
3,8,4,11,1,4,0,38,45,145637,11,14344,0,48
3,9,2,3,0,4,1,38,34,172714,13,0,0,45
3,8,2,0,0,4,1,1,72,188528,11,0,0,45
0,15,2,2,0,4,1,38,54,89705,10,0,0,40
0,15,5,9,1,2,0,38,51,335481,10,0,0,40
1,9,2,9,0,4,1,38,48,121124,13,0,0,55
3,6,2,13,0,4,1,38,52,254230,5,0,0,45
5,8,2,4,0,4,1,38,37,31095,11,0,0,60
3,15,2,2,0,4,1,38,37,149347,10,0,0,40
6,9,2,3,0,4,1,38,48,185859,13,0,0,38
3,11,2,5,0,4,1,38,39,365430,9,0,0,40
3,11,2,13,0,4,1,38,54,230919,9,7688,0,60
3,9,2,3,0,4,1,38,35,305379,13,0,1887,50
3,11,2,6,0,4,1,38,32,256362,9,0,0,40
4,12,4,3,1,4,0,38,49,106634,14,27828,0,35
6,12,2,10,0,4,1,38,40,255824,14,0,0,40
3,9,2,11,0,4,1,38,54,145419,13,0,0,60
3,12,2,11,0,4,1,38,32,87310,14,0,0,60
3,10,2,9,0,4,1,38,33,473133,16,15024,0,50
6,9,2,2,0,4,1,38,32,27051,13,0,0,52
3,9,2,0,5,1,0,38,29,163708,13,0,0,45
4,15,2,11,0,4,1,38,43,84924,10,0,0,44
3,15,2,3,5,4,0,38,36,167691,10,0,0,40
0,15,2,12,0,4,1,38,45,182470,10,0,0,40
3,9,2,9,0,4,1,39,37,177907,13,0,0,40
3,11,2,5,0,4,1,38,51,238481,9,0,1902,42
0,11,0,0,1,4,0,38,73,142426,9,25124,0,20
3,14,0,9,1,2,0,38,39,82699,15,13550,0,70
3,7,2,3,0,4,1,38,32,236861,12,0,0,45
3,14,2,12,0,4,1,38,42,198229,15,0,0,65
1,9,2,9,0,4,1,38,41,271927,13,0,0,45
3,0,2,13,0,4,1,38,29,394927,6,0,0,45
3,9,2,9,5,4,0,38,39,109351,13,0,0,30
3,15,2,0,0,4,1,38,47,64563,10,7688,0,42
1,12,4,9,3,4,0,38,41,135056,14,8614,0,50
3,11,2,2,0,4,1,38,34,150154,9,0,0,50
0,9,2,9,0,4,1,38,44,55363,13,0,1887,40
3,9,2,3,0,4,1,38,48,186299,13,0,0,40
3,9,2,3,0,4,1,38,36,168055,13,5178,0,40
3,9,2,3,0,4,1,38,49,393715,13,15024,0,50
3,7,2,3,0,4,1,38,42,435356,12,0,0,44
3,9,2,9,0,4,1,38,43,185860,13,0,0,40
0,11,2,0,0,4,1,38,39,135500,9,0,0,40
7,15,2,14,5,4,0,38,57,182836,10,3103,0,40
4,12,2,3,0,4,1,38,80,164909,14,99999,0,54
0,9,4,3,1,4,1,38,28,329426,13,0,0,50
3,15,2,0,5,4,0,38,34,85632,10,0,0,40
3,10,2,9,0,4,1,38,48,102359,16,0,0,60
3,8,2,13,0,4,1,38,51,25932,11,0,0,99
5,14,2,9,0,4,1,38,46,45564,15,0,0,40
0,7,2,3,0,1,1,38,61,95680,12,3103,0,40
3,7,2,9,2,4,1,38,35,327164,12,0,0,40
3,9,4,11,1,4,1,38,29,244246,13,8614,0,50
1,15,2,2,0,4,1,38,59,358747,10,0,0,55
3,9,2,11,0,4,1,38,38,91039,13,5178,0,48
3,9,2,2,0,4,1,38,44,97159,13,0,0,40
0,12,0,3,1,4,1,39,55,212600,14,0,0,40
3,9,2,3,0,4,1,38,65,90113,13,0,0,60
3,9,2,9,0,4,1,39,44,227065,13,99999,0,40
3,15,2,2,0,4,1,38,33,317660,10,0,0,40
1,11,2,10,0,4,1,38,37,203628,9,0,0,54
6,9,2,9,5,4,0,38,49,160812,13,0,0,40
1,1,2,3,0,4,1,38,61,77072,7,0,0,40
3,14,2,3,0,4,1,38,40,356934,15,0,0,50
3,9,2,3,0,4,1,39,57,143266,13,7298,0,60
3,9,2,9,5,4,0,38,30,385177,13,0,0,24
3,11,2,3,0,4,1,38,38,179481,9,0,0,50
3,9,4,11,1,4,1,38,33,127651,13,8614,0,40
1,12,2,3,0,4,1,38,48,125892,14,0,0,40
3,15,2,0,0,4,1,38,41,145175,10,3103,0,40
3,5,2,13,0,4,1,38,63,125954,4,0,0,44
3,15,2,11,0,4,1,38,35,102178,10,0,0,48
3,11,2,2,0,4,1,38,63,209790,9,0,0,40
3,15,2,11,0,4,1,38,44,318046,10,0,0,35
1,11,2,2,0,4,1,38,56,204021,9,0,0,40
5,12,2,11,0,4,1,38,54,236157,14,0,0,40
3,11,2,3,0,4,1,38,42,144002,9,0,0,50
3,11,2,11,0,4,1,38,37,126954,9,0,0,40
0,15,2,12,0,4,1,38,43,205675,10,0,0,75
3,9,2,2,0,4,1,38,54,266598,13,0,0,40
3,11,2,4,0,4,1,38,40,219869,9,99999,0,75
3,9,4,9,1,4,1,38,38,152307,13,0,0,41
3,9,2,0,0,4,1,38,43,149102,13,0,0,40
3,11,2,11,0,4,1,39,63,181153,9,0,0,50
0,9,2,9,0,4,1,38,36,223749,13,0,0,40
3,8,0,11,1,4,1,38,51,165278,11,0,0,46
3,11,2,13,0,4,1,38,47,274883,9,0,0,65
3,11,2,0,0,4,1,21,34,256362,9,0,0,40
5,11,6,3,1,4,0,38,59,156797,9,13550,0,60
3,7,2,6,0,4,1,38,33,208881,12,7298,0,60
3,8,6,3,4,4,0,38,39,159168,11,0,3004,40
4,9,2,11,0,4,1,38,54,117674,13,0,0,40
3,11,2,13,0,2,1,38,59,217747,9,0,0,40
6,9,2,9,0,4,1,38,32,204052,13,0,0,45
3,11,2,13,0,4,1,38,38,256864,9,0,0,50
5,11,2,3,0,4,1,38,39,306678,9,0,0,40
3,9,2,3,0,4,1,38,43,77373,13,0,0,47
5,11,0,3,1,4,1,38,56,51916,9,0,0,50
3,8,2,9,5,4,0,38,34,159008,11,0,0,36
3,7,2,11,0,4,1,38,58,315081,12,0,0,42
4,9,2,5,0,4,1,38,28,173944,13,15024,0,65
6,9,2,9,0,4,1,38,34,49325,13,0,0,40
3,6,2,2,0,4,1,38,38,425502,5,0,0,40
3,9,0,9,1,4,1,38,48,155781,13,0,2231,30
1,11,2,10,0,4,1,38,37,216473,9,0,0,48
0,9,2,9,0,4,1,39,47,169549,13,7298,0,60
3,11,2,0,5,4,0,38,56,288530,9,0,0,37
3,15,2,3,0,4,1,38,64,47589,10,15024,0,50
3,9,2,9,0,1,1,38,31,72887,13,0,0,47
3,15,2,11,0,4,1,38,52,357596,10,0,0,48
3,9,2,0,5,4,0,38,48,146497,13,0,0,50
3,9,2,9,0,4,1,38,33,317809,13,0,0,40
3,2,2,6,0,2,1,38,59,194573,8,0,0,40
7,7,2,14,0,4,1,38,72,144461,12,0,0,16
1,12,2,3,0,4,1,38,52,240638,14,0,0,50
3,10,2,9,0,4,1,38,51,177927,16,0,0,60
3,9,2,0,0,4,1,38,25,262617,13,0,0,55
3,15,2,6,0,4,1,38,60,119684,10,3103,0,40
3,11,2,3,0,4,1,38,35,122353,9,0,0,40
3,9,4,9,1,4,1,38,31,75755,13,0,0,50
3,12,4,9,1,4,1,38,43,91316,14,0,0,60
4,9,2,11,0,4,1,38,41,104813,13,0,0,40
3,14,2,9,0,4,1,39,35,366842,15,0,0,80
4,15,2,3,0,4,1,38,48,214994,10,0,0,55
3,8,2,9,5,4,0,38,43,249039,11,0,0,36
3,15,2,9,0,4,1,38,54,259323,10,0,0,40
3,11,2,9,0,4,1,38,60,156774,9,0,0,45
3,10,2,3,0,4,1,38,62,93997,16,99999,0,40
4,12,2,3,0,4,1,38,39,91039,14,15024,0,45
3,9,2,9,0,4,1,38,41,304175,13,0,0,55
5,9,2,3,0,4,1,38,29,102326,13,0,0,40
3,9,4,11,1,4,1,38,29,256764,13,0,1564,40
3,7,2,13,0,4,1,38,59,165695,12,0,0,32
3,11,2,2,0,4,1,38,55,127728,9,0,0,50
3,15,0,3,1,4,1,38,48,168038,10,0,1564,50
3,9,2,11,0,4,1,38,32,154950,13,0,1977,44
1,12,2,3,0,4,1,38,57,101444,14,0,0,40
3,12,2,3,0,4,1,38,38,455379,14,0,0,60
3,11,5,2,1,4,1,38,43,180138,9,0,0,40
3,7,2,7,5,4,0,38,33,321709,12,0,0,15
3,15,2,11,0,4,1,38,39,215981,10,0,0,40
3,9,2,11,0,4,1,38,55,102058,13,0,0,40
0,15,2,3,0,0,1,38,64,353479,10,0,0,45
3,11,2,13,0,4,1,38,32,360761,9,0,0,60
3,8,2,3,0,4,1,38,46,268234,11,0,1902,40
4,9,2,3,0,4,1,38,59,110457,13,0,0,50
4,8,2,3,0,4,1,38,59,95835,11,0,0,55
6,12,5,2,1,4,1,38,30,352045,14,99999,0,40
3,8,2,9,5,4,0,38,46,205816,11,0,0,40
5,11,2,11,0,4,1,38,46,102869,9,0,0,40
3,6,2,2,0,4,1,38,57,257200,5,0,0,40
3,11,2,2,0,4,1,38,39,531055,9,0,0,40
3,12,2,3,0,4,1,38,32,162572,14,0,1977,48
1,14,2,9,0,4,1,39,41,75313,15,0,0,40
3,15,2,11,5,4,0,38,46,173461,10,0,0,40
3,14,2,9,0,4,1,38,48,349986,15,99999,0,50
4,11,2,3,0,4,1,38,38,320811,9,0,0,50
5,14,2,9,0,4,1,38,40,121012,15,0,1977,50
1,8,2,7,0,4,1,38,34,454076,11,0,0,40
3,1,2,2,0,4,1,38,63,190296,7,0,1902,40
7,15,2,14,0,4,1,38,64,22228,10,0,0,10
4,12,2,9,0,4,1,21,67,127605,14,20051,0,60
3,11,2,12,0,2,1,38,46,233802,9,0,0,40
5,15,2,2,0,4,1,38,46,182689,10,3103,0,35
5,12,2,9,5,4,0,38,37,400287,14,0,1887,15
1,9,2,9,5,2,0,38,49,452402,13,7688,0,35
3,11,2,13,0,4,1,38,27,285897,9,0,1887,40
5,15,2,3,0,4,1,38,32,292465,10,0,0,35
7,5,2,14,0,4,1,20,62,139391,4,0,0,40
5,12,4,3,1,2,0,38,33,190027,14,0,0,70
5,9,2,12,0,4,1,38,46,204698,13,0,0,40
1,12,2,9,0,4,1,38,46,200727,14,0,0,50
5,11,0,2,1,4,1,38,32,33404,9,10520,0,50
0,15,2,3,0,4,1,38,63,31115,10,15024,0,40
3,9,2,9,0,4,1,38,40,168071,13,0,0,45
3,9,2,11,0,4,1,38,39,35890,13,0,0,50
3,9,2,2,0,4,1,38,31,263561,13,0,0,40
3,15,2,3,0,4,1,38,52,201783,10,7688,0,40
3,15,2,11,5,4,0,38,28,193125,10,0,0,40
3,11,2,0,5,4,0,38,28,126060,9,99999,0,36
3,14,4,9,1,4,1,38,52,186826,15,0,1564,40
3,9,2,3,0,4,1,38,33,594187,13,0,1902,60
3,8,2,7,0,4,1,38,39,269323,11,0,1485,38
3,8,2,9,5,4,0,38,33,96480,11,7688,0,40
4,9,2,3,0,4,1,38,49,120121,13,0,0,50
3,8,2,2,0,1,1,18,33,122749,11,0,0,40
4,11,2,11,0,4,1,38,56,236676,9,0,0,50
3,15,2,11,0,1,1,38,32,72887,10,0,0,40
5,9,2,9,0,4,1,38,71,401203,13,0,0,34
1,12,2,9,5,2,0,38,40,166822,14,0,0,36
3,15,2,3,0,4,1,38,59,187485,10,0,0,45
3,11,2,11,0,4,1,38,50,110327,9,0,0,50
3,10,6,9,1,4,0,38,51,103995,16,10520,0,60
6,9,0,3,1,4,1,38,51,71691,13,0,0,60
3,15,2,3,0,4,1,38,56,442116,10,0,0,54
3,7,2,3,0,4,1,38,48,268022,12,7298,0,55
3,11,2,2,0,4,1,38,50,339954,9,0,0,40
0,14,2,0,0,4,1,38,53,169112,15,0,0,45
3,9,2,9,0,4,1,39,62,216765,13,0,0,40
3,11,2,2,0,4,1,38,51,335997,9,0,1902,40
3,14,2,9,5,4,0,38,54,312631,15,0,1887,50
0,7,4,12,1,1,0,38,34,96483,12,0,0,60
5,14,2,9,0,4,1,38,40,223881,15,0,0,60
3,10,2,9,0,4,1,38,33,192644,16,0,1977,90
5,9,2,11,0,4,1,38,45,58683,13,5178,0,48
3,12,2,3,0,4,1,38,46,117849,14,99999,0,50
5,11,2,9,0,4,1,38,42,193882,9,0,0,50
3,9,2,9,5,4,0,38,41,107845,13,0,0,40
4,14,2,9,0,4,1,38,45,188694,15,0,0,50
3,15,2,3,5,1,0,38,37,302903,10,0,0,40
3,11,2,13,0,4,1,38,47,172753,9,0,0,85
3,12,2,9,5,4,0,38,31,181388,14,0,1902,45
3,9,2,11,0,1,1,38,57,81973,13,15024,0,45
3,9,2,11,0,4,1,38,44,328581,13,0,0,50
3,9,2,3,0,4,1,38,31,174201,13,0,0,40
3,12,3,3,1,1,1,18,40,137421,14,0,0,35
3,9,2,9,0,4,1,38,34,153927,13,0,0,40
1,12,2,3,0,4,1,38,52,311569,14,0,0,50
6,15,2,9,0,1,1,38,57,344381,10,7688,0,75
3,12,0,3,1,4,0,38,59,47534,14,0,0,45
3,15,2,3,0,4,1,38,47,257824,10,0,0,45
3,11,2,7,0,4,1,11,42,89226,9,7688,0,40
3,2,6,6,1,4,1,38,51,135388,8,0,1564,40
3,12,2,3,0,4,1,38,43,301007,14,7298,0,50
5,15,2,11,0,4,1,38,64,253759,10,0,1977,50
3,12,2,9,0,4,1,38,36,48855,14,0,0,38
3,11,2,2,0,2,1,38,44,104269,9,0,0,40
3,11,2,2,0,4,1,38,27,173944,9,0,0,40
4,9,2,3,0,4,1,38,50,82578,13,0,0,40
3,11,2,0,0,4,1,38,25,250038,9,0,0,40
3,9,2,9,0,4,1,38,70,135601,13,20051,0,35
4,7,2,3,0,4,1,38,49,93557,12,0,0,45
5,8,0,9,1,4,0,38,75,157778,11,15831,0,50
5,1,6,3,1,4,0,38,66,67765,7,0,0,84
3,11,2,11,0,4,1,38,46,118889,9,0,0,68
3,9,2,9,0,4,1,21,42,173981,13,0,0,40
3,9,2,3,0,4,1,38,63,195338,13,15024,0,45
3,11,2,13,0,4,1,38,56,182062,9,0,0,48
3,12,4,9,1,4,1,38,42,111483,14,0,0,48
0,9,2,9,0,1,1,38,36,72338,13,0,0,40
3,15,2,11,0,4,1,38,50,176240,10,0,0,50
3,8,2,2,0,4,1,38,48,196707,11,0,0,40
0,8,2,1,0,4,1,39,27,190653,11,0,0,40
5,9,2,3,5,4,0,38,49,181717,13,0,0,7
5,15,2,9,0,4,1,38,41,344624,10,0,0,60
3,12,2,3,0,4,1,38,38,187847,14,0,0,50
3,9,2,12,0,4,1,38,26,102476,13,0,0,40
3,15,2,9,0,4,1,38,36,99233,10,0,1887,40
0,9,2,3,0,4,1,38,54,151135,13,0,0,40
3,10,0,11,1,4,1,38,45,252242,16,99999,0,55
5,12,0,13,1,4,1,38,47,199083,14,0,2258,50
3,9,2,0,0,4,1,38,45,216414,13,7688,0,50
3,9,2,0,0,2,1,38,40,171305,13,0,0,60
3,10,2,9,0,4,1,8,53,95864,16,15024,0,50
3,12,2,3,0,4,1,8,56,359972,14,0,0,60
3,11,2,2,0,4,1,38,43,198282,9,0,0,40
4,9,2,3,0,4,1,10,46,211020,13,15024,0,60
1,9,2,9,0,4,1,38,32,43959,13,0,0,40
3,9,2,3,0,4,1,38,48,163706,13,15024,0,70
3,15,2,9,0,4,1,38,55,115439,10,0,0,40
3,8,4,2,4,4,1,38,27,98769,11,0,0,40
5,12,2,3,5,4,0,38,41,138077,14,0,0,10
1,15,2,12,0,4,1,38,30,339388,10,0,0,72
3,14,2,3,0,4,1,8,55,204334,15,0,1977,55
4,11,2,0,5,4,0,38,60,96660,9,0,0,8
3,9,2,3,0,4,1,38,47,183186,13,0,0,60
4,0,2,3,0,4,1,38,61,248160,6,7688,0,40
3,12,2,3,0,4,1,38,56,208640,14,0,0,40
3,9,6,0,1,4,0,38,54,343333,13,0,0,80
3,15,2,12,0,4,1,38,38,248941,10,0,0,40
4,9,2,12,0,4,1,38,54,151580,13,0,0,40
3,15,2,3,5,4,0,38,51,39264,10,0,0,40
6,9,2,12,0,4,1,38,53,153486,13,0,0,40
3,9,2,11,0,4,1,38,31,105479,13,0,0,50
3,9,2,11,0,4,1,38,53,230936,13,0,0,40
3,12,4,9,3,1,0,29,26,82488,14,0,0,40
3,15,2,2,0,4,1,38,44,235182,10,0,0,50
0,9,2,0,0,4,1,38,43,145175,13,0,0,42
3,9,2,3,0,4,1,38,44,121718,13,15024,0,48
3,12,2,3,0,1,1,39,49,140826,14,99999,0,50
4,15,2,3,0,4,1,38,36,173968,10,0,0,40
5,15,2,4,0,4,1,38,60,69887,10,0,0,50
3,11,2,5,0,4,1,38,39,57691,9,7298,0,40
3,9,2,9,0,4,1,38,35,193815,13,0,1977,48
0,12,2,12,0,1,1,2,58,256466,14,7688,0,40
1,8,2,10,0,4,1,38,37,215618,11,0,0,80
3,8,2,2,0,4,1,38,42,219155,11,0,0,45
3,11,2,3,5,4,0,38,35,23892,9,0,0,40
3,11,2,2,0,4,1,38,40,206927,9,0,1887,40
6,10,4,9,1,4,1,38,39,252662,16,0,2824,50
3,9,4,11,1,4,1,38,32,160594,13,0,1564,50
3,12,2,2,0,4,1,38,52,178596,14,0,0,45
5,9,2,12,0,4,1,23,32,176185,13,7298,0,40
3,11,2,2,0,4,1,38,28,370509,9,0,0,44
5,5,2,4,0,4,1,38,47,148738,4,0,0,72
3,15,2,2,0,4,1,38,37,342642,10,0,0,40
4,14,2,9,0,4,1,38,46,321764,15,0,0,50
3,9,2,3,0,4,1,38,30,154120,13,0,1977,60
3,6,2,2,0,4,1,38,47,138999,5,4386,0,48
3,9,2,3,0,4,1,38,43,222596,13,15024,0,50
3,11,2,13,0,4,1,38,45,186410,9,0,0,40
3,9,2,0,5,4,0,38,33,187802,13,0,1887,40
4,9,2,3,0,4,1,38,45,270079,13,0,0,50
3,0,2,2,0,4,1,38,55,200217,6,0,0,40
5,9,2,3,0,4,1,38,42,247422,13,0,0,45
7,1,2,14,0,4,1,38,66,249043,7,0,0,40
5,11,2,3,0,4,1,38,61,185640,9,0,0,30
3,11,2,0,0,2,1,38,34,191957,9,0,0,40
3,11,2,9,0,4,1,38,53,361405,9,0,0,40
3,9,2,3,0,4,1,38,44,116632,13,0,0,35
3,11,2,2,0,4,1,38,41,94113,9,99999,0,60
3,11,2,6,0,4,1,38,63,116993,9,0,0,40
0,7,2,0,5,2,0,38,53,218382,12,0,0,40
3,15,2,9,0,4,1,38,43,24264,10,0,0,40
6,11,2,2,0,4,1,38,50,78923,9,0,1485,40
1,11,2,2,0,4,1,38,43,211860,9,0,0,40
5,7,2,11,0,4,1,38,69,118174,12,20051,0,15
0,9,2,0,0,1,1,29,44,109414,13,0,1977,40
3,11,2,2,0,4,1,38,36,170174,9,15024,0,56
3,9,2,3,0,4,1,38,39,162370,13,0,0,40
7,15,4,14,3,4,1,39,22,52596,10,0,0,15
3,12,4,3,1,4,0,38,31,203463,14,99999,0,40
3,11,2,3,0,4,1,38,35,77792,9,0,0,45
4,11,2,3,0,4,1,38,58,120384,9,0,0,40
3,9,2,11,0,4,1,38,29,162298,13,0,0,55
3,11,4,9,1,4,0,20,34,159442,9,0,0,37
5,9,2,9,0,4,1,38,42,165815,13,0,0,52
3,11,2,12,0,4,1,38,35,210945,9,7298,0,38
3,9,0,3,1,4,0,38,41,30126,13,0,0,45
3,11,2,2,0,4,1,38,39,553588,9,0,1848,40
3,7,2,12,0,4,1,38,29,187750,12,0,0,40
4,4,2,3,0,1,1,2,59,76860,3,99999,0,40
3,15,4,3,1,4,1,38,42,256813,10,0,0,40
1,9,2,0,0,2,1,39,36,127424,13,0,0,50
5,11,2,9,0,4,1,38,45,390746,9,0,0,40
3,7,2,2,0,4,1,38,48,187715,12,0,1848,46
1,9,2,3,0,0,1,38,38,32587,13,0,0,50
3,9,2,11,0,4,1,38,35,250988,13,0,0,40
6,8,2,3,0,4,1,38,42,147206,11,0,0,40
1,9,2,0,5,4,0,38,36,287821,13,0,0,40
0,15,4,9,1,4,1,38,62,223163,10,0,0,40
3,15,2,13,0,2,1,38,66,171331,10,0,0,40
3,12,2,9,0,4,1,38,36,64874,14,0,0,60
3,7,2,11,0,4,1,38,34,196266,12,0,0,50
6,9,2,10,0,4,1,38,51,103063,13,7298,0,40
5,14,2,9,0,4,1,38,44,136986,15,0,1977,50
5,0,2,4,0,4,1,31,31,404062,6,0,0,55
5,12,2,11,0,4,1,38,56,368797,14,0,0,40
3,12,2,0,5,4,0,38,41,157473,14,0,0,50
3,12,2,3,0,1,1,16,36,153078,14,15024,0,40
3,11,2,6,0,4,1,38,31,179673,9,0,0,40
3,15,2,6,0,4,1,38,39,236648,10,0,1848,42
3,11,2,3,0,4,1,38,35,189102,9,0,0,55
5,11,3,2,1,4,1,38,34,203051,9,0,0,50
3,9,4,9,1,4,1,38,21,186087,13,0,0,40
1,9,2,13,0,4,1,38,34,117963,13,0,0,40
3,11,2,12,5,4,0,38,35,212195,9,0,0,35
5,9,2,3,0,4,1,38,42,52781,13,0,0,40
3,5,2,13,0,4,1,25,64,237581,4,0,0,48
1,12,0,9,4,4,1,38,47,246891,14,0,0,45
4,15,4,3,1,4,1,38,43,210013,10,0,0,50
5,9,6,4,1,4,1,38,72,298945,13,0,0,40
1,15,2,3,0,4,1,38,34,108247,10,0,0,45
3,11,2,13,0,4,1,38,31,103642,9,0,0,45
3,15,2,0,0,4,1,38,41,247081,10,0,0,40
3,0,2,13,0,4,1,38,37,166115,6,0,0,50
5,14,2,9,0,4,1,38,41,198196,15,15024,0,50
3,9,2,11,0,4,1,38,60,176360,13,0,0,40
3,9,2,3,0,4,1,38,62,190610,13,0,0,50
3,15,2,11,0,4,1,38,40,296858,10,5178,0,40
3,9,2,3,0,4,1,38,42,294431,13,0,0,60
1,9,2,9,5,4,0,38,46,117310,13,0,0,21
3,15,2,9,5,4,0,38,27,203558,10,0,0,40
3,15,2,3,0,4,1,38,39,61518,10,0,0,50
3,8,2,9,0,4,1,38,45,246891,11,0,1902,40
3,12,2,3,0,4,1,38,51,194995,14,0,0,50
4,11,2,3,0,4,1,38,39,128715,9,0,0,45
3,15,2,9,0,4,1,38,44,191196,10,0,0,35
5,14,2,9,0,4,1,38,43,52131,15,0,1902,50
3,8,4,11,4,4,0,38,40,174090,11,4687,0,50
0,9,2,10,0,4,1,38,38,103323,13,0,0,55
3,12,2,9,0,4,1,38,54,99185,14,0,0,40
0,11,2,13,0,2,1,22,48,55377,9,0,0,55
1,12,2,9,0,4,1,38,40,284086,14,7688,0,40
0,7,2,3,0,4,1,38,47,186256,12,15024,0,40
3,9,2,12,0,4,1,38,39,189404,13,0,0,40
3,9,2,3,0,4,1,38,36,239755,13,0,0,50
3,11,2,0,0,2,1,38,44,271756,9,0,0,40
0,15,2,3,0,4,1,38,41,27444,10,0,0,40
3,8,0,11,1,4,1,38,40,126701,11,13550,0,50
8,11,2,6,3,4,0,38,50,123004,9,0,1887,40
1,11,2,7,0,4,1,38,58,310085,9,0,0,40
3,9,2,9,5,4,0,38,37,32719,13,0,0,50
4,15,2,3,0,4,1,38,45,328610,10,0,0,55
3,11,2,6,5,4,0,38,29,125131,9,0,0,40
1,9,2,9,0,4,1,38,39,20308,13,0,0,40
3,9,2,9,0,4,1,38,33,228931,13,7298,0,40
4,14,2,9,0,4,1,38,40,279914,15,0,2415,40
3,11,2,13,0,4,1,21,57,194161,9,0,0,42
3,15,2,2,0,4,1,38,31,33117,10,0,0,45
3,11,2,3,0,4,1,38,54,165001,9,0,0,48
0,8,2,9,0,4,1,38,43,111483,11,3103,0,40
3,11,2,0,0,4,1,38,64,104973,9,0,0,45
3,15,2,0,5,4,0,38,55,199212,10,5178,0,40
1,12,2,9,0,4,1,38,41,207685,14,0,0,61
3,11,2,3,0,4,1,38,28,118089,9,4386,0,45
3,9,2,11,0,4,1,38,49,209057,13,0,0,60
1,11,4,2,3,4,1,38,90,188242,9,11678,0,40
3,11,2,2,0,4,1,38,47,20956,9,0,0,40
3,9,2,9,5,4,0,38,40,55567,13,0,0,40
1,9,2,9,0,4,1,38,36,185556,13,0,0,35
3,11,2,3,5,4,0,38,31,323985,9,0,0,40
3,15,2,11,0,4,1,38,37,196434,10,0,0,40
3,9,0,9,4,4,1,38,42,222756,13,7430,0,40
3,11,2,2,0,4,1,38,46,165937,9,0,0,40
7,15,2,14,0,2,1,38,70,98979,10,0,0,20
3,9,0,3,1,4,1,38,36,128392,13,4787,0,40
5,11,2,2,0,4,1,38,31,402812,9,7298,0,45
3,12,2,9,0,4,1,38,48,83444,14,7298,0,55
3,9,2,11,0,2,1,38,32,169512,13,0,0,60
3,10,2,9,0,4,1,38,50,57852,16,0,0,55
3,8,2,2,0,4,1,38,32,296466,11,0,0,40
4,15,2,11,0,4,1,38,44,248476,10,0,0,45
1,9,2,10,0,4,1,38,36,220237,13,0,1977,40
3,9,2,12,0,2,1,38,38,285890,13,0,0,55
5,11,2,3,0,0,1,38,56,159937,9,0,0,30
3,14,2,9,0,4,1,38,28,208725,15,0,0,50
3,9,2,0,0,2,1,38,37,406328,13,0,0,50
1,12,4,9,1,4,1,38,24,115222,14,10520,0,40
6,12,2,9,0,4,1,38,42,248406,14,0,0,38
3,15,2,7,0,4,1,38,55,173504,10,0,0,50
3,8,2,3,0,4,1,38,40,201908,11,0,0,40
1,9,2,2,0,4,1,38,46,126754,13,0,0,50
1,11,2,10,0,4,1,25,25,306352,9,0,1902,40
1,12,2,3,0,4,1,38,50,24013,14,0,0,55
3,11,2,2,0,4,1,38,54,162745,9,0,0,55
3,15,2,2,0,4,1,38,34,426431,10,0,0,48
3,6,0,6,1,4,1,38,55,178353,5,10520,0,60
3,12,2,3,0,4,1,38,44,91674,14,0,0,50
3,11,2,2,0,4,1,38,46,141058,9,7298,0,40
1,12,2,9,5,4,0,38,47,154430,14,0,0,40
5,9,2,3,0,4,1,38,40,367819,13,0,1977,40
3,9,2,9,0,4,1,38,66,115880,13,10605,0,40
3,8,2,3,0,2,1,38,37,262278,11,15024,0,45
1,10,2,3,0,4,1,38,47,150211,16,0,0,40
3,12,2,9,0,4,1,38,47,188694,14,15024,0,45
3,8,2,6,0,4,1,38,45,238386,11,0,0,40
1,12,2,9,0,4,1,38,50,96062,14,0,0,70
3,11,2,0,0,4,1,38,41,202565,9,0,0,40
5,12,2,9,0,4,1,38,62,243733,14,7298,0,70
6,11,2,2,5,2,0,38,48,104353,9,0,0,40
3,12,2,12,0,4,1,38,50,82566,14,0,0,45
0,11,2,2,0,4,1,38,32,177855,9,0,0,55
3,12,0,3,1,4,0,8,40,199191,14,0,0,50
3,15,2,2,0,4,1,38,56,191330,10,0,0,40
4,11,2,3,0,4,1,11,50,193720,9,0,0,70
4,7,2,9,0,4,1,38,39,172927,12,15024,0,50
3,9,2,11,5,4,0,38,36,48976,13,0,0,40
3,11,2,2,5,1,0,2,37,281012,9,0,0,40
0,12,2,1,0,4,1,38,44,296858,14,0,0,40
3,11,2,6,0,4,1,38,46,84790,9,0,0,40
0,9,2,9,0,4,1,38,30,49398,13,0,0,40
3,15,4,3,1,4,1,38,61,48549,10,0,0,38
3,15,2,6,5,4,0,38,37,446390,10,0,0,40
1,9,2,9,0,4,1,38,43,256253,13,0,0,55
3,15,2,9,5,4,0,38,31,61898,10,0,0,40
4,14,2,9,0,4,1,38,35,237713,15,0,0,50
7,11,2,14,0,4,1,38,39,105044,9,7298,0,40
6,12,2,9,5,4,0,38,48,98010,14,0,0,16
4,12,2,3,0,4,1,38,65,103824,14,0,0,40
3,9,2,11,0,4,1,38,28,115677,13,7688,0,40
3,9,2,3,0,4,1,38,34,35743,13,0,0,40
5,9,2,3,5,4,0,38,36,172425,13,0,0,25
3,15,2,6,0,4,1,38,48,195554,10,7298,0,40
3,9,2,3,5,4,0,38,32,265368,13,0,1902,44
3,7,2,3,0,4,1,38,45,233511,12,0,0,40
5,9,2,11,0,4,1,38,47,104489,13,0,0,40
3,9,2,0,0,4,1,38,54,146325,13,0,0,40
5,7,6,9,1,4,0,38,65,172906,12,0,0,50
5,9,2,11,0,4,1,38,49,228372,13,0,1977,60
3,11,2,5,0,4,1,38,40,369781,9,15024,0,45
5,15,2,2,0,4,1,38,28,149141,10,0,0,45
0,9,2,0,0,4,1,38,40,150533,13,0,1977,40
3,15,2,12,0,4,1,38,41,356934,10,0,0,45
1,9,2,9,5,4,0,38,54,277777,13,3103,0,40
1,11,2,7,0,2,1,38,32,247156,9,3103,0,38
3,9,2,0,5,4,0,38,56,284701,13,0,0,40
3,15,2,11,0,4,1,38,63,286990,10,0,0,50
3,9,2,11,0,4,1,38,46,149218,13,0,0,40
3,9,2,0,5,4,0,38,32,113453,13,0,0,24
3,15,2,0,0,4,1,38,33,159123,10,0,0,40
3,9,2,3,5,4,0,38,36,275338,13,0,0,40
6,9,2,3,0,4,1,38,60,113544,13,0,0,50
4,9,2,3,0,4,1,38,34,233727,13,0,0,50
3,11,2,2,0,4,1,38,36,379522,9,15024,0,40
3,14,2,9,0,4,1,38,39,218490,15,15024,0,60
4,9,2,11,0,4,1,38,38,312232,13,0,0,55
3,9,2,11,0,4,1,38,35,177449,13,0,1887,52
3,11,4,13,3,4,1,31,28,103432,9,0,0,45
5,9,2,3,0,4,1,25,51,275924,13,99999,0,50
3,15,2,3,5,4,0,38,34,162113,10,0,0,48
5,8,0,2,1,4,1,38,33,37232,11,10520,0,80
3,9,2,5,0,4,1,38,49,103123,13,0,0,40
3,9,2,11,0,4,1,38,43,206927,13,15024,0,50
3,14,2,9,0,4,1,38,55,314164,15,0,0,40
6,10,2,12,0,4,1,38,33,340899,16,0,0,45
3,12,2,12,0,4,1,38,47,31141,14,0,0,40
3,9,2,3,0,4,1,38,62,312818,13,0,1902,1
1,11,2,2,0,4,1,38,24,354351,9,0,0,60
3,11,2,2,0,4,1,38,49,192323,9,0,0,40
4,11,3,3,1,4,1,38,51,98980,9,0,0,99
6,15,2,2,3,4,1,38,25,120268,10,0,0,50
1,12,2,9,0,4,1,25,51,201040,14,0,0,40
3,10,2,3,0,4,1,38,55,141807,16,0,0,40
3,15,2,13,0,4,1,38,42,337276,10,0,0,40
3,15,2,7,0,4,1,38,45,103331,10,15024,0,44
3,9,2,11,0,4,1,38,43,115932,13,0,0,40
7,11,0,14,1,2,1,38,66,128609,9,0,0,40
3,14,0,9,1,4,1,38,41,316820,15,0,0,45
3,9,2,3,0,2,1,38,36,225516,13,0,0,40
6,14,2,9,0,4,1,38,63,89451,15,0,0,40
4,11,2,4,0,4,1,38,46,40666,9,15024,0,40
3,14,2,9,0,4,1,38,47,205068,15,0,1977,60
3,9,2,9,0,4,1,38,37,175232,13,0,0,40
3,15,2,12,0,4,1,13,41,319366,10,0,0,40
3,15,5,13,4,4,1,38,47,247869,10,0,0,50
3,15,2,11,0,4,1,38,39,204158,10,5178,0,60
3,9,4,12,1,4,1,8,27,110073,13,0,0,40
3,9,2,3,0,4,1,8,28,181008,13,0,0,50
3,12,2,9,0,4,1,38,38,105803,14,0,0,40
3,7,2,3,5,4,0,38,33,236013,12,0,0,55
3,9,2,3,0,4,1,38,48,85384,13,7688,0,40
3,15,2,2,0,4,1,38,47,115971,10,0,0,40
0,12,2,3,0,4,1,38,45,211399,14,7298,0,40
5,15,2,11,5,4,0,38,56,19896,10,0,0,60
7,15,2,14,5,4,0,38,59,169611,10,7298,0,12
3,12,0,3,1,4,1,11,36,220237,14,0,0,50
5,8,2,4,0,4,1,38,46,130779,11,0,0,48
3,8,2,2,0,4,1,38,34,199539,11,0,0,48
3,11,2,2,0,4,1,38,26,210521,9,0,0,42
3,12,2,0,0,4,1,38,42,223763,14,0,0,40
5,8,2,11,0,4,1,38,43,116632,11,0,1887,45
3,9,2,3,0,4,1,38,46,120131,13,3103,0,40
3,11,2,2,0,4,1,38,61,72442,9,0,0,40
5,9,2,2,0,4,1,38,44,342434,13,0,0,50
4,11,2,11,0,4,1,38,66,107627,9,0,0,60
3,7,2,3,0,4,1,38,43,316820,12,7688,0,40
0,11,4,0,1,4,1,38,52,165050,9,0,0,48
4,9,0,3,1,4,1,38,57,121912,13,0,0,50
5,9,2,9,0,4,1,1,39,198841,13,0,0,60
3,9,0,3,1,4,1,38,39,86643,13,27828,0,55
3,11,2,13,0,4,1,38,26,219199,9,0,0,50
1,15,2,13,0,4,1,38,34,33731,10,0,0,40
3,11,2,13,0,4,1,38,39,140854,9,0,1902,60
3,14,4,9,1,4,1,38,26,29488,15,0,0,40
3,12,2,3,0,4,1,38,52,279129,14,0,0,60
3,9,0,3,4,4,1,38,45,71145,13,0,0,45
6,14,2,9,0,1,1,18,59,139611,15,0,1977,40
3,12,2,9,0,1,1,38,53,92565,14,0,0,40
3,9,2,0,0,4,1,4,46,234690,13,0,0,40
3,8,2,3,0,4,1,38,36,89202,11,0,0,50
1,11,2,10,0,4,1,38,38,187046,9,0,0,40
3,9,2,3,0,4,1,38,38,397877,13,15024,0,50
3,9,2,11,0,4,1,38,37,258827,13,0,0,50
4,8,0,3,1,4,0,38,46,167882,11,8614,0,70
3,12,2,3,0,4,1,38,39,172571,14,0,0,45
5,14,4,9,1,4,1,38,46,246891,15,0,0,99
3,7,2,2,0,4,1,38,25,307643,12,3103,0,45
3,15,2,2,0,4,1,38,36,241306,10,0,0,40
3,9,2,0,0,4,1,38,30,92531,13,0,0,40
3,11,2,2,0,4,1,38,38,149347,9,0,0,40
3,11,2,13,0,4,1,38,38,414991,9,0,0,40
0,15,2,12,0,4,1,38,53,164195,10,4386,0,40
3,7,2,2,0,4,1,38,62,155913,12,0,0,40
0,15,2,3,0,4,1,38,38,68840,10,0,0,40
3,11,2,0,0,2,1,38,44,172837,9,0,0,52
7,10,2,14,0,4,1,38,70,116080,16,0,0,2
5,12,4,11,1,4,1,38,39,183081,14,0,0,60
3,12,2,9,5,4,0,38,34,251521,14,0,0,40
3,15,2,2,0,4,1,38,32,261319,10,0,0,50
3,11,2,11,0,4,1,38,32,144949,9,0,0,40
1,14,2,9,0,4,1,38,68,202699,15,6418,0,35
5,9,0,11,1,4,1,1,57,256630,13,0,0,60
3,9,0,9,4,2,0,38,42,259727,13,25236,0,20
3,11,2,0,5,4,0,38,47,331650,9,0,0,40
3,15,2,3,0,4,1,38,37,376455,10,0,0,40
3,15,2,2,0,4,1,38,57,125000,10,0,0,40
3,7,2,5,0,4,1,38,43,390369,12,0,0,40
3,9,2,3,0,4,1,38,51,250423,13,0,0,50
7,12,2,14,5,4,0,38,73,402363,14,0,0,16
3,9,2,9,0,4,1,38,43,107503,13,0,0,48
3,15,2,2,0,4,1,38,33,158438,10,0,0,50
4,8,2,3,0,4,1,38,42,190044,11,7298,0,52
3,15,5,6,1,4,1,38,47,213668,10,8614,0,65
1,15,2,10,0,4,1,38,28,98590,10,0,0,40
3,12,2,3,0,4,1,38,42,221947,14,0,0,45
3,11,2,6,0,4,1,38,33,160634,9,0,0,50
3,9,2,9,0,4,1,38,35,276559,13,7298,0,45
3,12,2,0,5,4,0,38,50,178251,14,0,0,40
3,9,2,11,0,2,1,38,58,145370,13,15024,0,50
3,11,2,13,0,2,1,38,53,164198,9,0,0,40
1,11,6,0,1,4,0,38,64,190228,9,0,0,35
4,10,2,2,0,4,1,38,59,132559,16,0,1977,55
3,9,0,12,4,4,0,38,41,172712,13,0,0,40
3,15,2,0,2,4,0,38,30,295010,10,0,0,40
5,9,2,9,0,4,1,38,67,268781,13,0,0,20
3,9,2,11,0,4,1,38,49,204629,13,0,0,40
3,12,2,3,0,4,1,38,38,117802,14,7688,0,60
3,11,2,2,0,4,1,38,49,117849,9,0,0,40
3,11,2,0,0,4,1,38,53,127749,9,0,0,40
3,15,2,3,0,4,1,38,51,245356,10,7298,0,55
5,9,2,3,0,4,1,38,66,197816,13,0,0,17
7,11,2,14,0,4,1,38,67,110122,9,0,0,32
0,9,2,3,0,1,1,38,51,85815,13,0,0,40
3,9,2,9,0,4,1,38,43,38946,13,0,0,50
6,10,2,9,0,4,1,38,56,165867,16,0,0,40
4,7,2,3,0,4,1,38,43,49249,12,0,0,50
3,9,2,3,0,4,1,38,50,125417,13,7298,0,65
6,9,2,0,0,4,1,38,45,191001,13,7688,0,40
6,12,2,3,0,4,1,38,61,347445,14,0,0,40
3,15,2,3,0,4,1,38,60,152727,10,0,1902,40
5,2,2,2,0,4,1,38,32,112115,8,0,0,70
3,15,4,3,1,4,1,38,34,111567,10,0,0,40
3,12,2,9,0,4,1,38,58,98630,14,0,0,40
3,15,2,13,0,4,1,38,52,384959,10,0,0,36
3,9,2,2,0,4,1,38,50,174655,13,0,1887,40
3,9,2,11,0,4,1,38,58,131608,13,0,0,55
0,11,2,3,0,4,1,38,50,193116,9,0,0,40
3,15,2,9,0,4,1,38,47,199058,10,0,0,40
3,14,2,9,0,4,1,39,40,202508,15,7688,0,48
5,1,0,7,1,4,0,38,66,58326,7,0,0,40
1,9,2,0,0,4,1,38,46,481258,13,0,0,45
3,11,2,3,0,4,1,38,28,114072,9,0,0,40
4,12,2,3,0,4,1,38,46,222829,14,0,0,60
4,9,2,11,0,4,1,38,43,375807,13,0,1977,60
4,9,2,9,0,4,1,38,47,77764,13,0,0,60
6,10,4,9,1,4,1,38,44,46221,16,0,0,45
4,9,2,11,0,4,1,38,49,172246,13,99999,0,40
3,9,2,12,0,4,1,10,36,389725,13,7298,0,40
5,11,2,2,0,4,1,38,53,257728,9,0,0,50
3,15,2,12,0,4,1,38,32,264554,10,0,0,40
3,12,2,9,0,4,1,38,35,210945,14,0,0,60
3,14,2,9,0,4,1,38,58,147098,15,15024,0,60
4,9,2,11,0,4,1,38,67,127605,13,0,2174,40
3,9,3,3,1,4,0,38,51,169785,13,0,0,60
3,1,4,9,3,4,1,38,24,360077,7,0,0,40
3,8,2,2,0,4,1,38,35,282753,11,0,0,40
3,12,2,9,5,4,0,38,38,185053,14,0,0,20
1,12,2,9,0,4,1,38,42,261899,14,0,0,50
3,9,2,3,0,4,1,38,80,227210,13,9386,0,40
3,9,2,3,0,4,1,38,35,111128,13,15024,0,65
3,11,2,11,0,4,1,38,37,119929,9,0,0,45
3,12,2,9,5,4,0,38,41,590204,14,15024,0,40
3,15,2,5,0,4,1,38,40,144928,10,7298,0,40
5,11,2,13,0,2,1,13,52,182187,9,0,0,40
3,15,2,11,0,4,1,38,38,180288,10,0,1977,60
4,9,2,3,0,4,1,38,43,123490,13,0,0,40
3,10,3,9,1,1,1,2,38,100079,16,27828,0,60
5,12,2,9,0,4,1,38,64,163510,14,0,2415,50
3,15,2,11,0,4,1,38,39,106838,10,4386,0,45
3,5,2,13,0,4,1,38,71,244688,4,6514,0,40
3,0,2,2,0,4,1,38,40,170721,6,0,0,50
3,9,2,9,0,4,1,38,53,152810,13,0,0,40
3,12,4,3,1,2,1,39,37,516701,14,0,1564,50
4,7,2,13,0,4,1,38,53,233149,12,0,0,45
3,11,2,11,0,4,1,38,35,210310,9,0,0,55
7,9,2,14,0,4,1,38,72,31327,13,0,0,20
3,9,2,9,0,4,1,38,35,122747,13,0,0,50
1,12,2,3,0,4,1,38,37,176949,14,7688,0,55
3,9,2,3,0,4,1,38,61,293899,13,0,0,50
3,9,2,11,0,4,1,38,48,168262,13,0,0,25
1,12,2,9,0,4,1,38,48,193960,14,7688,0,50
3,9,2,3,0,4,1,38,51,249449,13,0,0,55
4,15,2,3,0,4,1,38,34,156192,10,0,0,45
3,15,2,11,0,4,1,38,42,297266,10,0,0,90
3,11,2,3,0,4,1,38,67,127921,9,9386,0,40
3,9,2,3,5,4,0,38,47,158924,13,0,0,40
1,9,2,9,0,4,1,38,41,103614,13,0,0,45
4,12,2,11,0,4,1,38,57,84231,14,0,1977,50
3,9,2,9,0,4,1,38,47,155890,13,7688,0,40
3,9,4,11,1,4,0,38,29,116372,13,0,0,50
3,1,2,13,0,4,1,38,31,117659,7,0,0,40
1,12,4,9,1,4,1,38,44,207685,14,8614,0,33
3,15,2,0,0,4,1,38,40,277647,10,0,0,35
5,9,2,9,0,4,1,38,43,37869,13,0,1977,40
3,9,0,3,4,2,0,38,43,174748,13,7430,0,45
4,9,2,12,0,3,1,9,40,140915,13,0,0,40
5,8,2,9,0,4,1,38,44,157237,11,15024,0,50
3,15,2,2,0,4,1,38,51,214840,10,0,0,48
5,7,2,9,5,4,0,1,51,318351,12,0,0,30
3,9,2,3,0,4,1,38,57,144012,13,0,0,40
6,10,2,3,0,1,1,35,40,114714,16,0,0,40
1,11,2,2,0,4,1,38,33,107793,9,0,0,50
3,9,2,3,0,4,1,38,49,175958,13,0,0,46
3,15,4,3,1,4,1,38,46,241350,10,8614,0,50
5,11,2,2,0,4,1,38,28,183151,9,0,0,40
3,12,2,11,0,4,1,38,44,118947,14,0,0,44
3,12,2,11,0,4,1,38,42,184018,14,0,0,45
3,8,2,2,0,4,1,38,25,332409,11,0,0,40
6,9,4,9,1,4,1,38,28,134813,13,0,0,65
6,11,2,9,0,2,1,38,51,196395,9,0,0,60
1,8,4,12,1,4,0,38,27,24988,11,0,1564,72
0,11,4,0,1,4,1,38,67,231604,9,0,0,40
3,15,2,2,0,4,1,38,36,193815,10,0,0,50
1,15,2,10,0,4,1,38,44,277533,10,0,0,40
4,9,2,3,0,4,1,38,57,212600,13,0,1977,40
3,11,2,3,0,4,1,38,34,55849,9,7298,0,50
3,11,2,13,0,4,1,38,23,271354,9,0,1902,50
6,12,0,9,1,4,1,38,50,139157,14,0,0,60
1,15,2,10,0,4,1,38,39,364782,10,0,0,40
3,9,2,12,5,2,0,38,43,137304,13,0,0,40
4,14,2,9,0,4,1,38,44,171615,15,0,0,55
3,9,2,3,0,4,1,38,47,101299,13,0,0,50
3,10,2,9,0,4,1,38,46,67001,16,0,0,40
1,9,0,10,1,2,0,38,48,169515,13,0,0,43
3,11,0,3,1,4,0,38,49,121253,9,0,1564,40
3,12,2,3,5,4,0,38,31,143083,14,0,0,40
3,8,4,11,1,4,1,1,25,223426,11,0,0,65
1,9,2,9,0,4,1,38,29,181434,13,7298,0,40
3,9,2,9,5,4,0,8,27,213225,13,7298,0,45
1,15,2,3,5,4,0,38,44,143104,10,0,0,38
1,11,0,10,4,2,0,38,41,216116,9,0,0,40
5,15,2,11,0,4,1,38,50,98180,10,99999,0,45
3,11,2,6,0,4,1,38,39,223792,9,0,0,40
3,8,2,11,0,4,1,38,46,145290,11,0,0,40
5,15,2,3,0,3,1,19,28,35864,10,0,0,70
3,11,2,10,0,4,1,38,61,258775,9,4386,0,40
3,15,2,13,0,4,1,38,39,342768,10,0,0,40
3,11,2,3,0,4,1,38,52,279440,9,5178,0,40
6,11,2,3,0,4,1,38,66,33155,9,0,0,45
1,9,2,10,0,4,1,38,49,95256,13,0,0,42
3,9,0,3,1,4,0,38,42,188243,13,0,0,50
3,11,2,10,0,4,1,38,37,116960,9,0,0,40
0,11,2,0,0,4,1,38,54,28683,9,4386,0,41
3,9,2,11,0,4,1,38,36,109133,13,0,0,50
3,7,2,3,0,4,1,38,44,201495,12,0,1977,50
3,9,0,11,1,4,0,38,49,187634,13,0,0,50
5,11,2,2,0,4,1,1,49,36601,9,0,0,40
3,11,2,13,0,4,1,38,39,199816,9,0,0,50
3,5,2,2,0,4,1,31,29,119793,4,0,0,40
3,9,2,9,5,4,0,38,28,145242,13,4386,0,20
5,9,2,11,0,4,1,38,49,225456,13,0,0,60
0,7,2,9,0,4,1,10,46,362835,12,0,0,40
3,11,2,2,0,4,1,1,41,304605,9,0,0,40
3,11,2,2,0,4,1,38,30,97723,9,0,0,35
3,7,2,3,0,4,1,38,34,410615,12,0,0,60
3,9,2,3,0,2,1,38,43,224998,13,0,1977,40
3,15,2,12,0,4,1,25,31,441949,10,0,0,40
4,7,2,4,0,4,1,38,41,38876,12,0,1977,50
1,9,2,3,0,2,1,38,45,308275,13,7688,0,65
3,11,2,2,0,4,1,38,35,173586,9,0,0,45
0,11,2,12,0,4,1,38,39,178877,9,0,0,40
3,9,2,3,0,4,1,38,34,197252,13,0,0,45
6,12,2,3,0,4,1,38,43,118544,14,0,0,50
3,7,2,11,0,4,1,38,42,56072,12,0,0,45
5,11,2,3,0,4,1,38,46,138626,9,0,0,40
7,15,2,14,0,4,1,38,67,350525,10,0,0,15
3,9,4,7,1,2,0,38,45,306122,13,0,0,44
3,9,4,12,1,4,0,38,31,356823,13,10520,0,40
3,15,2,6,5,2,0,38,42,256179,10,0,0,48
6,9,2,9,0,4,1,38,37,164898,13,0,0,40
1,12,2,9,0,2,1,38,58,217802,14,7688,0,45
3,11,2,4,0,4,1,38,59,97213,9,0,0,40
6,15,2,9,0,4,1,38,54,151580,10,0,1902,40
3,11,2,11,0,4,1,38,44,188615,9,0,0,60
1,12,4,9,1,4,0,38,50,163576,14,0,0,50
3,9,2,11,0,4,1,38,28,106935,13,0,0,50
3,12,2,9,0,4,1,39,32,340917,14,0,1848,60
4,14,2,9,0,4,1,38,72,149689,15,20051,0,48
3,14,2,7,5,4,0,38,37,110331,15,0,0,60
3,15,2,0,0,4,1,38,54,353787,10,0,0,40
3,9,2,9,0,1,1,2,41,79586,13,0,0,60
3,15,2,9,0,2,1,38,52,142757,10,0,0,56
3,15,2,2,0,4,1,38,53,35459,10,0,0,47
3,9,2,11,0,4,1,38,31,157640,13,7688,0,55
3,12,2,11,0,4,1,38,39,106964,14,0,1977,55
5,7,2,3,0,4,1,38,74,160009,12,0,0,30
7,11,2,14,5,4,0,38,51,209794,9,0,0,3
3,1,2,4,0,4,1,38,31,128065,7,0,0,55
3,12,2,9,5,4,0,39,34,130078,14,7688,0,32
5,9,2,3,0,4,1,17,53,169112,13,0,0,40
0,11,2,0,5,4,0,38,37,362006,9,0,0,40
4,14,0,9,1,4,1,38,59,170993,15,13550,0,40
3,11,2,13,5,4,0,38,35,143059,9,0,1902,28
0,11,2,2,0,2,1,38,43,594194,9,0,0,40
1,12,2,9,0,4,1,38,56,191754,14,0,0,50
4,15,2,3,0,4,1,38,26,384276,10,0,0,60
5,9,2,11,0,4,1,38,46,368355,13,0,0,60
3,9,2,7,0,4,1,38,51,108435,13,0,0,40
7,15,2,14,0,4,1,38,63,176827,10,0,0,30
3,15,2,11,0,4,1,38,42,209547,10,5178,0,40
3,11,2,7,5,4,0,38,29,197565,9,0,1902,35
1,11,2,13,0,4,1,32,52,203953,9,0,0,40
3,9,2,9,0,2,1,38,71,132057,13,9386,0,50
3,15,2,3,0,4,1,38,41,244945,10,0,0,65
3,15,0,11,1,4,1,38,55,327406,10,0,0,65
3,15,2,13,0,4,1,38,39,114942,10,0,0,43
4,15,2,11,0,4,1,38,32,204470,10,0,0,99
3,10,4,3,1,4,1,38,50,195844,16,13550,0,50
3,14,6,9,4,4,1,38,68,116993,15,0,0,60
3,10,2,9,0,1,1,34,42,167948,16,0,0,40
4,9,2,11,0,4,1,38,67,273239,13,0,0,50
1,12,2,9,0,4,1,38,52,230112,14,0,0,40
3,8,2,12,0,4,1,38,44,117728,11,0,0,40
3,9,0,11,1,4,1,38,44,304175,13,0,0,40
0,9,2,0,0,4,1,38,52,385183,13,0,0,40
3,8,2,12,5,4,0,38,31,290964,11,0,0,38
3,15,0,11,1,4,1,38,48,377401,10,0,0,40
4,14,4,9,1,4,0,38,41,163215,15,0,0,60
3,9,2,3,0,4,1,38,54,178530,13,0,0,60
3,11,2,2,0,4,1,38,41,173307,9,0,0,40
3,15,2,11,0,4,1,38,42,212760,10,0,0,60
6,15,2,3,0,4,1,38,53,101238,10,0,0,40
3,11,2,6,0,4,1,38,35,151835,9,0,0,45
3,15,2,11,0,4,1,38,70,291998,10,20051,0,65
3,10,2,9,0,4,1,38,44,136986,16,0,0,50
3,9,2,3,0,4,1,38,42,347890,13,0,1902,50
0,11,4,0,1,4,1,38,37,39207,9,0,0,40
3,7,2,3,0,4,1,38,59,159770,12,0,0,40
0,11,2,0,0,4,1,38,59,181940,9,0,0,40
3,9,0,11,1,4,1,38,30,213226,13,27828,0,40
3,15,2,0,0,4,1,38,36,214008,10,0,0,40
3,15,2,3,0,4,1,38,25,48029,10,0,0,40
3,10,2,11,0,4,1,38,46,278322,16,0,0,40
3,15,2,2,0,4,1,38,38,107302,10,3103,0,40
3,15,2,9,0,4,1,38,43,147110,10,0,0,40
3,9,2,12,0,4,1,38,34,108837,13,0,0,48
3,15,2,7,0,4,1,38,55,27227,10,0,1977,35
3,9,2,9,0,4,1,38,42,602513,13,0,0,45
4,9,2,3,0,4,1,38,55,114495,13,0,2415,50
3,9,2,9,0,4,1,38,43,171087,13,5178,0,40
3,9,2,0,0,4,1,38,38,589809,13,0,0,45
3,12,2,3,0,4,1,38,56,258579,14,0,0,50
3,15,2,6,0,3,1,32,29,123200,10,0,2415,40
1,9,2,0,5,4,0,38,47,101016,13,7688,0,40
0,11,2,0,0,4,1,38,40,179717,9,7298,0,50
3,9,2,11,0,4,1,38,39,82521,13,0,0,45
3,9,2,9,0,4,1,38,50,338836,13,0,1887,36
1,11,2,13,0,4,1,38,47,122206,9,0,0,20
6,9,2,9,5,1,0,29,35,88215,13,0,0,40
7,11,2,14,0,4,1,38,68,188102,9,0,0,8
6,12,2,3,0,4,1,38,51,166459,14,0,0,40
3,10,2,9,0,4,1,38,33,36222,16,0,0,45
3,9,2,11,0,4,1,38,31,203488,13,0,1977,45
3,10,0,9,1,4,1,38,32,303692,16,0,0,40
3,8,2,12,0,4,1,38,41,306496,11,0,0,40
3,9,2,3,5,4,0,38,44,270147,13,0,0,45
3,9,0,7,1,4,0,38,47,131160,13,99999,0,40
3,7,2,12,0,4,1,38,38,181661,12,0,0,56
3,9,0,3,1,4,1,1,46,98524,13,0,0,40
3,9,2,3,0,4,1,38,56,157786,13,0,1902,55
3,12,0,9,4,4,0,38,47,167625,14,0,0,40
3,9,2,3,0,4,1,38,61,190955,13,7688,0,40
3,11,2,13,0,4,1,38,50,185846,9,3103,0,40
3,9,2,11,0,4,1,38,69,164110,13,10605,0,50
4,11,2,2,0,4,1,38,38,231491,9,0,0,50
3,14,2,9,0,4,1,38,36,69481,15,0,0,55
3,12,2,3,0,4,1,38,42,199018,14,0,0,40
3,7,0,11,1,4,0,38,36,23892,12,0,0,40
3,15,0,6,4,4,0,38,31,201156,10,0,0,55
3,5,2,6,0,2,1,13,37,255454,4,7298,0,35
3,9,2,7,0,3,1,19,36,298635,13,0,0,40
3,14,0,9,1,4,1,38,39,40955,15,0,0,45
3,9,2,9,0,4,1,38,29,247867,13,0,0,40
3,11,2,0,5,4,0,38,47,101825,9,0,0,40
3,9,2,9,5,4,0,38,25,166977,13,0,1887,40
3,15,2,3,0,4,1,38,63,546118,10,0,0,35
3,9,2,3,0,4,1,38,33,175856,13,0,0,50
4,12,2,11,0,1,1,16,45,213897,14,0,1902,40
3,9,2,11,0,4,1,38,42,212894,13,0,0,70
3,7,2,2,0,4,1,1,50,341797,12,0,0,40
3,8,2,2,0,4,1,38,32,252646,11,0,0,40
3,9,0,9,1,4,1,38,39,453686,13,0,0,40
3,8,2,0,0,4,1,38,50,98815,11,0,0,46
3,11,2,2,0,4,1,38,43,195897,9,0,0,40
3,1,2,7,0,2,1,38,67,126361,7,0,0,9
1,12,2,3,5,4,0,38,28,229656,14,0,1485,40
3,12,2,3,0,4,1,38,62,189665,14,15024,0,40
3,15,2,3,0,4,1,38,50,320510,10,0,0,60
3,9,4,12,1,4,0,38,25,281627,13,0,1564,30
3,9,2,3,0,1,1,23,35,301911,13,0,0,50
3,12,2,3,0,4,1,38,52,89041,14,99999,0,40
3,7,2,0,2,1,0,38,37,96483,12,5178,0,38
3,11,2,2,0,4,1,38,42,179533,9,0,0,40
3,9,2,10,0,4,1,38,64,250117,13,0,1902,50
5,8,2,11,0,4,1,38,40,194360,11,0,0,72
5,11,2,2,0,4,1,38,41,49448,9,99999,0,40
4,9,2,9,0,4,1,38,45,270535,13,15024,0,40
3,15,0,9,1,4,1,38,48,155489,10,0,0,40
3,11,2,11,0,4,1,38,38,33394,9,0,0,75
3,7,0,0,4,4,0,38,39,161295,12,0,0,40
7,11,2,14,0,4,1,38,49,178341,9,7688,0,50
3,12,2,0,0,1,1,2,62,104849,14,0,0,40
3,11,2,11,0,4,1,38,50,237868,9,0,1887,55
1,9,2,9,0,4,1,38,44,185267,13,0,1902,40
3,12,2,3,0,4,1,38,41,33331,14,0,1902,40
6,11,2,0,0,4,1,38,57,328228,9,0,0,40
3,15,4,3,1,3,1,18,45,92374,10,13550,0,60
3,11,0,2,1,4,1,38,42,183319,9,0,0,43
3,8,2,12,0,4,1,38,23,308647,11,0,1887,40
6,9,2,9,0,4,1,38,30,107142,13,0,0,37
3,9,2,9,0,4,1,38,42,23157,13,0,0,50
3,12,4,3,3,4,0,38,24,188569,14,4787,0,60
3,15,2,3,0,4,1,38,53,239155,10,0,0,50
0,12,2,3,2,4,1,38,46,125892,14,15024,0,40
3,11,2,2,0,4,1,38,48,191681,9,0,0,40
1,12,2,9,0,4,1,38,45,111994,14,0,0,40
3,15,2,11,0,4,1,38,44,314739,10,0,0,40
3,11,2,2,0,4,1,38,25,190107,9,0,0,40
1,9,4,9,1,4,0,38,39,30269,13,0,0,44
3,11,2,11,0,4,1,38,53,199720,9,0,0,40
5,9,2,9,2,4,0,38,24,31606,13,0,0,20
3,15,2,13,0,4,1,38,55,323639,10,0,0,74
1,15,0,0,1,2,0,38,55,219074,10,0,0,55
3,15,2,3,5,4,0,38,38,212143,10,0,0,35
3,12,2,3,0,4,1,38,37,353550,14,15024,0,60
3,15,2,9,0,4,1,38,37,107302,10,15024,0,45
5,12,2,9,0,4,1,38,65,169435,14,0,0,39
5,9,2,3,0,4,1,38,32,68879,13,0,0,50
3,8,2,2,0,4,1,38,45,226081,11,0,0,40
4,10,2,11,0,1,1,35,41,160120,16,0,0,40
3,14,2,9,0,4,1,38,40,154374,15,0,0,60
3,9,2,0,0,4,1,38,42,244910,13,0,0,40
3,9,2,12,0,4,1,38,48,120902,13,0,0,40
3,15,2,2,0,0,1,38,47,150429,10,0,0,50
3,12,4,9,1,4,1,38,54,186224,14,0,0,40
5,14,2,9,0,4,1,38,69,187332,15,20051,0,45
4,0,2,3,0,4,1,38,60,137733,6,0,1977,44
3,9,5,11,1,4,1,38,46,106662,13,99999,0,55
1,12,2,9,0,4,1,38,41,247082,14,0,0,40
5,11,2,4,0,4,1,38,68,69249,9,0,0,10
3,14,4,9,1,4,1,38,35,194668,15,99999,0,45
3,12,2,9,5,4,0,1,40,266803,14,15024,0,50
3,12,2,9,0,4,1,38,55,161423,14,0,0,52
3,12,4,3,1,4,0,38,45,215892,14,0,2824,50
3,11,2,11,0,4,1,38,33,158438,9,0,0,55
3,15,2,6,0,4,1,38,38,200445,10,0,0,48
0,11,2,0,0,4,1,38,31,103651,9,0,0,45
4,9,5,11,4,4,1,38,51,200046,13,0,2824,40
3,9,2,3,0,4,1,38,32,193285,13,0,0,45
7,9,2,14,5,4,0,38,57,153788,13,99999,0,45
3,10,2,3,0,4,1,38,40,174395,16,0,0,40
3,11,2,13,0,4,1,38,34,121321,9,0,0,50
3,14,2,9,0,4,1,38,47,159399,15,0,0,55
3,11,2,2,0,4,1,38,39,182189,9,0,1887,65
0,9,2,10,0,4,1,38,47,38819,13,0,0,45
1,7,2,2,0,4,1,38,39,218490,12,0,0,40
5,9,2,11,0,4,1,38,44,460259,13,0,0,50
1,12,2,9,5,4,0,38,35,405284,14,0,0,35
5,9,2,3,0,4,1,38,48,26502,13,0,0,40
7,11,6,14,4,4,0,38,71,365996,9,6612,0,42
1,7,2,0,5,4,0,32,42,216411,12,0,0,35
6,11,2,10,0,4,1,38,37,122493,9,0,0,55
3,15,5,9,1,4,1,1,42,188615,10,0,2231,50
4,8,0,3,1,4,0,11,32,169152,11,10520,0,80
3,12,2,12,0,4,1,38,45,216414,14,0,0,50
3,9,2,11,0,4,1,38,38,324053,13,0,0,40
3,15,2,2,0,4,1,38,46,138069,10,0,0,40
3,15,2,9,0,4,1,38,43,211580,10,0,0,40
3,9,2,0,0,4,1,38,28,133937,13,15024,0,55
4,10,2,3,0,4,1,38,48,188694,16,0,0,40
3,9,2,11,0,4,1,38,31,177675,13,0,0,40
0,15,2,0,0,1,1,29,38,337505,10,0,0,40
4,15,2,11,0,4,1,38,50,209642,10,99999,0,55
5,9,2,3,5,4,0,38,56,121362,13,15024,0,40
3,7,2,11,0,4,1,38,44,219155,12,0,0,40
3,9,2,3,0,4,1,38,48,329144,13,0,1977,60
3,9,2,3,0,2,1,38,33,236304,13,0,0,60
3,11,2,9,0,4,1,38,35,399601,9,0,0,50
3,11,2,2,0,4,1,38,37,21798,9,0,0,45
3,9,2,9,0,4,1,38,69,135891,13,0,0,7
0,11,2,0,0,4,1,38,40,155106,9,0,0,55
1,15,0,0,3,4,1,38,50,270221,10,0,0,43
3,5,2,11,0,4,1,38,73,145570,4,0,0,35
3,15,2,3,0,4,1,38,66,127139,10,0,0,40
3,11,2,11,0,4,1,38,56,50490,9,0,0,45
5,15,2,4,0,4,1,38,50,34067,10,0,0,60
3,11,4,5,1,4,1,38,48,359808,9,0,0,40
3,11,0,12,1,4,1,38,49,28171,9,4787,0,40
3,12,2,9,0,1,1,19,30,298871,14,0,1887,45
4,11,2,3,0,4,1,38,31,113752,9,0,0,40
1,9,2,9,0,4,1,38,42,277256,13,0,0,40
3,1,2,2,0,4,1,38,57,206206,7,0,0,40
3,11,2,12,0,4,1,38,49,239865,9,0,0,50
3,9,2,3,0,4,1,38,40,243580,13,0,0,44
3,14,2,0,5,4,0,38,36,132563,15,0,0,15
5,14,2,9,0,4,1,38,41,390369,15,0,0,58
3,11,2,2,0,4,1,38,41,40151,9,0,0,40
3,11,2,2,0,4,1,38,40,356934,9,0,1902,45
3,10,2,9,0,4,1,38,34,114691,16,0,0,50
3,12,2,9,0,4,1,38,49,222829,14,0,0,42
3,7,2,3,0,4,1,38,63,298699,12,0,0,40
3,11,2,11,0,4,1,38,56,97541,9,0,1977,40
4,12,2,3,0,4,1,38,38,148287,14,0,0,60
3,9,2,9,0,4,1,38,30,143766,13,0,0,40
3,11,2,3,0,2,1,38,46,30111,9,0,0,40
1,15,2,10,0,2,1,38,42,720428,10,0,0,40
0,9,2,9,0,4,1,38,44,32000,13,0,0,45
3,9,2,9,0,4,1,38,41,373403,13,0,0,40
1,15,2,9,0,2,1,22,36,322770,10,0,1887,40
3,9,2,9,0,1,1,2,39,269168,13,0,0,45
3,9,2,9,0,4,1,39,35,416745,13,0,0,40
3,0,2,13,0,4,1,38,38,101833,6,3103,0,40
3,9,2,2,0,4,1,38,40,355918,13,0,0,50
3,11,2,6,0,4,1,38,38,49115,9,0,0,40
5,11,0,3,4,4,0,38,52,284648,9,0,0,99
5,9,2,11,0,4,1,38,52,73134,13,0,0,40
3,11,4,11,1,4,0,38,44,172600,9,10520,0,50
7,9,2,14,0,4,1,38,61,244856,13,4386,0,40
1,11,2,10,0,4,1,38,30,263561,9,0,0,40
0,8,2,9,5,4,0,38,36,116580,11,0,0,45
5,14,2,9,5,4,0,38,33,141118,15,0,0,55
1,12,2,9,0,4,1,21,45,149337,14,0,0,40
3,11,2,2,0,4,1,38,35,133839,9,0,0,60
4,14,2,9,0,4,1,38,42,203233,15,99999,0,99
3,0,2,6,0,4,1,38,46,187510,6,0,0,40
3,9,2,9,5,4,0,38,39,127573,13,0,0,30
3,10,0,9,1,1,1,18,46,25894,16,0,0,40
3,12,2,11,0,4,1,38,44,106900,14,0,0,50
3,11,2,5,5,4,0,38,43,157473,9,0,0,48
3,12,2,11,5,1,0,23,31,122612,14,0,0,25
3,15,2,12,0,4,1,38,31,212705,10,0,0,40
3,12,2,9,5,4,0,38,38,436361,14,0,1977,20
0,9,2,9,0,4,1,38,60,54701,13,0,0,40
3,12,2,6,0,4,1,30,34,245211,14,0,0,40
3,9,2,0,0,4,1,38,50,98975,13,15024,0,40
3,9,2,11,1,1,0,0,26,297991,13,0,1977,75
3,15,2,11,0,4,1,38,36,196554,10,15024,0,40
1,12,2,3,0,2,1,38,40,50563,14,0,0,55
3,12,2,9,5,4,0,38,47,165517,14,0,0,40
3,12,2,3,0,4,1,38,30,192644,14,0,0,50
4,9,2,11,0,4,1,38,52,230919,13,0,0,60
3,15,2,2,0,4,1,38,43,170721,10,0,0,40
3,9,2,12,0,4,1,38,30,149726,13,7688,0,40
3,12,2,3,0,4,1,38,38,372525,14,15024,0,45
3,11,6,3,1,4,0,38,77,271000,9,0,0,40
3,9,2,9,0,4,1,38,45,212120,13,15024,0,40
3,9,2,3,0,4,1,38,35,351772,13,15024,0,45
3,15,2,13,0,2,1,38,33,309582,10,7298,0,50
5,9,2,3,0,4,1,38,58,290670,13,0,0,55
5,11,2,9,0,4,1,38,64,167877,9,0,0,60
3,14,2,9,0,4,1,38,76,174839,15,9386,0,25
0,9,2,0,0,4,1,38,46,83610,13,0,0,40
3,9,2,9,0,4,1,38,31,97723,13,7688,0,40
6,12,2,3,0,4,1,38,41,205153,14,0,0,50
3,15,2,0,0,4,1,38,31,364657,10,0,0,45
0,11,2,0,5,2,0,38,49,168598,9,0,0,40
7,9,6,14,1,4,0,38,67,137894,13,0,0,16
3,9,2,3,0,4,1,38,39,325374,13,15024,0,40
4,9,2,2,0,4,1,38,38,139364,13,15024,0,35
3,9,2,3,0,4,1,38,45,82797,13,0,0,45
1,15,2,0,5,2,0,38,54,287831,10,0,0,55
3,9,2,11,0,4,1,38,28,37805,13,0,0,40
3,9,2,2,5,4,0,38,32,32326,13,0,0,40
3,15,0,3,1,4,0,38,40,179809,10,0,0,40
3,15,2,7,0,4,1,38,56,105582,10,0,0,45
4,7,2,2,0,4,1,38,35,187693,12,0,0,80
3,15,4,6,3,4,1,38,34,235271,10,0,0,86
0,9,3,3,1,2,1,38,55,300670,13,0,0,40
3,9,2,11,0,4,1,38,43,173590,13,0,0,40
6,9,2,0,0,3,1,38,38,156866,13,0,0,40
3,14,0,9,4,4,0,38,52,149908,15,25236,0,44
3,15,2,11,0,4,1,38,26,151724,10,0,0,40
3,15,2,11,0,4,1,38,58,196502,10,0,0,60
4,14,2,9,0,4,1,38,37,199816,15,0,0,50
3,9,2,11,0,4,1,38,33,279231,13,0,1977,40
0,11,2,0,0,4,1,38,55,171870,9,0,0,46
3,11,2,11,0,4,1,38,32,127651,9,0,0,46
3,9,2,2,0,4,1,38,47,289517,13,0,0,50
1,11,2,5,0,1,1,29,58,81132,9,0,0,80
3,11,2,2,0,4,1,38,34,443546,9,0,0,40
5,9,2,11,0,4,1,39,34,195891,13,0,0,50
3,15,2,2,0,4,1,38,36,224541,10,0,0,40
3,9,2,9,0,4,1,38,46,155489,13,0,0,50
5,9,0,9,1,4,1,38,38,248919,13,27828,0,35
3,9,4,12,1,4,1,38,47,139268,13,27828,0,38
3,11,2,13,0,2,1,38,39,433592,9,0,0,45
3,9,4,9,1,4,1,38,29,336624,13,8614,0,40
3,9,3,3,1,4,0,38,47,177858,13,27828,0,60
3,9,2,3,0,4,1,38,40,84801,13,7688,0,40
3,11,2,11,0,4,1,38,31,214235,9,0,1977,40
3,15,2,3,0,4,1,38,33,160594,10,7298,0,40
4,12,4,3,1,4,1,38,46,188861,14,0,1564,50
5,14,2,9,0,4,1,4,42,54651,15,0,0,40
3,15,2,5,0,4,1,38,34,169496,10,0,0,40
3,15,2,6,0,4,1,38,43,108682,10,0,0,40
1,12,2,3,0,4,1,38,46,138107,14,0,1902,60
5,11,4,11,1,4,1,38,68,119056,9,0,0,24
3,12,2,11,0,4,1,38,52,233149,14,15024,0,40
3,15,2,3,0,4,1,38,38,179481,10,0,0,45
3,15,2,11,0,4,1,38,58,162970,10,0,1977,60
3,9,2,11,0,4,1,38,42,100479,13,0,0,40
3,12,2,9,5,4,0,38,36,150104,14,0,0,40
3,15,2,2,0,4,1,38,42,112494,10,7298,0,35
7,12,2,14,0,4,1,38,62,128230,14,0,0,48
4,9,2,3,0,4,1,38,45,200825,13,0,0,50
6,11,2,3,5,4,0,38,40,353687,9,0,0,40
3,11,2,2,0,4,1,38,60,154589,9,3103,0,35
3,15,2,13,0,4,1,38,50,249096,10,0,0,60
3,11,2,9,0,4,1,38,53,124993,9,0,0,43
5,9,2,11,0,4,1,38,46,366089,13,0,0,60
1,9,2,3,0,4,1,38,55,61708,13,0,0,40
3,11,2,2,0,4,1,38,31,208881,9,0,0,50
3,7,2,9,5,4,0,38,31,143851,12,0,0,40
3,11,2,0,5,4,0,38,54,141272,9,0,0,40
1,9,2,3,0,4,1,38,62,123749,13,0,0,40
3,15,2,12,0,4,1,38,49,39518,10,0,0,40
4,9,2,9,0,4,1,38,59,165695,13,0,0,20
3,15,2,11,0,4,1,38,31,177675,10,0,0,60
3,9,4,11,1,4,0,38,30,118551,13,0,0,35
5,11,2,13,0,4,1,38,37,68899,9,0,0,60
3,9,2,9,0,4,1,38,39,191503,13,0,1887,40
3,15,2,13,0,3,1,38,53,208122,10,0,0,60
1,12,2,9,0,4,1,38,46,174361,14,0,0,40
5,12,2,3,0,4,1,38,53,187830,14,7688,0,35
3,9,2,11,0,4,1,38,42,219155,13,15024,0,50
3,9,2,9,0,4,1,38,36,154410,13,0,0,40
3,9,2,3,0,4,1,38,41,195096,13,0,0,50
3,9,4,9,1,1,1,38,43,265072,13,0,2258,50
3,9,2,3,0,4,1,38,51,312446,13,0,0,37
3,11,6,12,1,4,1,38,53,98561,9,0,0,39
3,6,3,2,1,4,1,39,43,176452,5,0,0,50
6,12,0,3,4,4,1,38,46,171926,14,7430,0,50
1,9,2,9,0,4,1,38,45,310260,13,0,0,50
1,12,2,9,0,4,1,38,45,324550,14,7688,0,40
3,15,4,9,1,4,1,39,45,363253,10,0,0,50
3,12,0,3,1,4,1,38,34,173854,14,27828,0,60
0,14,4,9,1,4,1,38,32,72630,15,14084,0,55
5,9,2,2,0,4,1,38,42,99185,13,0,0,50
3,9,0,9,1,4,0,38,53,161482,13,0,0,50
3,15,2,2,0,2,1,38,42,169980,10,0,0,50
3,1,2,6,0,4,1,38,51,114758,7,0,0,48
3,8,4,0,3,4,1,38,39,170174,11,14344,0,40
3,9,2,3,0,4,1,8,36,383566,13,15024,0,55
3,9,2,9,0,4,1,38,41,176716,13,0,1902,40
6,9,2,9,5,2,0,38,43,598995,13,3103,0,40
5,15,2,2,0,4,1,38,33,266674,10,7298,0,56
4,9,2,11,0,4,1,38,43,27444,13,99999,0,40
3,9,3,3,1,4,1,20,36,139364,13,10520,0,40
3,11,0,3,4,4,0,38,43,236936,9,0,0,47
3,9,2,13,0,2,1,38,39,268258,13,7688,0,50
3,9,4,11,3,4,1,38,30,197886,13,0,0,40
5,9,2,11,0,4,1,38,43,83411,13,0,2415,40
1,9,2,9,0,4,1,38,47,209968,13,7298,0,40
1,11,2,13,0,4,1,38,52,133403,9,0,0,40
1,11,2,3,0,4,1,38,51,194970,9,0,0,40
4,11,2,3,0,4,1,31,38,66687,9,5178,0,50
0,8,2,0,0,4,1,38,27,115705,11,7298,0,50
3,9,2,3,0,4,1,38,57,181242,13,0,0,40
5,8,2,11,0,4,1,38,53,263439,11,0,0,50
3,11,4,11,3,4,0,38,23,442359,9,8614,0,15
3,15,2,11,0,4,1,38,40,244835,10,15024,0,50
3,8,2,2,0,4,1,38,41,154714,11,0,0,40
3,15,0,3,4,4,1,38,29,327766,10,0,0,55
3,11,2,6,0,4,1,38,32,296466,9,0,0,50
3,11,2,6,0,4,1,31,47,199277,9,0,0,50
3,15,2,13,0,4,1,38,36,208358,10,0,0,40
5,6,2,13,0,4,1,38,38,107410,5,0,0,45
3,11,2,5,0,4,1,38,53,402016,9,0,0,52
3,9,4,9,3,4,0,38,33,116294,13,0,0,40
6,8,2,9,5,1,0,29,45,310049,11,0,0,40
5,8,2,4,0,4,1,38,37,101561,11,0,0,50
5,10,2,9,0,4,1,38,61,48846,16,0,0,55
5,8,4,4,3,4,1,38,28,29974,11,10520,0,45
0,9,2,10,0,4,1,38,53,40641,13,0,0,40
5,10,2,9,0,4,1,38,73,256401,16,0,0,28
3,15,2,9,0,4,1,38,38,176335,10,0,0,40
3,9,2,3,0,4,1,38,28,190525,13,0,0,50
3,11,2,2,0,4,1,38,30,175878,9,0,0,42
3,9,4,9,1,4,1,39,35,211494,13,8614,0,40
3,9,4,11,1,4,0,38,39,98975,13,8614,0,50
3,11,2,3,0,4,1,38,35,284358,9,0,0,50
3,15,0,11,1,4,0,38,75,199826,10,0,0,36
7,14,2,14,0,4,1,38,60,380268,15,0,0,40
3,12,4,9,1,4,0,38,29,108574,14,0,0,40
6,11,2,3,0,4,1,38,47,185400,9,0,0,40
3,15,2,9,0,4,1,38,46,261059,10,0,0,40
3,7,2,13,0,2,1,39,41,405172,12,0,0,40
3,11,2,2,0,4,1,38,32,147654,9,0,1902,40
3,12,2,9,0,4,1,10,65,187493,14,20051,0,40
6,12,2,9,0,4,1,38,46,114396,14,0,0,40
3,7,2,3,5,4,0,38,47,318360,12,0,0,55
3,11,0,11,1,4,1,38,38,185556,9,0,0,50
1,12,2,9,0,4,1,38,58,100054,14,0,0,40
3,9,2,3,0,4,1,38,44,172307,13,7688,0,50
3,12,0,9,1,4,1,38,45,30840,14,27828,0,50
0,12,2,9,0,4,1,13,52,418640,14,15024,0,40
3,15,2,2,0,2,1,38,44,351262,10,0,0,38
4,11,2,11,0,4,1,39,44,223881,9,0,0,50
3,15,2,0,0,2,1,38,45,153682,10,0,0,40
3,10,2,9,5,4,0,38,52,122412,16,99999,0,35
3,11,5,2,4,4,1,38,47,189680,9,0,0,40
3,11,2,13,0,4,1,38,38,288158,9,0,0,50
3,12,2,3,0,4,1,38,32,146161,14,0,0,40
3,12,0,12,4,4,0,39,38,339677,14,0,0,40
3,9,2,12,0,1,1,39,37,123586,13,0,1902,73
3,11,2,2,0,4,1,38,46,118714,9,7298,0,40
3,15,0,3,4,4,1,38,33,230883,10,0,2824,48
1,12,2,9,5,2,0,38,45,272792,14,0,0,50
3,9,2,12,0,4,1,38,52,335997,13,7688,0,38
3,8,2,3,0,4,1,38,45,102318,11,0,0,45
6,10,2,9,0,4,1,38,60,265201,16,0,0,50
7,9,2,14,0,4,1,38,47,332884,13,0,0,45
3,9,2,11,0,4,1,38,33,304833,13,0,0,45
4,9,2,11,0,4,1,38,65,323636,13,10605,0,40
3,11,2,11,0,4,1,38,45,182689,9,7688,0,40
3,15,2,9,0,4,1,38,43,177905,10,0,0,40
5,11,2,4,0,4,1,38,46,188273,9,15024,0,50
4,9,2,3,0,4,1,38,62,163234,13,0,1902,55
1,11,2,0,5,4,0,38,50,166423,9,0,0,40
3,12,2,9,0,4,1,38,48,164200,14,0,0,40
0,9,2,0,0,2,1,38,59,134153,13,7298,0,38
4,14,4,9,1,4,1,38,44,144778,15,8614,0,50
1,12,2,9,0,4,1,38,50,82783,14,0,0,45
3,15,2,11,0,4,1,38,29,234972,10,0,0,50
3,12,4,3,1,4,1,38,33,437566,14,0,0,50
3,12,2,3,0,4,1,5,33,243266,14,0,0,40
5,14,2,9,0,4,1,38,43,297510,15,0,0,60
3,9,2,11,0,4,1,38,36,297449,13,0,0,50
3,11,2,3,0,4,1,38,49,38819,9,0,0,60
3,15,2,2,0,4,1,38,32,116539,10,0,0,40
5,7,2,11,0,4,1,38,58,359972,12,0,0,25
3,9,2,3,0,4,1,38,41,220109,13,0,0,55
3,11,2,6,0,4,1,38,32,214150,9,0,0,50
3,11,2,9,5,4,0,38,51,257756,9,0,0,50
3,1,2,10,0,2,1,38,75,186808,7,6418,0,50
3,11,2,7,0,4,1,38,53,173630,9,0,0,40
3,11,2,2,0,4,1,38,42,136986,9,7688,0,50
3,10,2,9,0,4,1,38,27,189565,16,0,0,40
3,15,2,2,0,4,1,38,47,165484,10,0,0,43
3,15,2,3,0,4,1,38,53,177727,10,0,0,50
4,11,2,3,0,4,1,38,53,190762,9,0,0,45
3,7,2,3,0,4,1,38,42,27661,12,7298,0,50
1,9,4,3,1,4,1,38,57,258641,13,0,0,40
5,11,2,11,0,4,1,38,71,200540,9,0,2392,52
3,11,2,11,0,4,1,38,64,262645,9,0,0,50
3,11,6,13,1,4,0,38,41,106698,9,13550,0,60
4,15,2,11,0,4,1,38,38,125645,10,0,0,50
3,9,2,11,0,4,1,38,32,136331,13,0,1887,40
1,15,2,9,0,4,1,38,46,274200,10,0,0,40
3,12,4,9,3,4,1,38,35,130540,14,0,1564,40
4,15,2,2,0,4,1,38,36,176837,10,7298,0,45
3,12,2,3,0,4,1,38,51,353317,14,0,0,70
6,10,2,9,0,4,1,38,36,230329,16,7298,0,40
3,11,2,9,0,4,1,38,48,164984,9,0,0,40
3,9,2,3,0,4,1,38,33,229051,13,0,1902,45
5,12,2,3,0,4,1,39,55,319883,14,4386,0,10
3,15,2,7,0,4,1,38,52,228516,10,0,0,35
5,11,2,3,0,4,1,38,47,242519,9,0,0,50
3,14,2,9,0,4,1,38,35,33001,15,15024,0,60
3,10,2,9,0,1,1,2,42,167174,16,0,0,50
3,11,4,6,3,4,1,38,41,106159,9,14344,0,48
3,9,2,3,0,4,1,38,31,197886,13,0,0,50
3,9,2,11,0,4,1,38,27,120126,13,0,0,75
4,11,2,3,0,4,1,1,41,67671,9,0,0,50
3,11,2,3,0,2,1,39,35,333636,9,0,0,50
6,9,2,9,0,4,1,38,58,312351,13,0,0,40
6,10,0,9,1,4,0,38,49,70209,16,14084,0,60
1,9,2,3,0,2,1,38,47,251588,13,0,0,40
1,9,2,9,0,4,1,38,42,247082,13,3103,0,50
3,11,2,2,0,4,1,38,53,239990,9,0,0,40
6,9,2,9,5,4,0,38,43,157999,13,0,0,40
3,12,2,3,0,4,1,38,36,295706,14,0,0,70
3,9,2,3,0,4,1,38,44,367819,13,0,0,40
5,9,2,11,0,4,1,38,55,204387,13,0,0,40
6,15,2,3,0,4,1,38,29,461929,10,3103,0,40
3,15,2,9,0,4,1,38,57,335605,10,0,0,40
3,11,2,6,0,4,1,38,49,176907,9,0,0,40
3,9,2,11,0,4,1,38,35,188069,13,0,0,60
3,9,2,11,0,4,1,38,55,53481,13,0,0,15
5,1,2,4,0,4,1,38,88,263569,7,6418,0,40
3,9,2,9,0,4,1,38,42,234508,13,0,0,40
3,11,2,9,5,4,0,38,40,184846,9,5178,0,40
3,9,2,9,0,4,1,38,32,360689,13,0,0,40
3,15,2,2,0,4,1,38,38,227615,10,0,0,40
3,12,2,3,0,2,1,38,44,259674,14,5178,0,60
5,10,2,9,0,4,1,38,57,130957,16,0,1887,70
7,15,0,14,1,4,0,38,36,172775,10,0,0,40
3,5,2,2,0,4,1,38,71,533660,4,0,0,40
3,15,2,2,0,4,1,38,34,253616,10,0,0,60
3,9,2,9,0,4,1,38,49,148549,13,0,0,55
3,9,2,3,0,4,1,38,52,176240,13,0,0,40
3,11,2,6,0,4,1,20,56,131608,9,0,0,40
0,15,2,0,0,4,1,38,50,289572,10,0,0,40
1,15,2,6,0,4,1,38,44,445382,10,7688,0,40
3,9,2,3,0,4,1,38,49,368355,13,0,0,43
3,11,2,13,0,4,1,38,41,117585,9,0,1977,50
3,12,2,3,0,4,1,38,48,193047,14,0,0,60
3,11,2,2,0,4,1,38,38,22463,9,15024,0,45
3,15,2,11,0,4,1,38,39,117381,10,0,0,50
3,9,2,9,0,4,1,38,30,53206,13,0,0,47
3,11,2,2,0,4,1,38,39,101192,9,0,0,40
6,12,2,9,0,4,1,38,51,42901,14,0,0,70
3,15,2,3,0,4,1,38,43,88787,10,0,0,45
4,6,2,2,0,4,1,38,60,180512,5,0,0,45
4,15,2,3,5,4,0,2,49,327258,10,0,1977,60
3,9,2,10,0,2,1,38,35,274158,13,3103,0,40
4,14,2,9,0,1,1,18,43,153205,15,0,0,70
1,12,3,9,4,4,0,38,43,126847,14,7430,0,60
3,9,2,3,0,4,1,38,51,346871,13,0,0,55
3,9,2,3,0,4,1,38,29,142712,13,0,0,40
3,14,4,3,1,4,1,38,41,46221,15,4787,0,60
3,8,2,6,0,4,1,38,47,349151,11,0,0,45
3,11,2,13,0,4,1,38,31,111883,9,0,0,50
1,15,2,10,0,3,1,38,35,33943,10,0,0,40
3,15,2,3,0,4,1,38,43,326232,10,0,0,40
3,9,1,11,5,1,0,29,30,19678,13,0,0,60
3,9,2,9,0,1,1,18,48,355781,13,0,0,40
0,14,2,9,0,4,1,39,27,182637,15,0,0,45
3,9,2,3,0,4,1,10,57,80149,13,0,1977,40
5,11,2,4,0,4,1,38,60,231770,9,0,0,65
4,10,4,9,1,4,1,38,40,46221,16,99999,0,55
0,9,2,3,0,4,1,38,44,259307,13,0,0,40
3,11,2,13,0,4,1,38,46,129007,9,0,0,41
3,11,2,11,2,4,0,38,40,133456,9,0,0,24
1,14,2,9,0,4,1,38,47,284871,15,0,0,35
3,0,2,6,0,4,1,38,61,173866,6,0,0,45
3,11,2,13,0,4,1,38,56,157786,9,0,0,48
4,9,2,3,0,4,1,38,49,154174,13,0,0,50
3,15,2,7,0,2,1,38,48,183000,10,0,0,40
3,15,2,13,0,4,1,38,30,49325,10,0,0,80
3,12,4,9,4,1,0,2,38,289448,14,0,0,40
3,15,2,0,0,4,1,38,60,178249,10,0,1887,40
5,12,2,3,5,4,0,38,41,143046,14,99999,0,50
0,14,2,9,0,4,1,38,52,57855,15,0,0,60
3,9,2,3,0,4,1,38,50,355954,13,0,0,50
5,12,2,9,0,4,1,38,41,167081,14,0,2415,55
6,8,2,7,0,4,1,38,42,184105,11,0,0,45
5,10,2,9,0,4,1,38,28,146735,16,0,0,50
3,11,2,12,0,1,1,40,43,154568,9,0,0,40
5,9,2,3,0,4,1,38,57,204387,13,0,1977,10
0,9,2,3,5,3,0,38,34,168931,13,0,0,40
4,15,2,11,0,4,1,38,81,51646,10,0,2174,35
3,11,2,6,0,4,1,38,37,38948,9,0,0,40
3,15,2,6,0,4,1,38,40,385266,10,0,0,40
4,7,2,11,0,4,1,10,68,289349,12,9386,0,70
3,2,2,0,0,4,1,39,45,179048,8,0,0,35
1,12,6,9,1,2,0,38,51,142801,14,0,0,40
4,9,2,3,0,4,1,38,68,119938,13,0,0,40
1,11,2,3,0,4,1,38,45,198759,9,0,1848,40
6,12,2,9,0,4,1,38,45,74305,14,0,0,35
1,12,2,9,0,4,1,38,55,190091,14,0,0,50
3,9,0,11,4,4,0,38,39,30875,13,0,0,40
1,11,2,10,0,4,1,38,42,226902,9,0,0,40
0,9,2,10,0,4,1,38,48,33084,13,0,0,50
3,15,2,3,0,4,1,38,38,152307,10,0,0,30
3,1,2,0,0,4,1,38,59,192671,7,7298,0,40
5,10,2,9,0,4,1,38,48,196707,16,99999,0,60
0,11,2,7,0,4,1,38,51,23698,9,0,0,40
3,9,2,3,5,4,0,38,61,224699,13,0,0,30
0,9,2,0,0,4,1,38,47,187581,13,0,0,48
3,11,2,3,0,4,1,38,40,421837,9,0,0,50
3,9,2,3,0,4,1,38,41,101593,13,0,0,60
3,11,6,9,1,4,1,38,42,122215,9,0,0,40
3,15,2,2,0,4,1,25,49,272780,10,15024,0,60
3,9,4,3,1,4,0,38,31,280927,13,0,0,40
3,9,2,9,0,4,1,38,25,202480,13,0,0,40
5,9,2,11,0,4,1,38,46,198759,13,0,0,50
3,9,2,9,0,4,1,38,31,234537,13,7298,0,50
6,15,2,9,0,4,1,38,41,119721,10,0,0,40
5,9,0,3,1,4,1,38,32,455995,13,0,0,50
3,12,2,12,0,1,1,2,41,143003,14,0,1887,45
1,0,2,7,5,4,0,38,59,435836,6,0,0,30
3,11,0,2,2,4,1,38,46,186539,9,0,0,48
1,12,2,9,5,4,0,38,48,97680,14,15024,0,10
5,9,2,9,5,4,0,38,57,47178,13,0,0,35
3,11,2,2,0,4,1,38,45,142909,9,0,0,40
3,11,2,13,0,2,1,38,54,217850,9,0,0,40
3,10,2,3,0,4,1,38,39,132879,16,0,0,42
4,8,2,3,0,4,1,38,59,145574,11,0,0,40
3,11,2,11,0,4,1,38,31,119411,9,0,0,40
5,1,2,3,0,4,1,38,71,139889,7,0,0,75
3,11,2,12,0,4,1,38,47,83407,9,0,0,84
3,15,2,12,0,4,1,38,35,132879,10,0,0,40
1,12,2,3,5,4,0,38,48,273767,14,7688,0,40
5,9,2,11,0,4,1,38,43,204235,13,0,0,50
3,11,2,6,0,4,1,38,44,185832,9,7298,0,40
3,9,2,0,0,4,1,38,81,55314,13,0,0,4
3,11,2,3,0,4,1,38,54,159755,9,7688,0,40
3,9,2,3,0,4,1,38,34,341954,13,0,0,40
3,12,2,9,0,4,1,38,46,64563,14,0,1887,45
5,15,2,4,0,4,1,38,32,29254,10,0,0,50
7,15,4,14,1,4,0,38,25,182810,10,0,1564,37
3,15,2,12,0,4,1,38,35,170195,10,0,0,40
6,9,2,3,0,4,1,38,62,200916,13,0,0,40
1,15,2,10,0,4,1,38,22,249727,10,0,0,40
3,11,2,6,0,4,1,38,51,150999,9,0,0,40
3,9,0,3,4,4,0,38,73,35370,13,0,0,40
3,9,4,9,1,4,1,38,32,246038,13,0,0,40
3,9,2,9,0,4,1,38,37,241153,13,15024,0,50
3,11,2,2,5,4,0,38,49,186706,9,7688,0,40
3,9,0,3,1,4,0,38,60,216574,13,0,0,40
6,11,2,10,0,4,1,38,42,82161,9,0,0,72
3,9,5,11,1,4,1,38,35,180131,13,0,0,50
7,5,2,14,0,4,1,38,49,111282,4,4386,0,99
0,9,2,3,0,4,1,38,49,61885,13,0,0,45
3,9,2,11,0,4,1,38,42,123838,13,0,0,60
1,12,2,9,5,4,0,38,39,187385,14,0,0,28
3,14,2,11,0,4,1,38,34,187203,15,7688,0,40
5,12,2,3,0,4,1,38,49,340755,14,5178,0,40
4,9,2,11,0,4,1,38,38,188069,13,15024,0,40
0,9,2,9,0,4,1,38,40,190910,13,0,0,40
3,11,2,2,0,4,1,38,43,195258,9,0,0,40
4,9,2,3,0,4,1,38,53,251240,13,0,2415,50
3,8,2,2,0,4,1,38,35,38948,11,3103,0,40
6,9,2,10,0,4,1,10,36,21798,13,15024,0,40
3,11,2,6,0,4,1,38,57,142076,9,4386,0,40
3,12,0,9,4,4,0,38,47,184169,14,0,0,40
7,11,2,14,0,4,1,38,67,222362,9,0,0,2
0,9,2,9,0,4,1,38,45,363418,13,0,0,40
3,11,2,4,0,4,1,38,50,39590,9,0,0,48
0,9,2,3,0,4,1,38,42,88909,13,0,0,40
3,9,2,9,0,4,1,38,36,117381,13,0,0,55
3,9,2,3,0,4,1,38,58,107897,13,7688,0,40
3,7,2,11,5,4,0,38,26,216225,12,0,0,50
0,9,2,9,0,4,1,38,45,78022,13,0,0,40
5,0,2,4,0,4,1,38,55,96459,6,0,1887,70
6,8,2,3,0,4,1,10,48,355320,11,0,0,15
3,15,2,11,0,4,1,38,45,243743,10,0,0,50
3,8,2,9,0,1,1,40,42,139012,11,0,0,40
3,14,2,9,0,4,1,38,32,72967,15,0,0,25
3,11,2,11,0,4,1,38,41,174373,9,0,0,30
5,9,2,9,0,4,1,38,62,113440,13,15024,0,40
3,12,2,3,0,4,1,38,45,110243,14,0,0,50
3,11,2,2,0,4,1,38,30,553405,9,0,0,40
3,11,2,2,0,4,1,11,58,101338,9,0,0,40
3,9,2,9,0,4,1,38,67,188903,13,0,0,40
7,12,2,14,5,4,0,38,38,139770,14,0,0,48
5,14,2,9,0,4,1,38,38,180477,15,0,0,37
3,11,2,6,0,4,1,38,34,329288,9,4386,0,55
4,14,2,9,0,4,1,38,49,218835,15,0,0,60
1,15,2,0,5,4,0,38,46,132994,10,7688,0,40
3,10,2,9,0,4,1,39,56,169086,16,0,0,55
3,9,2,12,0,4,1,38,36,112271,13,0,1902,40
3,11,2,5,5,4,0,38,46,178642,9,0,0,40
3,2,2,2,0,4,1,38,34,113708,8,0,0,59
3,15,2,6,0,1,1,39,36,303187,10,0,0,44
3,8,2,3,0,4,1,38,49,209739,11,7688,0,60
1,12,2,3,0,4,1,38,46,326292,14,0,0,40
3,11,2,2,0,4,1,38,35,212512,9,0,0,50
6,14,2,9,0,4,1,38,38,185180,15,7688,0,40
5,8,2,3,0,4,1,38,46,504941,11,0,0,40
4,9,4,3,1,4,0,1,48,192755,13,0,0,55
3,14,0,7,1,4,1,38,59,220896,15,27828,0,60
3,15,2,2,0,4,1,38,47,362835,10,0,0,40
5,9,2,3,0,4,1,38,34,450141,13,15024,0,35
3,9,2,3,5,4,0,4,29,135791,13,15024,0,50
3,12,0,11,1,4,1,38,55,173832,14,10520,0,40
3,9,2,3,0,4,1,38,67,191380,13,0,0,40
3,9,2,11,0,4,1,38,58,100054,13,0,1902,70
3,11,2,6,0,4,1,38,40,196626,9,0,0,45
7,1,2,14,0,4,1,38,66,194480,7,0,2377,2
3,15,2,11,0,4,1,38,42,152629,10,0,0,45
3,11,2,5,0,4,1,38,50,155434,9,0,0,40
3,12,4,9,1,1,1,19,30,315640,14,0,0,45
3,11,2,2,0,4,1,38,52,210736,9,7298,0,50
3,9,2,0,0,4,1,38,31,329635,13,0,0,50
3,4,2,7,5,1,0,29,46,76131,3,0,0,40
3,9,2,10,5,4,0,10,57,138777,13,0,0,45
3,7,2,2,0,4,1,38,44,248406,12,0,0,40
3,9,2,2,0,4,1,39,51,283314,13,15024,0,40
3,11,4,0,1,4,0,38,90,197613,9,0,0,40
3,9,2,11,0,4,1,38,49,184098,13,0,0,50
3,7,4,6,1,4,0,38,35,323120,12,0,0,44
3,9,2,3,0,4,1,38,51,229259,13,0,0,45
4,14,2,9,0,4,1,38,40,248476,15,0,0,50
3,14,2,9,0,4,1,38,31,226443,15,0,1977,70
1,15,2,10,0,4,1,38,52,149508,10,0,0,40
3,11,2,10,0,2,1,38,53,449376,9,0,0,40
3,15,2,3,0,4,1,38,38,22245,10,0,0,40
3,15,2,2,0,4,1,38,46,165468,10,0,0,50
3,15,2,3,0,4,1,38,38,220694,10,0,0,80
3,9,2,3,0,4,1,38,32,187815,13,0,0,45
3,11,2,6,0,4,1,38,33,234067,9,0,0,40
3,11,2,2,0,4,1,38,47,348886,9,0,0,40
3,9,2,9,0,4,1,38,34,185216,13,0,0,40
3,7,2,11,0,4,1,38,35,100375,12,0,1887,45
3,15,2,2,0,4,1,38,41,187795,10,0,1977,60
5,9,2,3,0,4,1,38,41,33474,13,0,0,55
3,9,2,3,0,4,1,38,58,110820,13,0,0,50
3,2,2,2,0,4,1,38,41,257758,8,0,0,40
3,9,2,9,0,4,1,38,36,150057,13,0,0,50
4,9,2,3,0,4,1,38,32,225053,13,99999,0,60
3,7,2,0,0,4,1,39,65,154164,12,20051,0,20
1,12,2,9,0,4,1,38,48,328610,14,0,0,50
3,11,2,13,0,4,1,38,59,264048,9,0,0,35
3,11,0,13,1,4,1,38,56,217775,9,0,0,50
3,12,2,2,0,4,1,38,48,187563,14,0,0,54
3,9,2,6,0,4,1,38,49,278322,13,0,0,40
3,11,2,11,0,4,1,38,49,144514,9,0,1887,45
6,12,2,3,0,4,1,38,51,290688,14,0,0,50
4,14,2,9,0,4,1,38,39,233117,15,0,0,40
3,14,2,3,0,4,1,39,53,289620,15,0,0,45
0,9,2,0,5,1,0,38,31,86150,13,5178,0,40
3,9,0,9,1,4,1,38,41,207335,13,0,0,45
3,9,2,9,0,4,1,38,31,140092,13,0,0,40
3,14,4,9,1,1,0,38,37,53232,15,0,0,55
3,15,2,11,0,2,1,38,44,150098,10,0,0,50
5,11,2,11,0,4,1,38,33,303867,9,0,0,70
3,9,2,9,0,1,1,38,38,154210,13,0,0,40
3,9,2,3,0,4,1,38,31,375833,13,0,0,55
3,11,2,5,0,4,1,38,41,289551,9,7688,0,40
0,8,2,0,0,4,1,38,47,239321,11,0,0,45
1,7,2,10,0,4,1,38,50,283314,12,0,1977,40
3,15,2,13,0,4,1,38,37,194668,10,0,0,45
4,12,4,11,3,4,0,38,31,162442,14,27828,0,40
3,9,2,0,5,4,0,38,41,341204,13,0,0,40
3,9,2,9,0,4,1,39,57,175942,13,0,0,40
5,11,2,2,0,2,1,38,47,267879,9,3103,0,50
1,7,0,10,1,1,1,38,42,69758,12,0,0,48
5,11,2,13,0,4,1,38,35,368140,9,0,0,65
3,12,2,11,0,4,1,38,46,189680,14,0,0,40
3,11,2,2,0,4,1,38,32,226443,9,0,0,40
4,15,2,11,0,4,1,38,58,274363,10,0,1977,50
3,15,0,12,1,0,1,38,46,220979,10,13550,0,40
3,11,2,2,0,4,1,38,36,187847,9,0,0,40
3,9,2,11,5,4,0,38,46,226032,13,0,0,16
3,15,2,11,0,4,1,38,33,392812,10,0,0,45
5,11,2,4,0,4,1,38,39,188069,9,0,0,60
3,10,2,9,0,4,1,38,48,366089,16,0,0,45
3,12,2,9,0,3,1,23,32,154210,14,0,1902,45
4,14,0,9,1,4,1,38,58,229116,15,0,0,70
1,11,2,10,0,2,1,38,26,271836,9,0,0,50
3,9,2,3,0,4,1,38,40,174575,13,0,0,45
1,15,2,3,0,4,1,38,37,269323,10,0,0,40
5,15,2,11,0,4,1,38,35,135020,10,0,0,75
3,11,2,2,0,4,1,38,53,174102,9,0,0,40
3,12,2,9,0,4,1,38,57,94156,14,7688,0,84
3,9,2,11,0,4,1,38,42,166740,13,0,1887,50
3,9,2,3,0,4,1,38,37,100316,13,0,0,50
4,11,2,11,0,4,1,38,23,216889,9,0,1977,40
6,9,2,3,0,4,1,38,44,101603,13,0,0,40
3,15,2,2,0,4,1,38,42,47012,10,7688,0,40
1,12,2,9,0,4,1,38,60,195409,14,15024,0,52
0,9,2,9,5,4,0,38,37,45937,13,0,0,48
0,9,2,3,0,4,1,38,48,102359,13,7688,0,40
3,11,2,10,0,4,1,38,30,186824,9,0,0,40
5,10,2,9,0,4,1,38,30,209808,16,0,0,40
3,9,2,9,0,4,1,38,62,49424,13,5178,0,40
6,9,2,9,0,4,1,38,47,142287,13,0,0,35
4,14,2,9,0,4,1,38,47,110901,15,0,2415,55
3,7,2,9,5,4,0,38,24,176566,12,3103,0,40
3,11,2,6,0,4,1,38,49,241350,9,5178,0,40
1,9,2,9,0,4,1,38,55,227386,13,0,0,40
3,10,2,9,0,4,1,38,50,205803,16,0,0,40
4,10,6,9,1,4,1,38,75,152519,16,25124,0,20
3,15,4,9,1,4,0,38,59,109015,10,0,0,38
3,7,2,9,0,4,1,38,37,225821,12,0,1485,40
7,12,2,14,0,4,1,38,46,110243,14,0,1977,20
3,8,2,9,0,4,1,38,27,209085,11,0,0,44
3,15,2,9,0,4,1,38,54,192386,10,7298,0,38
4,7,2,3,5,4,0,38,39,142149,12,0,0,20
3,15,2,13,0,4,1,38,59,47444,10,0,0,74
3,15,2,0,0,4,1,9,69,232683,10,0,0,15
3,9,2,11,0,4,1,38,29,163167,13,0,0,55
3,8,2,2,0,4,1,38,48,86009,11,0,0,40
0,11,2,7,5,4,0,38,35,316582,9,7298,0,40
5,14,2,9,5,4,0,38,50,165219,15,0,0,35
4,15,2,3,0,4,1,38,43,314739,10,0,0,92
3,9,2,11,0,4,1,38,30,226696,13,0,0,40
3,11,2,2,0,4,1,38,40,196344,9,0,1887,45
4,14,2,9,0,4,1,38,37,152414,15,0,0,60
5,9,2,3,0,4,1,38,39,272671,13,0,0,50
3,9,2,0,0,4,1,38,26,235520,13,0,0,40
3,11,5,0,1,4,0,38,40,309990,9,8614,0,60
5,9,2,2,0,4,1,38,45,240786,13,0,0,40
1,12,0,9,1,4,0,38,44,141186,14,8614,0,35
3,15,2,3,0,4,1,38,48,83545,10,0,0,65
3,7,2,11,0,4,1,38,28,142712,12,0,0,37
4,10,2,11,0,1,1,18,53,69372,16,0,0,40
0,9,2,3,0,4,1,38,56,205805,13,7688,0,40
1,15,2,9,0,4,1,38,48,212050,10,0,0,40
3,11,2,0,0,4,1,38,27,232388,9,4386,0,40
3,15,2,2,0,4,1,38,42,45156,10,0,0,40
3,10,2,11,0,4,1,38,50,256908,16,0,0,50
3,9,2,9,5,1,0,29,35,144401,13,0,0,40
3,9,2,3,0,4,1,38,31,185216,13,0,0,40
3,12,2,3,0,4,1,38,56,177271,14,0,0,50
3,9,2,11,0,4,1,38,46,151584,13,0,0,30
0,9,2,0,0,2,1,38,53,439263,13,0,0,40
5,12,2,3,5,4,0,38,47,62143,14,15024,0,40
5,12,2,6,0,4,1,38,58,119891,14,0,0,35
3,9,2,9,5,4,0,38,41,425444,13,15024,0,50
3,9,2,9,0,4,1,38,52,114674,13,0,0,52
3,7,2,11,0,4,1,38,48,213140,12,0,0,60
5,12,2,3,5,4,0,38,39,139770,14,0,0,30
3,11,2,3,0,4,1,38,62,99470,9,0,0,45
3,9,2,3,0,4,1,38,33,127651,13,0,0,55
1,15,4,10,1,4,1,38,26,314798,10,0,0,60
3,15,2,3,0,4,1,38,33,108438,10,0,0,60
3,11,2,2,0,4,1,38,41,165815,9,0,0,40
3,7,2,12,0,4,1,38,38,249039,12,3103,0,40
4,15,2,3,0,4,1,38,47,77660,10,15024,0,50
3,15,2,13,0,4,1,38,44,214546,10,0,0,48
7,11,2,14,0,4,1,38,48,142719,9,0,0,48
3,9,2,11,0,4,1,38,46,129232,13,0,0,55
5,11,2,7,0,4,1,38,39,176900,9,0,0,50
3,7,2,13,0,4,1,38,50,155574,12,0,0,55
3,7,2,9,0,4,1,38,41,76625,12,0,0,40
1,12,2,9,0,4,1,38,50,145879,14,7688,0,40
3,11,2,7,0,4,1,4,51,261207,9,0,0,40
3,14,2,9,0,4,1,38,64,181530,15,0,0,40
3,7,2,12,0,4,1,38,37,365739,12,0,0,40
4,11,2,2,0,4,1,38,36,196554,9,0,0,46
3,11,2,5,0,4,1,38,44,335223,9,0,0,40
3,11,2,3,0,4,1,38,53,380086,9,7688,0,48
3,8,2,0,5,4,0,38,35,302604,11,0,0,40
4,15,2,11,0,4,1,1,53,195398,10,0,1887,48
1,15,2,3,5,4,0,38,54,256923,10,0,0,40
3,12,2,9,0,4,1,38,59,176118,14,0,0,7
3,11,2,13,0,2,1,38,46,224559,9,0,0,40
3,11,2,2,0,4,1,38,39,122493,9,7298,0,40
6,12,2,3,0,4,1,38,57,247624,14,0,0,40
3,9,0,0,1,4,0,38,23,233280,13,8614,0,70
5,15,2,7,0,4,1,38,50,61735,10,0,0,25
3,11,2,3,0,4,1,38,30,188362,9,5178,0,40
3,11,2,11,0,4,1,38,42,191429,9,15024,0,60
3,10,5,3,1,4,0,38,43,435266,16,14084,0,60
3,11,2,9,0,4,1,38,61,345697,9,3103,0,40
7,9,2,14,5,4,0,38,42,191149,13,0,0,28
4,15,2,3,0,4,1,38,50,207841,10,7298,0,45
3,11,2,2,0,4,1,38,34,46492,9,0,0,50
3,11,6,2,1,4,0,38,48,158944,9,0,0,60
3,1,2,7,0,4,1,38,66,386120,7,10605,0,40
3,11,2,2,0,4,1,38,24,194829,9,0,0,45
3,8,2,5,0,4,1,38,47,145636,11,0,0,48
3,12,2,9,0,1,1,35,42,191342,14,0,0,40
1,11,3,10,1,4,1,10,36,202207,9,0,0,69
3,14,2,9,0,4,1,38,36,174242,15,7298,0,50
3,15,2,3,0,4,1,38,34,178449,10,3103,0,45
3,15,2,2,0,4,1,38,31,156192,10,0,0,40
3,15,2,0,0,4,1,38,39,126569,10,0,0,40
7,15,2,14,0,4,1,38,68,461484,10,0,1648,10
3,11,2,2,0,4,1,30,36,224531,9,0,0,40
5,14,2,9,0,4,1,4,46,346783,15,15024,0,35
3,9,2,11,0,4,1,38,43,334991,13,0,0,50
3,11,2,6,0,4,1,38,37,389725,9,7298,0,40
3,11,2,5,0,2,1,38,44,231853,9,0,1902,40
3,15,4,12,4,4,0,38,37,328301,10,4934,0,60
3,12,6,3,4,4,1,38,51,113045,14,15020,0,40
3,11,2,2,0,4,1,38,40,77370,9,0,0,40
6,15,2,10,0,4,1,38,48,176917,10,0,0,40
3,9,2,3,0,4,1,38,35,138441,13,0,0,40
3,9,2,3,0,4,1,38,46,30840,13,0,0,50
3,13,5,13,1,2,1,38,61,194804,1,14344,0,40
0,2,2,10,0,4,1,38,38,455379,8,0,0,56
3,11,2,11,0,4,1,38,36,22245,9,0,0,40
3,8,2,0,0,4,1,38,35,143231,11,0,0,44
3,0,2,5,0,4,1,38,49,182541,6,0,1485,40
0,15,2,9,0,4,1,38,44,257395,10,0,0,40
3,15,2,11,0,4,1,38,49,174426,10,0,1977,50
5,14,2,9,0,4,1,38,47,187901,15,0,0,50
3,1,2,6,0,4,1,38,56,82050,7,7298,0,40
3,8,2,2,0,4,1,38,33,172304,11,0,0,50
1,12,2,9,0,4,1,38,44,174575,14,7688,0,40
5,12,2,9,0,4,1,38,61,151369,14,99999,0,30
3,10,2,9,0,4,1,38,49,120121,16,7688,0,45
3,9,4,9,1,4,1,38,36,224566,13,99999,0,45
7,12,2,14,0,4,1,38,56,124319,14,0,0,40
3,9,2,9,0,4,1,38,42,32878,13,99999,0,42
1,9,2,9,0,4,1,38,40,36296,13,0,0,50
5,14,2,9,0,4,1,38,63,175177,15,0,0,35
3,9,2,11,0,4,1,38,36,272950,13,0,0,50
3,12,2,3,0,4,1,38,46,131091,14,0,0,50
5,9,2,11,0,4,1,38,43,71269,13,0,0,40
3,15,2,0,0,4,1,38,46,41223,10,0,0,40
4,9,2,12,0,4,1,38,46,292569,13,7298,0,65
4,14,2,3,0,4,1,38,59,177271,15,99999,0,84
4,11,2,3,0,4,1,38,58,314482,9,0,0,40
3,11,0,13,1,4,1,38,61,181200,9,0,1564,40
3,14,2,9,0,4,1,1,29,152951,15,0,0,50
3,12,2,3,0,4,1,38,38,220694,14,0,0,50
3,15,2,7,0,4,1,38,50,104280,10,0,0,40
3,12,2,3,0,4,1,38,44,112482,14,0,0,55
3,10,6,12,4,4,1,38,54,317733,16,0,2472,40
0,15,2,2,0,4,1,38,48,277946,10,0,0,40
3,15,2,3,0,4,1,38,46,263727,10,0,0,60
3,12,4,9,1,2,1,39,34,143776,14,0,0,45
3,1,2,2,0,4,1,38,32,180871,7,0,0,40
3,15,2,2,0,2,1,38,43,72791,10,5178,0,40
1,12,2,9,0,4,1,38,34,207668,14,0,0,41
3,9,4,11,1,4,1,38,42,449925,13,0,0,40
5,15,4,9,1,2,0,38,39,139703,10,0,0,48
3,11,2,2,0,4,1,38,52,259323,9,0,0,40
3,12,2,9,0,4,1,38,48,83407,14,0,0,50
1,12,2,9,0,4,1,38,51,43705,14,0,0,54
3,7,2,2,0,4,1,38,31,97723,12,0,0,40
3,9,2,3,0,4,1,38,44,77373,13,0,0,50
3,9,0,3,4,4,1,38,56,174864,13,0,0,45
3,15,2,9,5,4,0,38,45,121676,10,0,0,36
3,11,2,2,0,4,1,38,38,108140,9,0,0,50
3,15,2,3,0,4,1,38,46,185041,10,0,1902,50
3,11,2,13,0,4,1,38,41,242804,9,0,0,40
3,9,2,11,0,4,1,38,48,156926,13,0,0,45
3,9,2,3,0,4,1,38,52,203635,13,0,1902,65
1,10,2,10,0,4,1,38,64,47298,16,0,0,45
1,14,2,9,0,4,1,38,55,258121,15,0,1902,40
3,12,4,3,3,4,1,38,37,422933,14,0,0,40
3,12,2,0,5,4,0,38,27,32452,14,0,0,20
3,7,2,3,0,4,1,38,35,54363,12,0,0,50
6,9,2,9,0,4,1,38,59,354948,13,3103,0,40
3,9,2,11,0,4,1,38,31,162572,13,15024,0,60
3,11,2,6,0,4,1,38,32,196125,9,0,0,40
3,5,2,13,0,4,1,38,57,127728,4,0,0,44
3,11,2,12,5,1,0,38,29,288229,9,4386,0,45
3,15,2,3,0,4,1,38,41,160785,10,0,0,60
4,11,0,11,4,4,1,38,34,177828,9,0,0,50
5,9,0,2,1,4,1,38,50,187830,13,27828,0,16
3,11,2,9,5,4,0,28,52,240612,9,0,0,40
1,15,2,13,0,2,1,38,35,297322,10,0,0,40
0,11,2,2,5,4,0,38,34,408813,9,0,0,40
3,14,2,9,0,4,1,38,30,34572,15,0,0,80
3,15,2,9,0,4,1,38,57,161944,10,7688,0,60
3,8,2,11,0,4,1,38,32,24529,11,5178,0,60
5,9,2,11,0,4,1,38,51,311631,13,0,0,40
4,11,2,3,0,4,1,1,49,77132,9,0,0,40
3,8,2,9,0,4,1,38,60,117909,11,7688,0,40
3,12,2,9,0,4,1,38,38,149347,14,0,0,50
1,12,2,3,0,4,1,38,43,23157,14,0,1902,50
3,14,2,9,0,4,1,38,40,202168,15,15024,0,55
1,12,2,9,5,4,0,39,50,139347,14,0,0,40
4,9,2,3,0,4,1,38,35,182148,13,0,0,60
5,11,2,3,0,4,1,38,52,209642,9,0,0,45
3,12,4,9,1,4,0,38,31,45781,14,14084,0,50
3,9,2,3,0,4,1,38,42,159449,13,5178,0,40
3,15,2,3,0,2,1,38,37,280464,10,0,0,80
6,9,2,9,0,1,1,18,30,141297,13,0,0,40
3,8,2,2,0,1,1,39,40,121772,11,0,0,40
5,12,0,3,4,4,0,38,43,292175,14,0,0,45
3,10,2,9,0,4,1,38,40,193524,16,0,0,60
1,9,2,12,0,4,1,38,56,216851,13,0,0,40
7,15,2,14,0,1,1,34,54,180211,10,0,0,60
3,15,2,11,0,4,1,39,31,84154,10,0,0,38
0,9,2,9,0,2,1,38,57,337895,13,0,0,40
3,14,2,9,5,4,0,15,47,51835,15,0,1902,60
0,9,0,3,1,4,1,38,50,251585,13,0,0,55
3,15,2,12,0,4,1,38,43,237993,10,0,0,40
3,10,2,9,0,4,1,38,42,116632,16,0,0,45
3,11,2,0,5,4,0,38,53,169846,9,0,0,40
4,15,2,3,0,4,1,38,49,191681,10,0,0,50
5,9,2,11,0,4,1,38,29,162298,13,0,0,70
3,11,0,2,1,4,0,38,44,343591,9,14344,0,40
1,11,2,10,0,4,1,38,49,268234,9,0,0,40
0,10,4,9,1,4,0,38,43,410867,16,0,0,50
1,9,2,10,0,4,1,38,34,226296,13,0,0,40
5,10,2,9,0,4,1,38,48,191277,16,0,1902,60
3,15,2,11,0,4,1,38,37,202683,10,0,0,48
3,12,2,3,0,4,1,38,76,124191,14,0,0,40
3,9,2,3,0,4,1,38,44,198282,13,15024,0,60
4,11,2,2,0,4,1,38,32,317660,9,7688,0,40
3,14,2,9,0,4,1,38,38,65324,15,0,0,40
5,11,2,7,0,4,1,1,56,335605,9,0,1887,50
1,8,2,2,0,2,1,38,49,197371,11,0,0,40
6,9,2,9,0,4,1,38,29,267989,13,0,0,50
3,9,2,3,5,4,0,38,47,287828,13,0,0,40
3,7,2,0,0,4,1,38,31,114937,12,0,0,40
0,12,2,9,0,4,1,19,38,125933,14,0,0,40
3,15,2,2,0,1,1,38,49,81973,10,0,0,40
3,8,4,9,1,4,0,38,45,196584,11,0,1564,40
7,11,0,14,1,4,1,38,52,252903,9,0,0,45
5,12,2,11,0,4,1,38,45,201080,14,0,0,40
3,15,2,11,0,4,1,38,51,96062,10,0,1977,40
6,9,2,9,0,4,1,38,28,149624,13,0,0,40
1,15,2,3,0,2,1,38,44,181344,10,0,0,38
3,5,2,6,0,4,1,25,40,286370,4,0,0,40
0,15,2,0,0,4,1,38,37,29054,10,0,0,42
6,10,2,9,0,4,1,38,58,109567,16,0,0,1
0,12,4,3,1,4,0,38,40,56795,14,14084,0,55
3,12,2,9,2,4,1,38,35,138992,14,7298,0,40
3,9,2,3,0,4,1,38,51,259323,13,0,0,50
3,9,2,7,0,2,1,38,36,128757,13,7298,0,36
4,11,2,11,5,4,0,38,58,210563,9,15024,0,35
3,11,2,2,0,4,1,38,37,208358,9,0,0,40
4,5,2,6,0,4,1,38,54,125417,4,0,0,40
3,9,4,3,1,2,1,38,37,635913,13,0,0,60
3,14,4,9,1,4,1,38,28,76714,15,0,0,55
3,9,2,3,0,4,1,19,41,180138,13,0,0,50
1,12,2,3,0,4,1,38,38,115076,14,0,0,70
3,9,2,9,0,4,1,38,40,347890,13,0,0,40
3,11,2,0,0,4,1,38,58,236596,9,0,0,45
3,7,2,12,0,4,1,38,40,207578,12,0,1977,60
3,14,2,9,5,4,0,38,41,112763,15,0,0,40
5,11,2,4,0,1,1,0,42,303044,9,0,0,40
4,15,2,3,0,1,1,36,37,257295,10,0,0,75
3,11,2,3,0,4,1,38,64,21174,9,0,0,40
3,11,2,2,5,4,0,38,33,222205,9,0,0,40
3,11,2,3,0,4,1,38,61,69867,9,0,0,40
3,15,2,2,0,4,1,38,44,170924,10,7298,0,40
3,15,2,6,5,4,0,38,24,279472,10,7298,0,48
1,15,2,2,0,4,1,38,42,97688,10,5178,0,40
0,12,2,11,0,4,1,38,57,425161,14,15024,0,40
3,14,2,9,0,4,1,38,41,220531,15,0,0,60
3,9,2,0,0,4,1,38,48,146268,13,7688,0,40
3,11,2,13,0,4,1,38,31,217460,9,0,0,45
3,11,2,11,0,4,1,38,55,238638,9,4386,0,40
3,7,2,0,0,4,1,38,35,193815,12,0,0,40
4,15,2,4,0,4,1,38,41,34987,10,0,0,54
3,12,2,3,0,1,1,35,34,142897,14,7298,0,35
5,9,0,9,1,2,0,38,36,205607,13,0,0,40
3,15,2,9,5,4,0,38,43,187728,10,0,1887,50
3,8,2,2,0,4,1,38,38,296478,11,7298,0,40
6,11,2,10,0,4,1,38,36,119272,9,7298,0,40
3,9,2,3,0,4,1,38,33,117963,13,0,0,40
3,9,2,3,0,4,1,38,33,111363,13,0,0,40
7,9,2,14,0,4,1,38,59,372020,13,0,0,40
0,11,2,0,0,4,1,38,38,95432,9,0,0,40
3,8,2,12,0,4,1,38,40,96129,11,0,0,40
3,12,2,9,0,4,1,38,62,270092,14,0,0,40
3,9,0,3,1,4,1,38,43,174575,13,0,1564,45
3,9,0,3,1,4,0,38,57,212448,13,0,0,45
6,8,2,6,0,4,1,38,40,184018,11,0,0,38
3,15,2,0,5,4,0,38,44,162028,10,0,2415,6
3,11,2,7,5,4,0,38,35,220098,9,0,0,40
6,9,2,3,0,4,1,39,34,98101,13,7688,0,45
3,9,2,3,0,4,1,38,25,86872,13,0,0,55
4,9,2,3,0,4,1,38,52,132178,13,0,0,50
6,9,2,10,0,4,1,38,50,288353,13,0,0,40
3,12,2,3,0,4,1,38,41,445382,14,0,1977,65
7,15,2,14,5,4,0,38,28,123147,10,0,1887,40
3,10,2,3,0,4,1,38,46,188386,16,15024,0,60
3,2,0,2,1,4,1,38,35,92440,8,0,0,50
6,9,2,3,5,4,0,38,32,92003,13,0,0,40
4,11,2,3,0,4,1,38,63,222289,9,0,0,40
3,7,2,7,5,4,0,38,30,29662,12,0,0,25
3,12,2,9,0,4,1,38,33,208405,14,0,0,50
3,15,2,9,0,4,1,38,44,116632,10,0,0,40
4,15,2,2,0,4,1,38,45,197332,10,0,0,55
3,11,2,2,0,4,1,38,60,245062,9,0,0,40
3,7,2,3,0,2,1,39,42,197583,12,0,0,40
5,11,2,11,5,4,0,38,44,234885,9,0,0,40
3,8,2,6,0,1,1,38,40,72887,11,0,0,40
3,12,2,3,0,4,1,38,49,192776,14,0,1977,45
3,9,2,12,5,4,0,38,30,118551,13,0,0,16
3,15,4,9,4,4,1,38,60,201965,10,0,0,40
3,9,2,11,0,4,1,38,38,91039,13,15024,0,60
3,15,2,9,0,4,1,38,34,337587,10,0,0,50
3,9,2,9,0,4,1,38,34,108116,13,0,0,50
4,9,2,3,0,4,1,38,38,99146,13,15024,0,80
3,11,2,3,0,4,1,38,50,196232,9,7688,0,50
1,15,2,12,0,4,1,38,37,186035,10,0,0,45
3,15,0,6,4,4,1,38,44,177905,10,0,0,58
3,9,2,3,0,4,1,38,42,221172,13,0,0,40
3,7,2,3,5,4,0,38,41,101739,12,0,0,50
3,14,2,9,0,4,1,38,67,231559,15,20051,0,48
0,8,0,2,4,2,0,38,33,319560,11,0,0,40
3,9,2,11,0,4,1,38,54,212960,13,0,0,35
3,15,2,9,0,4,1,38,47,264052,10,0,0,50
5,9,2,9,0,4,1,38,52,334273,13,0,0,60
3,8,2,2,0,4,1,38,37,22463,11,0,1977,40
3,9,2,3,5,4,1,38,29,350162,13,0,0,40
7,15,2,14,0,4,1,38,65,195733,10,0,0,30
3,11,2,11,0,4,1,38,57,69884,9,0,0,40
3,0,2,2,0,4,1,38,52,25826,6,0,1887,47
3,5,4,13,1,4,1,38,60,39352,4,0,0,48
3,9,2,9,0,4,1,1,31,168387,13,7688,0,40
5,14,2,9,0,4,1,38,42,214242,15,0,1902,50
3,12,2,2,0,4,1,38,51,410114,14,0,0,40
3,14,2,9,0,4,1,38,46,102388,15,15024,0,45
3,11,2,11,0,4,1,38,34,153614,9,0,0,45
3,15,2,3,0,4,1,38,33,205469,10,0,0,40
3,9,2,11,0,4,1,38,49,268090,13,0,0,26
3,15,2,2,0,4,1,38,43,154374,10,15024,0,60
3,9,2,0,5,2,0,38,30,103649,13,0,0,40
3,9,2,3,0,4,1,38,33,175697,13,15024,0,60
5,10,2,9,0,4,1,38,52,289436,16,0,0,60
3,15,2,11,0,4,1,38,36,188563,10,5178,0,50
4,10,5,9,1,4,1,38,50,195322,16,0,0,40
6,9,2,12,0,4,1,38,30,169496,13,0,0,40
3,10,2,9,0,1,1,35,35,292472,16,0,0,40
3,11,2,6,0,4,1,38,43,174524,9,0,0,40
5,2,2,5,0,2,1,38,44,335183,8,0,0,40
3,7,0,9,4,4,0,38,42,341204,12,8614,0,40
3,11,2,2,0,2,1,38,42,247019,9,0,0,40
3,9,2,3,0,4,1,38,33,182556,13,0,0,40
4,11,2,11,0,4,1,38,50,219420,9,0,0,50
3,8,2,2,0,4,1,31,37,161141,11,0,0,40
5,11,2,2,0,4,1,38,34,190290,9,0,0,40
3,12,4,9,1,4,1,38,35,203628,14,0,0,60
3,12,2,12,0,4,1,38,31,118710,14,0,1902,40
3,10,0,9,4,4,0,38,46,295566,16,25236,0,65
3,9,0,3,3,4,0,38,44,63042,13,0,0,50
3,9,2,3,0,4,1,38,34,217460,13,0,0,45
1,11,2,3,0,4,1,38,50,50459,9,0,0,42
3,9,2,3,0,4,1,38,42,162140,13,7298,0,45
3,9,4,9,1,4,1,39,43,177937,13,0,0,40
5,1,2,3,0,4,1,39,65,118474,7,9386,0,59
3,9,2,12,0,4,1,38,42,279914,13,0,0,40
3,12,4,3,1,4,0,38,42,151408,14,14084,0,50
1,9,2,9,5,4,0,38,42,126319,13,0,0,40
3,11,2,13,0,4,1,38,55,197422,9,7688,0,40
6,9,2,3,0,4,1,38,29,356089,13,7688,0,40
3,11,2,13,0,4,1,38,54,285854,9,0,0,40
0,11,2,0,5,4,0,38,46,167381,9,0,0,40
1,11,2,0,5,4,0,38,59,420537,9,0,0,38
4,10,2,3,0,4,1,38,53,128272,16,0,0,70
3,9,4,11,1,4,1,38,51,386773,13,0,0,55
3,8,2,12,5,4,0,38,37,280282,11,0,0,24
3,9,2,11,0,4,1,38,43,226902,13,0,0,50
3,8,2,3,0,4,1,38,40,130760,11,0,0,50
3,9,4,11,1,3,0,38,40,237601,13,0,0,55
3,8,2,12,0,4,1,38,48,102102,11,0,0,50
3,11,2,13,0,4,1,38,60,31577,9,0,0,60
3,12,4,12,1,4,1,38,46,90758,14,0,0,35
3,9,2,3,0,4,1,8,43,274363,13,0,1902,40
3,11,2,2,0,4,1,38,32,231043,9,5178,0,48
3,9,2,9,0,4,1,38,33,169879,13,3103,0,47
3,9,2,9,0,4,1,38,64,270333,13,0,0,40
3,15,2,2,0,4,1,38,56,186556,10,0,0,50
3,11,2,13,0,4,1,38,47,191277,9,0,0,50
3,11,6,13,4,4,1,38,57,34269,9,0,653,42
3,15,2,0,5,4,0,38,53,194259,10,4386,0,40
3,9,0,9,1,4,0,38,41,180572,13,0,0,50
3,15,2,9,0,4,1,38,51,146813,10,0,0,40
3,11,2,2,0,4,1,38,55,387569,9,4386,0,40
3,9,2,3,0,4,1,38,37,86551,13,0,0,45
3,12,6,9,1,4,0,38,61,99784,14,0,0,40
6,10,0,9,3,4,1,38,48,327886,16,0,0,50
3,11,2,7,0,4,1,38,59,142182,9,0,0,40
3,9,4,3,1,4,0,38,49,38563,13,0,0,56
3,15,2,4,0,4,1,38,39,176186,10,0,0,50
3,9,2,3,0,4,1,38,44,48087,13,0,0,40
5,12,2,11,0,4,1,38,71,143437,14,10605,0,40
5,9,2,11,0,1,1,2,51,160724,13,0,2415,40
3,9,2,3,0,4,1,38,41,194636,13,0,0,60
3,11,2,13,0,4,1,38,39,117683,9,0,0,40
3,9,2,0,2,4,1,29,32,270335,13,0,0,40
3,9,2,11,0,4,1,38,38,95336,13,0,0,50
3,9,2,9,0,4,1,38,37,183800,13,7688,0,50
5,14,2,4,0,4,1,38,42,177307,15,0,0,65
3,9,2,3,0,4,1,38,30,87418,13,0,0,45
3,9,2,3,0,4,1,38,39,202027,13,15024,0,45
4,11,2,3,0,1,1,38,67,76860,9,0,0,40
3,12,2,3,0,4,1,38,51,138022,14,0,0,60
3,1,2,6,0,4,1,38,37,186934,7,3103,0,44
3,11,2,2,0,4,1,38,37,176900,9,0,0,99
3,14,2,9,0,4,1,38,41,132222,15,0,2415,40
3,9,4,11,1,4,1,38,31,111567,13,0,0,40
4,11,2,3,0,4,1,38,38,196373,9,0,0,40
4,9,2,3,5,4,0,38,36,108293,13,0,1977,45
6,11,2,9,5,4,0,38,44,174675,9,0,0,40
3,12,2,3,0,4,1,38,43,227065,14,0,0,43
4,15,2,11,0,4,1,38,44,398473,10,0,0,70
5,9,2,3,0,4,1,38,33,123424,13,0,0,40
3,7,2,3,0,4,1,38,42,176286,12,0,0,40
4,15,2,11,0,4,1,38,35,368825,10,0,0,60
3,9,2,3,0,1,1,18,48,164966,13,0,0,40
3,11,2,2,0,4,1,38,34,202046,9,0,0,35
3,9,6,3,1,4,1,38,67,105252,13,0,2392,40
6,12,2,9,0,4,1,38,40,188693,14,0,0,35
1,11,6,10,1,4,1,38,45,318280,9,0,0,40
3,11,2,0,0,4,1,38,47,192835,9,0,0,50
3,11,2,3,0,4,1,38,56,112840,9,0,0,55
0,9,0,3,4,4,1,38,48,33109,13,0,0,58
4,9,2,3,0,4,1,38,39,329980,13,15024,0,50
3,10,2,9,0,4,1,38,50,168212,16,0,1902,65
6,11,2,9,5,4,0,38,38,343642,9,0,0,40
4,11,2,3,0,4,1,38,39,180804,9,0,0,40
5,11,2,2,0,4,1,38,54,123011,9,15024,0,52
3,11,2,6,0,4,1,38,50,767403,9,3103,0,40
3,15,2,9,0,4,1,38,42,118494,10,0,0,44
3,8,2,12,5,4,0,38,33,26973,11,0,0,40
1,12,2,9,0,4,1,38,48,123075,14,0,0,35
3,11,2,3,0,4,1,38,45,368561,9,0,0,55
3,9,2,3,0,4,1,38,44,167005,13,7688,0,60
3,9,2,9,0,4,1,38,36,156667,13,0,1902,50
5,9,2,11,0,4,1,1,53,263925,13,0,0,40
3,9,2,0,0,4,1,38,30,296453,13,7298,0,40
5,15,2,11,0,4,1,38,52,44728,10,0,0,55
1,12,2,9,0,4,1,38,49,193960,14,0,1902,40
3,11,2,2,0,4,1,38,45,185385,9,0,0,47
3,15,2,11,0,4,1,38,49,175958,10,0,0,80
3,14,2,9,0,4,1,38,35,199352,15,0,1977,80
3,11,2,2,0,4,1,38,38,132879,9,0,1902,40
3,11,2,2,0,4,1,38,37,215310,9,0,0,50
6,10,2,9,5,4,0,38,48,55863,16,0,1902,46
6,8,2,9,5,4,0,38,43,227910,11,0,0,40
1,15,2,10,0,4,1,38,41,195258,10,0,0,40
3,15,2,3,0,4,1,38,42,150533,10,7298,0,52
0,7,2,9,0,4,1,38,41,133060,12,0,0,40
5,9,4,11,1,4,1,38,44,120539,13,0,0,50
4,11,2,11,5,4,0,38,29,260729,9,0,1977,25
4,9,2,6,0,4,1,38,45,149865,13,0,0,60
5,7,2,9,5,4,0,38,34,196791,12,0,0,25
3,9,2,2,0,4,1,38,41,118212,13,3103,0,40
4,12,2,11,0,4,1,25,35,289430,14,0,0,45
3,9,2,11,5,4,0,38,33,35378,13,0,0,45
4,8,2,6,0,4,1,39,60,226355,11,0,2415,70
1,9,2,9,5,4,0,38,58,205267,13,0,0,40
3,11,2,13,0,4,1,38,35,89508,9,0,0,50
3,15,2,3,0,4,1,22,31,184307,10,0,0,50
5,12,2,3,0,4,1,38,46,246212,14,0,0,45
0,11,2,0,0,2,1,38,35,250504,9,0,0,60
3,12,2,9,0,4,1,38,33,354573,14,15024,0,44
4,11,2,3,0,4,1,38,61,84409,9,0,0,35
4,11,2,3,0,4,1,38,50,293196,9,7298,0,40
3,11,2,3,0,4,1,38,46,106092,9,0,0,45
6,12,2,9,5,4,0,38,28,445824,14,0,0,50
3,9,2,11,0,4,1,38,33,114691,13,0,0,60
3,7,2,12,0,4,1,38,54,96062,12,0,0,40
3,9,2,9,5,4,0,38,50,133963,13,0,1977,40
3,9,2,0,0,4,1,38,65,350498,13,10605,0,20
3,12,2,4,1,4,1,38,25,404616,14,0,0,99
7,15,2,14,0,4,1,38,58,169982,10,0,0,40
6,11,2,9,0,4,1,38,50,356619,9,0,0,48
7,11,2,14,0,4,1,38,50,146015,9,0,0,40
3,9,0,3,1,4,0,38,40,216237,13,0,0,45
3,15,2,2,0,4,1,38,48,182862,10,0,0,40
0,11,2,0,0,2,1,38,45,320818,9,0,0,80
1,9,2,9,0,4,1,38,30,235271,13,0,0,50
3,9,4,7,1,4,1,38,44,344060,13,0,0,40
4,12,2,11,0,4,1,38,61,113544,14,0,0,40
3,9,2,11,0,4,1,38,38,79619,13,0,0,42
4,15,2,11,0,4,1,38,44,320984,10,5178,0,60
3,10,2,9,0,4,1,38,54,99185,16,15024,0,45
7,9,6,14,1,4,0,38,63,150389,13,0,0,40
5,15,2,2,0,0,1,38,48,243631,10,7688,0,40
3,14,2,9,0,4,1,38,38,200818,15,0,0,40
5,11,2,2,0,4,1,38,45,247379,9,0,0,40
3,12,2,13,0,4,1,39,38,22245,14,0,0,72
3,9,2,9,0,4,1,38,36,354078,13,0,0,60
3,9,2,9,0,4,1,38,46,265266,13,0,1902,40
3,12,4,9,1,4,1,38,35,33975,14,0,0,45
5,11,2,3,0,4,1,38,65,167414,9,0,0,59
4,14,2,9,0,4,1,38,54,166459,15,99999,0,60
4,12,2,3,0,4,1,38,51,229465,14,15024,0,50
3,11,2,11,0,4,1,38,57,141326,9,0,0,50
0,9,2,9,0,4,1,38,43,369468,13,0,0,40
3,11,2,13,0,4,1,38,53,89534,9,0,0,48
3,9,2,9,0,4,1,38,38,189623,13,0,1887,40
1,9,2,0,0,4,1,38,51,152754,13,0,0,40
3,9,2,11,0,4,1,38,46,129007,13,0,1977,40
3,9,2,10,0,4,1,38,67,171584,13,6514,0,7
0,7,0,9,4,1,0,29,42,158926,12,0,0,40
7,11,2,14,0,4,1,38,65,36039,9,0,0,40
3,11,2,0,5,4,0,38,50,88926,9,5178,0,40
5,9,2,11,0,4,1,38,47,370119,13,15024,0,50
4,15,2,13,5,4,0,38,58,186791,10,0,0,40
3,9,2,6,0,4,1,38,37,32668,13,0,0,43
3,11,2,2,5,4,0,38,49,125421,9,0,0,40
3,15,2,5,0,4,1,1,32,509350,10,0,0,50
3,10,2,9,0,4,1,38,35,119098,16,7298,0,40
6,9,2,9,0,4,1,38,41,144928,13,0,0,40
3,9,2,2,0,4,1,38,48,55237,13,0,0,45
3,11,4,11,1,4,1,38,27,190525,9,0,0,50
3,15,2,13,0,4,1,38,55,121912,10,0,0,24
3,11,2,0,0,4,1,38,39,83893,9,0,0,40
3,11,6,7,4,1,0,18,52,168381,9,0,0,40
3,8,2,9,0,4,1,38,51,146767,11,0,0,40
3,11,2,3,0,4,1,38,40,240124,9,0,0,40
4,9,2,3,0,4,1,10,61,134768,13,0,0,50
3,9,2,3,0,1,1,39,36,153078,13,0,0,60
3,15,4,9,1,4,1,38,34,467108,10,0,0,50
4,9,2,2,0,4,1,38,32,199765,13,7688,0,50
5,11,2,4,0,4,1,38,61,30073,9,0,1848,60
3,11,2,2,0,4,1,38,52,146378,9,0,0,40
3,11,2,3,0,1,1,23,52,152234,9,99999,0,40
3,12,2,11,0,4,1,38,65,198766,14,20051,0,40
5,15,0,3,2,4,1,19,40,266324,10,0,1564,70
1,5,2,2,0,2,1,39,40,289403,4,0,1887,40
3,0,4,13,4,4,1,38,42,230624,6,0,0,40
3,11,2,13,0,4,1,38,50,137815,9,0,0,60
3,11,2,7,0,4,1,38,24,241523,9,0,0,45
1,7,2,2,5,4,0,38,39,352628,12,0,0,50
3,9,2,9,0,4,1,38,39,24342,13,0,0,40
3,15,2,3,0,4,1,38,53,34368,10,0,0,45
3,9,2,11,0,2,1,38,31,179186,13,0,0,90
3,9,2,9,5,4,0,38,31,127610,13,0,0,40
4,9,2,4,0,4,1,38,45,36228,13,4386,0,35
3,11,2,13,0,4,1,38,57,173796,9,0,1887,40
3,8,0,11,1,4,1,38,32,180871,11,0,0,50
0,7,2,0,5,4,0,38,36,218542,12,0,0,40
3,11,2,11,0,4,1,38,47,67716,9,0,0,40
3,11,2,3,0,4,1,38,36,336595,9,0,0,50
5,11,2,7,0,4,1,38,56,145574,9,0,1902,60
3,15,2,3,0,4,1,38,51,185283,10,0,0,45
4,15,2,3,0,4,1,38,44,229466,10,0,0,50
4,12,2,3,0,4,1,38,49,125892,14,0,0,50
3,11,2,2,0,2,1,38,46,563883,9,0,0,60
4,14,2,9,0,4,1,38,41,94113,15,0,0,60
4,11,2,3,0,4,1,38,48,192945,9,7688,0,40
3,15,4,2,1,4,1,38,30,177675,10,0,0,40
3,11,2,13,0,4,1,38,39,51100,9,0,0,40
3,7,2,9,0,4,1,38,40,228535,12,7298,0,36
3,14,2,13,0,4,1,38,61,120939,15,0,0,5
3,8,2,2,0,4,1,38,58,255822,11,0,0,40
4,11,2,11,0,4,1,38,53,263925,9,99999,0,40
1,9,2,9,0,2,1,38,43,293535,13,0,0,40
3,12,0,3,4,4,1,38,37,175232,14,0,0,60
3,11,2,0,0,4,1,38,45,103538,9,0,0,40
6,11,2,0,0,4,1,38,53,156877,9,15024,0,35
4,1,2,2,0,4,1,38,28,210295,7,0,0,50
3,1,0,11,1,4,1,38,32,80058,7,0,0,43
5,15,2,3,0,4,1,38,36,105021,10,0,0,55
4,9,2,3,0,4,1,38,37,395831,13,0,0,80
4,9,2,3,0,4,1,38,64,179436,13,15024,0,55
5,8,2,9,0,4,1,38,30,167990,11,15024,0,65
4,9,2,9,0,4,1,38,37,217054,13,0,0,35
4,9,2,3,0,4,1,8,59,125000,13,0,0,40
3,11,2,0,0,4,1,38,46,155489,9,0,0,58
3,9,2,3,0,4,1,38,52,118025,13,99999,0,50
3,0,2,6,0,4,1,38,40,85995,6,0,0,40
3,12,0,3,4,4,0,38,48,125421,14,0,0,40
3,0,2,13,0,2,1,38,49,245305,6,0,0,42
3,15,2,2,0,4,1,38,41,122381,10,0,1887,50
3,10,2,9,0,4,1,39,62,134768,16,7688,0,40
7,9,6,14,1,4,0,38,75,111177,13,25124,0,16
3,7,2,2,0,4,1,38,44,216907,12,0,1848,40
3,11,2,11,0,4,1,38,26,266912,9,0,0,50
3,11,0,0,1,4,1,38,39,128715,9,10520,0,40
3,15,2,2,0,4,1,38,40,103395,10,0,0,45
3,12,2,9,0,4,1,39,55,98361,14,15024,0,50
3,11,4,9,1,4,1,38,33,149184,9,0,0,60
3,11,2,6,0,2,1,38,57,236944,9,0,0,40
3,7,2,9,5,4,0,38,36,85272,12,0,0,30
3,12,2,9,0,4,1,8,45,46406,14,0,0,36
3,11,2,6,0,4,1,38,54,53833,9,0,0,40
3,11,2,9,0,4,1,38,60,53707,9,0,0,40
3,14,2,9,0,4,1,38,46,370119,15,99999,0,60
5,15,2,11,0,4,1,38,48,58683,10,0,0,70
5,11,2,3,0,4,1,38,44,179557,9,0,1977,45
5,14,2,9,0,4,1,38,61,163174,15,0,0,35
3,9,2,11,5,4,0,38,52,147876,13,15024,0,60
6,7,2,0,0,4,1,38,40,345969,12,0,0,40
3,15,2,3,0,4,1,38,57,175942,10,0,0,50
4,9,2,9,0,4,1,38,34,175761,13,0,0,60
3,11,2,6,0,4,1,38,54,206369,9,5178,0,50
3,9,2,9,0,4,1,38,42,285066,13,0,0,45
3,12,2,9,0,4,1,38,48,126754,14,15024,0,40
6,12,2,9,0,4,1,38,65,209280,14,6514,0,35
4,11,2,0,5,4,0,38,71,133821,9,0,0,20
3,9,2,3,0,4,1,38,35,119272,13,0,0,55
3,11,2,2,0,2,1,38,41,421871,9,0,0,40
3,9,2,9,0,4,1,21,44,120277,13,15024,0,50
3,9,2,3,0,4,1,38,44,110355,13,0,0,40
4,15,2,11,0,4,1,38,50,160151,10,0,0,60
3,14,2,9,0,4,1,38,46,99835,15,0,0,60
3,7,2,11,0,4,1,38,44,43711,12,7688,0,40
3,7,2,0,5,4,0,21,47,170846,12,0,0,40
7,11,2,14,0,4,1,39,64,168340,9,0,0,40
3,9,2,3,0,4,1,38,43,176270,13,99999,0,60
3,11,2,3,0,4,1,38,37,188540,9,0,1902,45
3,11,2,3,0,4,1,38,37,171150,9,0,1887,50
3,10,2,9,0,4,1,38,44,145160,16,0,0,40
6,11,2,3,5,4,0,38,53,281590,9,15024,0,40
3,11,2,6,0,2,1,38,51,415287,9,0,1902,40
3,11,2,2,0,4,1,38,56,187487,9,0,0,48
3,12,2,3,0,4,1,38,43,201723,14,0,1902,40
3,9,2,11,0,4,1,38,38,156728,13,0,0,40
3,12,2,9,0,1,1,2,41,233955,14,0,0,45
3,9,2,11,0,4,1,38,35,30381,13,0,0,45
3,9,0,11,1,4,1,38,38,86551,13,0,0,48
1,15,2,3,0,4,1,38,40,218995,10,0,0,42
3,11,2,2,0,4,1,38,55,199067,9,0,0,40
3,12,2,9,5,4,0,38,49,186078,14,0,0,50
5,9,2,3,0,4,1,38,64,134960,13,15024,0,35
3,9,0,7,1,4,1,39,45,182655,13,0,0,45
3,9,2,0,0,4,1,38,30,117963,13,0,0,40
5,11,2,3,0,2,1,38,53,196328,9,0,0,45
3,15,2,9,5,4,0,38,42,251795,10,0,0,50
3,12,0,3,1,4,0,38,46,133938,14,27828,0,50
3,9,2,9,5,4,0,38,49,159816,13,99999,0,20
3,15,2,12,0,4,1,38,26,167350,10,3103,0,40
3,15,2,3,0,4,1,38,50,171338,10,99999,0,50
3,8,2,2,0,4,1,38,51,120173,11,3103,0,50
3,11,2,7,5,2,0,38,49,169818,9,0,0,40
3,15,2,11,0,4,1,38,43,193882,10,7688,0,40
3,9,2,11,0,4,1,38,38,31033,13,7298,0,40
3,9,2,3,0,4,1,38,39,238415,13,0,0,50
1,9,3,9,1,4,0,38,42,339671,13,8614,0,45
1,12,2,9,5,4,0,38,35,103260,14,0,0,35
3,12,2,3,0,1,1,38,39,79331,14,15024,0,40
3,11,2,11,0,4,1,38,33,155343,9,3103,0,40
0,11,2,0,0,4,1,38,50,159670,9,0,0,40
4,14,2,9,0,1,1,38,38,112847,15,0,0,40
3,8,2,3,0,4,1,38,35,183898,11,7298,0,50
3,9,2,13,0,4,1,38,51,163921,13,0,0,56
3,11,2,11,0,4,1,38,49,188330,9,0,0,40
6,9,2,0,0,4,1,38,43,206139,13,0,0,50
3,11,2,13,0,4,1,38,51,158948,9,0,0,84
3,9,0,3,4,4,1,38,51,221532,13,0,0,40
5,11,4,9,4,4,0,5,22,202920,9,99999,0,40
4,11,2,2,0,4,1,38,32,244665,9,5178,0,45
1,7,2,0,5,4,0,38,47,171095,12,0,0,35
1,9,2,3,0,4,1,38,61,95450,13,5178,0,50
1,11,2,10,0,1,1,38,38,72338,9,0,0,54
5,9,2,9,0,4,1,38,32,298332,13,0,0,45
3,15,2,3,0,4,1,38,31,157887,10,0,0,65
3,15,2,11,0,2,1,38,63,174018,10,0,0,40
3,15,5,3,1,4,1,38,44,144778,10,0,0,45
3,9,2,12,0,4,1,38,42,102606,13,0,0,40
5,11,2,9,5,4,0,21,44,246862,9,0,0,40
5,15,2,4,0,4,1,38,55,184425,10,0,0,99
3,12,2,9,0,4,1,38,34,192002,14,0,0,55
1,9,5,3,1,4,1,38,42,445382,13,0,0,45
3,15,2,2,0,4,1,38,39,179271,10,0,0,50
3,11,2,6,0,4,1,38,44,161819,9,0,0,40
1,12,2,3,0,4,1,38,42,121718,14,0,1902,60
3,12,2,2,0,2,1,38,38,119741,14,0,0,40
3,15,2,12,0,4,1,38,44,32000,10,0,0,18
3,9,4,3,1,4,1,38,30,230224,13,0,0,55
3,11,2,12,2,4,0,38,25,211231,9,0,0,48
6,9,2,3,0,4,1,1,50,159219,13,0,0,40
3,11,2,0,5,4,0,38,46,243190,9,7688,0,40
3,12,2,3,0,4,1,38,37,329980,14,0,2415,60
3,12,2,3,0,4,1,38,40,102606,14,0,0,40
3,15,2,3,0,4,1,38,32,190511,10,0,0,40
1,12,2,9,0,4,1,38,51,159755,14,0,0,40
3,12,2,9,0,4,1,38,50,147629,14,15024,0,45
3,9,2,11,0,4,1,38,49,268022,13,0,0,50
5,11,2,11,0,1,1,34,45,133969,9,0,0,50
3,12,4,9,1,4,1,38,26,122999,14,8614,0,40
3,9,3,9,1,1,1,0,40,121956,13,13550,0,40
5,1,2,4,0,4,1,38,48,104790,7,0,0,50
0,11,2,0,0,4,1,38,49,168232,9,0,0,40
3,11,2,2,0,4,1,38,36,24106,9,3103,0,40
4,15,2,3,0,4,1,38,60,197553,10,7688,0,50
4,15,2,11,0,4,1,38,54,138852,10,0,0,45
3,15,4,11,1,4,1,38,47,363418,10,0,0,70
3,9,4,3,4,4,0,38,30,204704,13,0,0,45
3,11,2,11,0,4,1,38,49,128132,9,0,0,60
3,9,2,11,0,4,1,38,37,379522,13,0,0,55
3,6,2,3,5,1,0,38,72,74141,5,0,0,48
3,12,2,3,0,4,1,4,39,505119,14,0,0,40
3,8,2,6,0,4,1,38,47,194772,11,0,0,40
3,7,2,3,5,4,0,38,32,211699,12,0,1485,40
5,15,2,9,5,4,0,38,63,167501,10,20051,0,10
3,15,2,3,0,4,1,38,36,83893,10,0,0,40
5,9,2,3,0,4,1,38,27,208406,13,0,0,60
3,11,2,2,0,4,1,38,28,303954,9,0,1848,42
3,9,2,11,0,4,1,38,53,302868,13,0,0,50
6,8,4,9,1,4,1,38,37,367237,11,8614,0,40
1,12,2,3,0,4,1,38,42,111252,14,0,1977,40
3,11,2,3,0,4,1,38,46,29696,9,0,0,40
3,9,2,7,5,1,0,38,37,86150,13,0,0,30
1,15,2,3,0,2,1,38,51,133050,10,0,0,40
1,15,2,10,0,4,1,38,36,126569,10,0,0,40
3,9,2,3,0,4,1,38,34,157747,13,0,0,40
3,12,2,3,0,4,1,38,37,49115,14,0,0,60
4,7,2,11,0,4,1,38,51,208302,12,0,0,38
0,11,2,0,5,4,0,38,31,207301,9,0,0,40
3,11,2,7,0,4,1,38,37,123211,9,0,0,44
3,7,2,11,0,4,1,38,42,33521,12,0,0,45
3,9,2,11,0,4,1,38,51,175339,13,0,0,47
3,15,2,2,0,4,1,38,49,168211,10,0,1485,40
3,15,2,9,0,4,1,38,52,266529,10,0,0,45
6,9,0,3,1,4,0,38,47,224149,13,0,0,40
4,15,2,11,0,4,1,38,43,172826,10,99999,0,55
3,11,2,2,0,4,1,38,42,213821,9,0,1887,40
3,15,2,11,0,4,1,38,66,146454,10,5556,0,40
3,11,2,10,0,4,1,38,30,203277,9,0,0,60
3,15,2,0,5,4,0,38,45,26522,10,0,1902,35
1,11,2,7,5,2,0,22,44,145178,9,0,0,38
3,9,2,3,0,4,1,38,46,105444,13,0,0,50
3,12,2,9,0,4,1,38,44,146659,14,0,1887,35
4,9,2,11,0,4,1,38,33,201763,13,0,0,50
4,12,2,11,0,4,1,38,57,119253,14,15024,0,65
5,4,2,11,0,4,1,21,47,121124,3,0,0,55
3,11,2,3,0,4,1,38,41,220132,9,7298,0,40
7,11,2,14,5,4,0,38,47,331650,9,0,0,8
3,9,2,3,0,4,1,38,45,242391,13,0,0,40
3,9,2,9,5,4,0,38,27,359155,13,0,0,40
3,7,2,6,0,4,1,38,37,201531,12,0,0,40
5,9,2,3,0,4,1,38,54,179704,13,0,0,45
3,7,2,3,5,4,0,38,36,393673,12,0,0,50
3,9,2,9,0,4,1,39,34,244147,13,0,0,40
5,12,0,11,4,4,1,38,41,438696,14,0,0,5
4,12,2,11,0,4,1,38,63,54052,14,0,0,68
3,1,2,13,0,4,1,38,50,156877,7,0,0,70
3,15,2,2,0,4,1,38,49,214169,10,0,0,40
3,9,2,0,5,4,0,38,50,137253,13,0,0,40
3,11,2,6,5,2,0,38,47,211668,9,0,0,40
3,11,2,13,0,4,1,38,45,358886,9,0,0,40
7,4,2,14,0,4,1,38,60,131852,3,0,0,30
3,15,2,11,0,4,1,38,33,127215,10,0,0,48
3,12,2,3,0,4,1,38,45,142287,14,0,0,50
1,9,5,9,1,4,0,38,32,222900,13,0,0,50
3,7,2,0,5,2,0,38,42,99254,12,0,0,40
5,9,2,11,0,4,1,38,59,174056,13,15024,0,40
3,8,2,11,0,4,1,10,35,178322,11,0,0,50
3,11,2,12,5,4,0,38,60,207665,9,0,0,40
6,9,2,9,0,4,1,38,37,160402,13,0,0,55
0,14,2,9,0,4,1,38,38,338320,15,0,1977,50
3,8,2,5,0,4,1,38,51,204322,11,0,0,40
3,7,2,2,0,4,1,38,45,241350,12,0,0,45
3,15,2,2,0,4,1,38,51,128143,10,0,0,40
0,9,2,0,0,1,1,29,44,239539,13,0,0,40
3,10,2,0,0,4,1,38,44,175935,16,0,0,55
4,11,2,3,0,4,1,38,63,215833,9,0,0,40
3,12,2,11,0,4,1,38,29,241431,14,7298,0,40
3,15,2,11,0,4,1,38,43,159549,10,0,0,50
3,11,2,7,0,4,1,25,31,219509,9,0,0,40
3,12,2,9,0,1,1,35,41,116379,14,0,0,55
1,9,2,9,0,4,1,38,46,216214,13,0,0,35
3,15,2,2,0,4,1,38,52,284129,10,0,0,40
3,9,2,11,0,4,1,38,45,246891,13,0,1902,40
3,9,2,7,5,4,0,38,30,190385,13,0,0,40
3,9,2,9,0,4,1,38,53,149784,13,7688,0,40
3,15,3,9,1,4,1,38,42,27444,10,0,0,40
3,9,2,11,5,4,0,38,26,62438,13,0,0,40
6,12,2,9,0,4,1,38,62,33142,14,0,0,60
4,9,2,11,0,4,1,38,65,139272,13,99999,0,60
1,15,2,10,0,4,1,38,45,238386,10,0,0,40
0,12,2,3,0,4,1,38,63,97855,14,0,0,50
3,9,2,3,0,4,1,38,39,77146,13,0,1887,50
0,15,2,3,5,1,0,29,53,173093,10,0,1887,40
5,1,2,13,0,4,1,38,23,282604,7,7688,0,60
3,15,2,3,0,4,1,38,51,191659,10,0,1887,65
3,12,2,3,0,1,1,35,36,116358,14,0,0,40
3,12,2,3,0,4,1,38,44,198282,14,15024,0,40
3,9,2,11,0,4,1,38,29,214858,13,0,0,40
5,2,2,2,0,4,1,38,62,134768,8,0,0,40
3,9,4,3,1,4,0,38,31,220066,13,14344,0,50
3,9,2,3,0,4,1,38,37,82521,13,15024,0,40
3,11,2,7,0,4,1,38,47,481987,9,0,0,40
3,14,2,9,0,4,1,38,26,256000,15,99999,0,60
3,15,2,2,0,4,1,38,36,183892,10,7298,0,44
4,12,5,9,1,4,0,38,34,215382,14,4787,0,40
3,11,2,6,0,4,1,8,54,181132,9,0,0,40
4,9,2,11,0,4,1,38,56,211804,13,15024,0,50
5,9,2,11,0,4,1,38,33,312055,13,0,0,45
4,11,2,3,0,4,1,1,30,78530,9,0,0,65
3,12,4,9,1,4,0,38,53,156843,14,0,1564,54
3,9,2,3,0,4,1,38,57,346963,13,0,0,40
3,15,2,3,0,4,1,38,48,36503,10,0,0,40
3,9,0,3,4,4,1,38,44,326232,13,0,2547,50
1,12,2,9,0,4,1,38,39,153976,14,0,0,40
7,9,2,14,0,4,1,38,66,177351,13,0,2174,40
3,11,2,6,0,4,1,38,34,160449,9,0,0,44
4,14,2,9,0,4,1,11,55,124137,15,0,2415,35
3,11,2,2,0,4,1,38,60,240521,9,7298,0,40
5,11,2,2,0,4,1,38,61,244087,9,0,0,52
6,9,2,3,0,4,1,38,42,293791,13,0,0,50
3,8,2,2,0,4,1,38,38,31069,11,4386,0,40
3,9,2,3,0,4,1,38,64,319371,13,15024,0,40
3,11,2,11,0,4,1,38,39,127772,9,3103,0,44
5,11,2,11,5,2,0,5,39,237532,9,0,0,54
0,12,2,12,0,4,1,38,50,20179,14,0,0,40
3,8,2,12,2,4,0,1,30,432565,11,0,0,40
4,9,2,11,0,4,1,38,39,329980,13,0,2415,60
4,9,2,3,0,4,1,38,44,153132,13,7688,0,52
3,10,2,9,0,4,1,38,40,185145,16,0,0,40
3,9,2,13,0,4,1,38,50,88842,13,7298,0,40
3,15,2,3,0,4,1,38,32,158438,10,0,0,60
3,9,2,11,0,4,1,38,57,206206,13,0,0,40
5,11,6,2,1,4,1,38,57,73309,9,0,0,55
5,11,4,2,1,4,1,38,34,345705,9,0,0,45
3,7,2,2,1,1,1,38,31,133770,12,0,0,50
3,9,2,0,0,1,1,39,47,277545,13,0,0,40
3,15,2,13,0,4,1,38,29,490332,10,0,0,45
3,9,2,3,0,4,1,38,51,106728,13,5178,0,60
5,15,2,2,0,4,1,38,36,233533,10,0,0,60
0,12,4,3,1,4,1,38,49,213668,14,0,0,56
3,11,2,6,0,4,1,38,47,165937,9,0,0,50
3,15,2,0,0,2,1,38,34,193036,10,0,0,40
3,15,2,13,0,4,1,38,24,60783,10,0,0,70
3,9,2,11,0,4,1,38,55,320835,13,0,0,50
3,8,2,0,5,4,0,38,39,172425,11,0,0,20
4,15,2,3,0,4,1,38,56,105582,10,7688,0,50
7,11,2,14,0,4,1,38,54,124993,9,0,0,40
3,9,2,9,0,4,1,38,34,203408,13,7688,0,50
4,11,2,11,0,4,1,38,32,110331,9,0,0,65
7,12,2,14,0,2,1,38,67,45537,14,0,0,40
3,11,2,13,0,4,1,38,52,147629,9,0,0,60
3,9,2,3,0,4,1,38,41,168071,13,7298,0,50
3,15,2,3,0,4,1,38,33,326104,10,0,0,50
3,9,2,2,0,4,1,38,46,238162,13,0,0,45
3,12,4,3,1,2,1,38,39,315776,14,8614,0,52
3,8,0,9,1,4,0,38,37,269329,11,8614,0,45
3,11,2,13,0,4,1,38,41,183203,9,0,0,50
3,7,2,0,0,4,1,38,60,76127,12,0,0,35
3,11,0,3,1,4,0,38,24,161708,9,0,0,45
3,9,2,3,0,4,1,38,45,192835,13,0,1977,55
3,9,2,3,0,4,1,38,41,304906,13,0,0,40
3,8,2,11,0,4,1,38,31,124827,11,0,0,40
0,11,2,13,0,4,1,38,41,263339,9,0,0,40
3,7,2,2,0,4,1,38,42,235786,12,0,0,50
0,11,2,3,0,4,1,38,52,30731,9,7298,0,40
3,9,2,12,0,4,1,38,32,194426,13,15024,0,40
4,9,2,11,0,4,1,38,55,141807,13,0,0,60
3,9,2,3,5,4,0,38,33,118941,13,0,0,40
7,8,2,14,0,4,1,38,52,159755,11,0,0,50
3,8,2,2,0,4,1,38,47,213140,11,7688,0,40
3,9,2,9,0,4,1,19,34,213226,13,0,0,40
3,11,2,2,0,4,1,38,48,108993,9,0,0,45
6,8,0,9,4,4,0,38,48,183486,11,0,0,56
3,9,0,3,1,4,0,38,40,163215,13,10520,0,40
3,9,2,11,0,4,1,38,70,94692,13,0,0,70
3,15,6,3,1,4,0,38,49,23074,10,0,0,40
3,11,2,5,0,4,1,38,51,237735,9,3103,0,40
3,11,2,12,0,4,1,38,37,211494,9,0,0,40
6,12,2,9,0,4,1,38,55,146326,14,7688,0,45
3,11,2,13,0,4,1,38,47,155489,9,7688,0,55
5,14,2,9,0,4,1,38,52,64045,15,99999,0,45
3,15,2,12,0,4,1,38,50,92079,10,0,0,45
3,15,0,3,1,4,0,38,39,185520,10,8614,0,40
6,12,2,9,5,4,0,38,42,39586,14,0,0,20
3,11,2,11,0,4,1,38,39,144169,9,0,0,50
3,15,2,11,0,4,1,38,34,89644,10,0,0,55
1,9,0,9,4,4,0,38,45,224474,13,4934,0,50
3,12,4,9,1,4,0,38,28,355259,14,0,0,40
0,9,4,9,1,4,1,38,30,68330,13,0,0,40
3,14,2,9,0,4,1,38,62,160143,15,0,0,30
3,11,2,2,0,4,1,38,32,94235,9,0,0,40
1,11,2,10,0,4,1,38,37,297449,9,0,0,40
3,15,2,0,5,4,0,38,37,93717,10,7298,0,45
3,9,2,3,0,4,1,38,38,236391,13,7688,0,40
3,15,2,11,0,4,1,38,43,128170,10,7688,0,40
5,5,2,3,0,4,1,11,53,174102,4,4386,0,50
3,9,2,11,0,4,1,38,43,125461,13,0,0,65
1,12,2,3,0,4,1,38,43,147328,14,0,1977,60
3,11,2,3,0,4,1,38,48,121124,9,0,0,50
3,11,2,2,0,4,1,38,51,234057,9,0,0,45
3,9,2,13,0,4,1,1,41,443508,13,0,0,48
3,9,2,12,0,4,1,38,55,144071,13,0,0,18
6,10,2,9,0,2,1,39,49,133917,16,0,1902,60
3,15,2,11,0,4,1,38,61,183735,10,0,0,45
0,12,0,10,1,4,1,38,43,186916,14,0,0,60
4,14,2,9,0,4,1,38,47,139268,15,0,1977,60
3,9,2,9,0,4,1,38,47,168283,13,0,0,40
3,3,2,6,0,4,1,25,41,237321,2,0,0,40
5,9,2,3,0,4,1,38,54,175804,13,0,0,40
3,12,2,9,0,4,1,38,36,107302,14,0,0,60
5,15,2,11,0,4,1,38,57,353808,10,0,0,60
4,14,2,9,0,4,1,38,58,349910,15,0,1977,50
3,14,4,9,1,4,1,38,44,75227,15,14084,0,40
1,15,2,7,0,4,1,38,41,344624,10,0,1485,40
4,11,2,11,0,4,1,38,37,186359,9,7688,0,60
3,15,2,11,0,4,1,38,50,121685,10,0,0,45
3,15,2,3,0,4,1,38,36,246449,10,0,0,60
5,14,4,9,1,4,1,38,40,335549,15,0,2444,45
3,12,2,11,0,4,1,38,47,102308,14,0,0,40
1,11,2,10,0,4,1,38,47,148995,9,0,0,60
0,7,2,0,5,4,0,38,38,115433,12,7688,0,33
3,12,0,3,1,4,0,38,45,270842,14,0,0,50
3,11,2,2,0,4,1,38,39,188391,9,7298,0,50
3,9,2,3,0,4,1,38,48,186172,13,0,0,45
3,11,2,6,0,4,1,38,46,271828,9,0,0,40
3,11,2,13,0,4,1,21,47,573583,9,0,0,48
4,9,2,3,0,4,1,38,67,106175,13,0,2392,75
4,14,2,3,0,4,1,39,55,183869,15,0,0,50
3,11,2,12,0,4,1,38,30,177304,9,0,0,40
3,11,2,11,0,4,1,38,40,146659,9,0,0,60
3,7,2,11,5,4,0,38,49,101320,12,0,1902,40
5,14,4,9,3,4,1,21,29,132686,15,0,0,50
3,15,2,3,0,4,1,38,75,200068,10,0,0,35
3,9,2,9,0,4,1,38,45,84790,13,0,0,55
3,9,2,9,0,4,1,38,27,169662,13,0,0,42
3,9,2,3,0,4,1,38,60,232618,13,0,0,35
3,8,2,9,0,4,1,38,42,121264,11,0,0,40
3,15,2,3,0,4,1,38,38,183279,10,0,0,44
4,9,2,11,0,4,1,38,49,102771,13,0,0,52
3,9,2,9,0,4,1,38,36,131239,13,3103,0,45
3,11,2,11,0,4,1,38,36,187046,9,0,0,40
3,15,2,11,0,4,1,38,61,716416,10,0,0,44
3,12,4,3,1,4,1,38,37,98941,14,0,0,40
1,1,2,2,0,2,1,38,64,244903,7,0,0,40
3,12,5,3,1,4,1,38,37,271767,14,0,0,45
3,9,2,9,0,4,1,38,42,194636,13,0,0,45
6,10,4,9,1,4,0,38,64,194894,16,4787,0,40
3,11,2,5,0,4,1,38,28,132686,9,0,0,40
0,9,2,9,0,4,1,38,55,270859,13,0,0,40
6,10,2,9,0,4,1,38,51,172962,16,0,0,40
3,14,2,2,0,1,1,29,57,98350,15,0,1902,40
3,9,2,2,0,4,1,38,51,24185,13,0,0,40
4,14,2,9,0,4,1,38,42,187702,15,0,2415,60
3,15,2,2,0,4,1,38,47,125892,10,0,0,75
3,12,2,11,0,4,1,38,61,208919,14,0,0,60
5,15,2,11,0,4,1,38,46,254291,10,0,0,60
1,14,4,3,1,2,0,38,50,125417,15,0,0,52
4,7,2,3,0,4,1,38,39,122742,12,15024,0,55
4,14,2,13,0,4,1,38,57,172654,15,15024,0,50
3,15,2,13,0,4,1,38,30,107793,10,0,0,56
3,11,2,11,0,4,1,38,59,361494,9,0,0,40
3,11,3,9,1,1,1,23,41,79797,9,0,0,40
3,15,2,3,0,4,1,38,35,376455,10,15024,0,60
3,12,2,3,0,4,1,38,38,266645,14,0,0,60
3,9,2,3,0,4,1,38,28,90196,13,0,0,45
6,14,2,9,0,4,1,38,40,40024,15,0,0,38
5,9,2,11,0,4,1,38,51,145409,13,15024,0,50
3,14,2,12,0,4,1,38,48,331482,15,0,1977,40
4,9,2,3,0,4,1,38,48,193188,13,0,0,40
4,9,2,3,0,4,1,38,48,200471,13,0,0,40
3,14,2,9,0,4,1,38,46,176814,15,99999,0,50
1,9,2,3,0,4,1,38,42,245307,13,0,1977,48
6,10,2,9,0,4,1,39,61,124971,16,0,0,40
3,15,2,3,3,4,1,38,28,119545,10,7688,0,50
3,10,2,9,0,4,1,38,45,178319,16,0,0,56
3,9,2,3,0,4,1,38,44,198316,13,15024,0,50
3,11,2,0,5,4,0,38,26,31290,9,0,0,40
3,12,2,3,0,4,1,38,55,153484,14,0,1977,50
0,7,5,9,1,4,0,38,64,267546,12,0,0,40
3,11,4,2,3,4,1,38,45,67716,9,10520,0,48
0,9,2,9,0,4,1,38,48,326048,13,0,0,44
3,0,2,11,0,4,1,38,51,252903,6,0,1977,40
3,11,2,2,0,4,1,38,44,160574,9,0,0,65
3,12,2,3,0,2,1,38,32,295589,14,0,1977,40
3,9,2,3,0,4,1,38,40,174373,13,0,0,50
5,10,2,3,0,4,1,38,64,150121,16,0,0,25
0,9,2,9,0,4,1,38,56,130454,13,0,0,40
3,11,2,11,0,4,1,38,41,119079,9,0,0,49
3,11,2,11,0,4,1,38,33,220939,9,7298,0,45
3,14,4,9,3,4,1,38,33,94235,15,0,0,42
3,8,2,3,0,4,1,10,58,235624,11,0,0,40
1,11,2,3,5,4,0,38,53,110510,9,0,0,50
3,14,2,0,0,4,1,39,41,173938,15,0,0,50
3,15,2,2,0,4,1,39,53,211654,10,0,0,50
3,12,2,9,0,4,1,38,38,242720,14,0,0,35
3,9,2,3,0,4,1,38,31,111567,13,0,0,70
3,14,0,9,1,4,1,38,36,208358,15,99999,0,45
3,9,2,0,5,4,0,38,49,160647,13,0,0,40
1,11,2,10,0,4,1,38,30,326104,9,0,0,40
6,9,4,9,4,1,0,38,54,93415,13,0,0,40
3,9,2,11,0,4,1,38,35,191502,13,0,0,60
3,0,2,2,0,4,1,38,39,338320,6,0,0,60
3,11,2,6,5,4,0,38,39,208778,9,0,0,40
3,15,2,11,0,1,1,38,62,81534,10,0,0,40
4,9,6,11,4,4,1,38,50,100029,13,0,0,65
1,9,2,3,0,4,1,38,45,160472,13,0,1977,50
3,9,2,11,0,4,1,38,49,199029,13,0,2415,55
3,9,2,4,0,4,1,38,34,27380,13,0,0,50
3,9,2,2,0,4,1,38,59,160631,13,0,0,60
3,9,2,11,0,4,1,38,36,224531,13,0,0,50
4,9,0,3,1,4,1,38,47,101926,13,0,0,70
5,14,2,11,5,4,0,38,57,225334,15,15024,0,35
5,9,2,4,0,4,1,38,42,157562,13,0,1902,80
3,9,2,3,5,2,0,38,47,169324,13,0,0,35
3,15,2,11,0,4,1,38,48,235646,10,3103,0,40
4,11,2,0,5,4,0,39,64,132832,9,20051,0,40
3,9,2,3,0,4,1,38,38,278924,13,0,1887,50
1,9,4,9,1,4,0,38,46,144531,13,0,0,40
5,11,2,2,0,4,1,38,49,211762,9,0,0,40
3,9,2,9,0,4,1,39,44,180985,13,0,0,50
3,9,2,9,0,4,1,28,34,223212,13,0,1848,40
5,11,2,13,0,4,1,38,38,190023,9,0,0,40
3,9,2,3,0,4,1,38,31,170983,13,0,0,60
3,11,2,9,0,4,1,38,37,286026,9,0,0,40
3,9,4,9,1,2,1,38,30,403433,13,0,0,50
0,12,2,3,0,4,1,38,38,99527,14,0,0,40
3,11,2,2,0,4,1,38,33,231043,9,0,0,50
1,9,2,9,0,4,1,38,52,317733,13,7688,0,40
0,11,2,2,0,4,1,38,59,31840,9,0,0,40
1,10,4,9,1,4,1,25,31,446358,16,0,0,50
3,1,0,3,4,4,0,38,33,83446,7,0,0,40
3,9,2,9,0,4,1,38,62,185503,13,0,0,50
7,11,2,14,0,4,1,1,76,28221,9,0,0,40
0,15,2,12,0,4,1,12,45,352094,10,7688,0,40
3,7,2,12,0,4,1,38,37,189922,12,0,0,50
3,9,2,9,0,4,1,38,45,247869,13,0,0,60
3,11,2,2,0,4,1,38,41,231689,9,0,0,40
3,11,2,0,5,4,0,38,33,262439,9,0,0,35
3,9,2,3,0,4,1,38,46,283037,13,0,0,50
3,9,2,9,5,4,0,38,36,166988,13,0,0,40
3,11,2,2,0,4,1,38,49,186172,9,7688,0,45
3,11,2,0,0,4,1,38,41,314322,9,0,0,40
3,12,4,3,1,4,1,38,35,102976,14,0,0,40
4,9,2,11,5,4,0,38,57,42959,13,0,0,40
3,9,2,3,0,4,1,38,51,138847,13,0,0,40
5,14,2,9,0,4,1,38,40,223881,15,99999,0,70
3,9,2,3,0,4,1,38,32,40142,13,0,0,40
5,8,2,2,0,4,1,38,46,57452,11,0,0,40
3,11,2,6,5,2,0,38,47,151267,9,15024,0,40
7,11,3,14,1,4,1,38,51,163998,9,0,0,20
5,9,2,4,0,4,1,38,46,28281,13,0,0,40
3,10,2,9,0,4,1,19,51,293196,16,15024,0,60
3,10,6,9,4,4,1,19,45,214627,16,15020,0,40
4,14,5,9,1,4,1,38,61,156542,15,0,0,40
3,9,2,3,0,4,1,38,34,173730,13,0,0,50
3,11,2,2,0,4,1,38,58,78141,9,0,0,40
3,15,2,3,0,4,1,38,52,117674,10,0,0,40
3,7,2,11,0,4,1,38,29,169815,12,0,0,50
0,12,2,3,0,4,1,38,42,122861,14,0,0,40
3,9,2,11,0,4,1,38,34,340940,13,7298,0,60
6,9,2,3,0,4,1,38,46,192779,13,7688,0,40
5,9,2,12,5,4,0,38,50,363405,13,0,0,50
3,11,2,13,0,4,1,38,50,93690,9,0,0,40
3,11,2,2,0,4,1,38,53,154785,9,0,0,50
3,15,2,2,0,2,1,38,46,207940,10,0,0,40
3,9,2,3,0,4,1,38,41,116391,13,0,0,40
5,11,2,11,0,4,1,7,50,44368,9,15024,0,55
3,9,2,9,5,4,0,38,38,111398,13,7688,0,40
3,11,2,2,0,4,1,38,38,364782,9,0,0,40
3,9,2,0,0,4,1,38,31,203488,13,7298,0,50
3,12,2,3,0,4,1,38,39,96452,14,0,0,55
1,9,2,9,5,4,0,38,38,116580,13,0,0,20
3,15,2,3,0,4,1,38,34,114691,10,0,0,50
3,11,2,6,0,2,1,38,46,503923,9,4386,0,40
3,9,4,11,4,4,0,38,35,340428,13,0,0,40
3,8,2,12,0,4,1,38,59,146391,11,7298,0,40
3,9,2,3,0,4,1,38,55,349304,13,0,0,40
3,8,2,9,5,4,0,38,36,163396,11,0,0,40
3,11,2,7,5,4,0,38,35,148903,9,0,0,16
3,9,4,3,1,4,0,38,25,40915,13,0,0,40
5,15,2,2,0,4,1,38,35,168475,10,0,0,60
3,14,2,2,0,4,1,25,40,572751,15,5178,0,40
3,15,4,12,1,4,1,38,37,205339,10,0,0,40
5,9,0,9,1,4,0,38,62,192236,13,0,0,40
3,11,2,2,0,4,1,38,47,229737,9,0,0,45
1,9,2,10,0,4,1,38,51,199688,13,0,0,40
3,15,2,3,0,4,1,38,52,338816,10,15024,0,45
3,15,2,11,0,4,1,38,46,189680,10,0,0,50
6,10,2,3,0,4,1,38,49,183710,16,0,0,50
4,7,2,3,0,4,1,38,36,213008,12,0,0,40
3,11,2,2,0,4,1,38,47,357848,9,0,0,40
3,12,2,11,0,4,1,38,36,165799,14,0,0,50
1,15,2,0,5,4,0,38,43,105862,10,0,1902,40
3,12,2,2,0,4,1,38,56,192869,14,0,1977,44
3,9,0,3,1,2,1,38,51,159910,13,10520,0,40
4,11,2,4,0,4,1,38,47,214169,9,15024,0,40
3,11,2,6,0,4,1,38,38,283122,9,0,0,40
6,10,2,9,0,4,1,38,68,235882,16,0,2377,60
3,15,2,3,0,4,1,38,43,336513,10,0,1902,40
6,10,2,9,0,4,1,38,53,50048,16,7688,0,50
4,10,2,9,0,2,1,38,37,382802,16,0,0,99
3,11,2,2,0,4,1,38,63,106023,9,0,0,40
1,15,2,10,0,4,1,38,43,96102,10,0,1887,40
3,14,4,9,1,4,0,38,27,36440,15,0,0,65
7,11,2,14,5,4,0,38,59,154236,9,7688,0,40
4,8,2,7,5,4,0,38,27,153546,11,0,0,36
3,15,2,12,0,4,1,38,40,97688,10,0,0,48
5,10,2,9,0,4,1,38,72,52138,16,0,2392,25
0,9,2,12,0,2,1,38,52,617021,13,7688,0,40
3,9,2,11,0,4,1,38,39,218490,13,0,1848,40
3,9,2,3,0,4,1,38,34,30497,13,15024,0,60
6,12,2,9,0,2,1,38,44,174325,14,7688,0,40
3,11,2,13,0,4,1,38,44,59474,9,0,0,40
3,14,2,9,0,4,1,38,42,378384,15,0,1902,60
3,9,2,7,0,1,1,38,33,274222,13,7688,0,38
3,11,2,5,0,4,1,38,30,206051,9,0,0,40
3,11,2,6,0,4,1,38,32,344129,9,0,0,40
5,9,2,9,0,4,1,38,62,171315,13,0,0,60
5,9,4,11,1,2,1,38,31,181485,13,0,0,40
3,9,2,3,0,4,1,9,51,255412,13,0,0,50
3,7,2,2,0,4,1,10,39,183898,12,7688,0,60
3,9,2,9,0,4,1,38,30,55291,13,0,0,40
1,12,0,9,1,4,0,38,53,181755,14,0,0,35
3,11,2,2,0,4,1,38,46,271828,9,0,0,40
5,15,2,3,0,4,1,38,44,158555,10,0,0,50
3,15,2,3,0,4,1,38,53,123429,10,0,0,60
3,15,2,2,0,0,1,38,41,113555,10,7298,0,50
3,9,2,3,2,1,0,2,32,353994,13,0,0,40
3,9,2,3,0,2,1,38,44,286750,13,0,0,50
3,9,2,3,0,4,1,38,38,112561,13,0,0,55
3,15,4,0,4,4,1,38,43,147110,10,0,0,48
4,11,2,11,0,4,1,38,54,175339,9,0,0,50
3,12,2,3,0,4,1,38,38,234901,14,0,1977,60
3,11,2,0,5,4,0,38,50,217083,9,0,0,40
3,8,2,9,5,4,0,38,30,97757,11,0,0,36
3,11,2,6,0,4,1,38,32,107843,9,5178,0,50
6,12,2,9,5,4,0,38,64,264544,14,0,0,5
6,11,2,7,0,4,1,38,46,222374,9,0,0,43
3,12,2,0,0,4,1,38,56,318450,14,0,0,80
5,9,2,11,0,4,1,38,46,236852,13,0,0,45
3,11,2,13,0,4,1,38,39,33355,9,7298,0,48
4,9,2,2,0,4,1,38,37,291518,13,15024,0,55
3,8,4,0,1,4,1,38,24,23438,11,0,0,30
4,15,2,3,0,4,1,38,49,362654,10,15024,0,50
3,11,0,13,4,4,1,38,63,96299,9,0,0,45
4,7,2,3,0,4,1,38,33,117963,12,0,1887,60
3,11,2,3,0,4,1,38,52,164135,9,0,0,50
3,9,2,3,0,4,1,38,33,171216,13,0,0,50
3,5,2,13,0,4,1,38,53,137428,4,0,0,60
0,14,2,9,0,4,1,38,32,111567,15,0,0,40
3,15,2,11,0,4,1,38,25,197871,10,0,0,44
6,11,2,10,0,1,1,38,26,70447,9,0,0,40
4,12,2,3,0,4,1,38,51,304955,14,0,0,50
3,12,2,3,0,4,1,38,40,71738,14,0,0,46
3,9,2,9,0,4,1,38,48,202467,13,0,1485,40
4,14,2,9,0,4,1,38,52,90363,15,99999,0,35
6,9,2,0,0,4,1,38,43,199806,13,0,0,40
3,11,2,11,5,4,0,38,44,103459,9,0,0,40
3,15,5,12,4,4,1,38,28,282398,10,0,0,40
3,8,2,11,0,4,1,38,45,33300,11,0,1977,50
3,9,2,11,0,4,1,38,43,293305,13,0,1887,40
3,8,2,12,0,4,1,38,41,121718,11,0,1848,48
6,11,2,2,0,2,1,38,50,229272,9,0,0,40
3,11,2,11,5,4,0,38,46,142828,9,0,0,40
3,15,2,13,0,4,1,38,54,22743,10,15024,0,60
3,11,2,5,0,4,1,38,68,76371,9,0,0,45
3,4,2,6,5,1,0,40,43,128212,3,0,0,40
0,15,2,10,0,4,1,38,54,127455,10,0,0,48
3,15,2,3,0,4,1,38,51,254230,10,0,0,40
1,12,2,9,0,4,1,38,51,116286,14,0,0,60
3,7,2,12,0,4,1,38,35,361888,12,0,0,40
7,9,2,14,5,4,0,38,31,26553,13,0,0,25
3,8,2,2,0,2,1,38,53,225768,11,0,0,40
3,11,2,11,0,4,1,38,39,191807,9,15024,0,50
0,11,2,0,0,4,1,38,54,33863,9,0,0,40
7,15,2,14,5,4,0,38,62,182687,10,0,0,45
3,9,2,3,0,4,1,38,53,104501,13,0,1902,55
4,11,2,3,0,1,1,35,33,139057,9,0,0,84
3,11,2,2,0,4,1,38,61,166124,9,0,0,40
3,11,2,2,0,4,1,38,51,186338,9,0,0,40
3,15,0,9,1,4,1,38,52,326156,10,0,0,40
3,12,2,3,0,4,1,38,53,201127,14,0,0,48
3,11,2,2,0,4,1,38,46,328216,9,0,0,40
1,11,2,2,0,4,1,38,32,127651,9,0,0,40
3,9,2,3,0,4,1,38,38,29702,13,0,0,45
3,15,2,12,0,4,1,38,30,173005,10,0,0,50
3,15,2,2,0,2,1,38,42,310632,10,0,0,40
3,15,2,2,0,4,1,38,39,153976,10,0,0,52
3,9,2,9,0,4,1,38,39,746786,13,0,0,55
3,12,2,9,5,4,0,38,49,101825,14,0,1977,40
7,7,2,14,0,2,1,38,55,106707,12,0,0,20
6,0,2,3,0,4,1,38,64,550848,6,0,0,40
3,11,2,6,0,4,1,38,52,192390,9,0,0,40
3,11,0,2,2,4,1,38,52,177858,9,0,0,55
3,14,4,9,1,4,0,38,44,178134,15,0,0,40
3,15,2,2,0,4,1,38,31,207201,10,0,0,40
3,9,4,11,1,1,1,39,35,124483,13,0,0,50
3,11,2,5,0,4,1,38,40,92036,9,0,0,40
7,10,2,14,0,4,1,38,72,118902,16,0,2392,6
3,0,2,12,0,4,1,38,31,381153,6,0,0,40
3,11,2,9,0,4,1,38,36,183612,9,0,1977,40
3,8,2,2,0,4,1,38,40,184105,11,0,0,40
5,14,5,9,4,4,1,38,34,320194,15,0,0,48
3,9,2,5,5,4,0,30,39,99065,13,0,0,40
3,9,2,2,0,4,1,38,27,228472,13,0,0,45
4,14,2,9,0,1,1,29,50,156623,15,7688,0,50
3,15,2,5,0,4,1,38,27,35032,10,0,0,40
3,7,2,2,0,4,1,38,46,190115,12,0,0,40
3,9,2,11,0,4,1,38,40,510072,13,0,0,55
3,9,2,3,0,4,1,38,35,152909,13,0,1887,45
3,9,2,3,0,4,1,38,36,347491,13,0,0,50
3,9,2,9,0,4,1,38,34,146161,13,0,0,60
3,11,2,5,0,4,1,38,59,67841,9,0,0,40
1,12,2,9,0,4,1,38,40,244522,14,0,1902,48
6,15,0,10,4,0,0,38,38,31352,10,0,0,40
3,15,2,9,0,4,1,38,34,275438,10,5178,0,40
3,11,2,0,0,4,1,38,49,87928,9,0,0,40
5,14,2,9,0,4,1,38,39,126569,15,15024,0,60
3,15,2,3,0,4,1,38,41,221947,10,0,1887,50
3,11,2,2,0,4,1,38,55,147098,9,0,0,50
3,15,2,2,0,4,1,38,45,120131,10,0,1887,40
3,11,2,3,0,4,1,38,31,223327,9,0,0,40
3,9,2,9,5,4,0,19,36,95654,13,0,0,50
3,10,2,9,0,4,1,38,33,144064,16,0,0,55
3,8,2,7,5,4,0,38,52,379682,11,0,0,20
7,8,2,14,5,0,0,38,27,129661,11,0,0,40
3,12,2,12,0,4,1,39,46,324655,14,0,1902,40
1,11,2,2,0,4,1,38,54,137691,9,0,0,40
3,9,2,3,0,4,1,38,41,84610,13,0,1902,60
3,11,2,11,0,4,1,1,67,288371,9,0,0,40
3,9,5,3,1,4,1,38,55,163083,13,14084,0,45
1,12,4,9,1,4,0,38,47,154940,14,0,0,45
3,7,2,9,0,4,1,38,36,63509,12,0,0,48
7,12,4,14,1,4,0,38,53,158352,14,8614,0,35
3,15,0,2,1,4,1,38,41,125461,10,0,0,40
3,6,2,3,0,4,1,38,54,174865,5,0,0,45
3,11,2,3,0,4,1,38,61,195453,9,0,0,50
1,9,2,9,5,4,0,38,39,113253,13,0,0,50
3,11,2,12,0,4,1,38,44,228320,9,0,0,45
3,11,2,2,0,4,1,38,46,185041,9,0,0,75
5,7,2,13,0,4,1,38,27,37302,12,7688,0,70
3,9,2,3,0,4,1,38,49,204629,13,0,0,40
3,11,2,3,0,4,1,38,32,34104,9,3103,0,55
3,9,2,9,0,4,1,38,32,312667,13,15024,0,50
3,9,2,2,0,4,1,38,49,329603,13,0,1902,40
3,11,2,3,0,4,1,38,42,385591,9,0,0,50
3,11,2,6,0,4,1,38,59,168569,9,0,1887,40
1,12,2,3,0,4,1,38,34,240252,14,0,0,40
3,15,2,2,0,4,1,38,41,221947,10,0,0,56
3,11,2,12,0,4,1,38,30,65278,9,0,0,40
5,12,2,11,0,4,1,38,35,189878,14,0,0,40
3,14,2,9,0,4,1,38,35,278403,15,0,0,80
3,9,0,3,1,4,1,38,35,202027,13,27828,0,50
3,8,2,3,0,4,1,38,46,205100,11,0,0,48
3,7,0,3,1,4,1,38,63,149756,12,0,0,40
1,11,2,10,0,4,1,38,51,240358,9,0,0,40
4,14,2,9,0,4,1,38,34,186824,15,15024,0,40
0,9,2,9,0,4,1,38,46,162187,13,0,0,40
3,11,2,2,0,4,1,38,36,172538,9,0,0,52
1,12,2,9,0,4,1,38,33,43959,14,7688,0,50
3,11,2,13,0,4,1,38,51,162632,9,7298,0,60
3,12,2,3,0,4,1,38,53,114758,14,15024,0,65
3,11,2,6,0,4,1,38,33,184901,9,0,0,40
0,10,2,9,0,4,1,10,53,199720,16,15024,0,60
3,9,4,9,1,4,0,38,22,195532,13,8614,0,40
3,9,2,11,0,4,1,38,32,180603,13,0,0,40
3,12,2,11,0,4,1,38,42,201785,14,0,0,50
3,15,2,3,5,4,0,38,27,146764,10,0,0,40
5,9,2,9,0,4,1,32,31,348038,13,0,1902,50
3,6,2,6,5,4,0,38,45,178215,5,0,0,40
3,9,2,3,0,4,1,38,35,340110,13,0,1848,70
5,9,3,3,1,2,1,22,48,133694,13,0,0,40
4,11,2,2,0,4,1,38,32,46807,9,99999,0,40
5,9,2,9,5,4,0,38,48,317360,13,0,0,20
1,15,2,3,5,4,0,38,48,31264,10,5178,0,40
3,15,2,2,0,4,1,38,47,368561,10,0,0,40
3,9,2,3,0,4,1,39,45,102096,13,0,0,40
4,15,2,11,0,4,1,38,52,100506,10,15024,0,50
3,12,2,9,0,4,1,38,43,304175,14,0,0,50
4,11,2,0,0,4,1,38,40,207578,9,0,0,50
3,11,2,3,0,4,1,38,53,88842,9,99999,0,40
6,10,2,9,0,4,1,19,52,149650,16,0,0,40
7,12,4,14,1,4,0,38,56,132930,14,0,0,50
3,10,2,9,0,4,1,38,68,128472,16,0,0,55
4,14,2,9,0,4,1,38,40,344060,15,0,0,50
4,14,2,9,0,2,1,38,43,286750,15,0,0,99
3,11,2,11,0,4,1,38,45,123681,9,0,0,40
1,12,2,3,0,4,1,38,57,52267,14,0,0,50
3,12,2,3,0,4,1,38,49,185041,14,0,1977,40
3,15,2,9,5,4,0,38,51,159604,10,0,0,40
3,0,2,13,0,2,1,38,41,197583,6,0,0,40
3,11,2,0,0,4,1,38,46,175109,9,0,1485,40
3,0,2,13,0,4,1,38,64,180401,6,0,0,40
5,14,2,9,0,4,1,38,50,146603,15,0,0,40
6,12,2,9,0,4,1,38,53,143822,14,0,0,36
3,9,0,3,4,4,0,38,37,234807,13,7430,0,45
0,14,4,9,1,4,1,38,39,65324,15,0,0,55
3,0,2,2,0,2,1,38,55,120970,6,0,0,40
3,1,2,11,0,4,1,38,60,121832,7,0,0,40
1,9,2,9,5,4,0,38,37,233825,13,15024,0,50
6,9,2,3,0,4,1,38,50,103063,13,0,0,40
3,9,2,3,0,4,1,38,49,149337,13,0,0,40
3,11,2,13,0,4,1,38,61,232308,9,0,0,45
5,11,4,6,3,4,1,38,35,225399,9,8614,0,40
3,9,2,9,0,4,1,38,31,110643,13,0,0,40
6,12,2,9,0,4,1,38,57,32694,14,0,0,50
3,8,2,0,5,4,0,38,41,95047,11,7688,0,44
3,11,2,4,0,4,1,38,34,56026,9,0,0,60
3,7,2,3,5,2,0,38,50,125417,12,0,0,40
5,9,2,9,0,4,1,38,40,242082,13,0,0,45
3,12,2,3,0,4,1,38,53,424079,14,15024,0,55
5,15,2,6,0,4,1,38,38,108947,10,7688,0,40
3,1,2,5,0,4,1,38,41,67339,7,7688,0,40
5,11,2,3,0,4,1,38,47,145290,9,0,2415,50
3,15,2,11,0,4,1,38,31,379798,10,0,0,40
3,12,2,3,0,4,1,38,34,299635,14,0,1902,50
3,9,2,9,5,2,0,38,37,148015,13,15024,0,40
3,15,2,11,0,4,1,38,54,206964,10,0,0,40
7,8,2,14,5,4,0,38,35,117528,11,0,0,40
3,8,2,3,0,4,1,38,47,124973,11,15024,0,50
3,11,2,11,0,2,1,38,42,220049,9,0,0,40
3,10,2,3,0,4,1,38,55,50164,16,0,0,60
4,9,2,6,0,4,1,39,46,219962,13,7298,0,40
3,11,2,2,0,4,1,38,53,79324,9,0,0,40
3,15,2,2,0,4,1,38,48,189462,10,7688,0,40
3,14,2,9,0,4,1,38,38,136081,15,0,0,60
3,9,2,3,0,4,1,38,27,129624,13,0,0,40
3,9,2,3,0,4,1,38,49,110243,13,0,0,45
3,14,2,9,0,1,1,35,47,345493,15,99999,0,55
3,15,2,0,5,4,0,1,45,168837,10,0,0,24
3,0,2,13,0,4,1,38,59,107833,6,0,1485,40
3,7,2,2,0,4,1,38,46,34377,12,0,0,40
1,9,4,9,1,2,1,39,30,125159,13,14084,0,45
5,11,2,3,0,4,1,38,58,93664,9,15024,0,60
3,6,2,0,0,2,1,38,45,186272,5,5178,0,40
3,11,2,5,0,4,1,38,33,401104,9,0,0,50
1,7,2,9,5,2,0,39,37,287306,12,99999,0,40
3,9,2,3,0,4,1,38,53,113995,13,0,0,45
3,15,2,13,0,4,1,38,38,111499,10,7298,0,50
3,9,2,11,0,4,1,38,45,162187,13,0,0,52
1,9,2,9,0,4,1,38,38,91711,13,0,0,50
3,15,2,2,0,4,1,38,33,198003,10,7298,0,50
3,11,2,12,0,4,1,38,32,164243,9,0,0,60
3,9,2,3,0,4,1,38,39,173175,13,15024,0,50
7,15,2,14,5,4,0,38,34,317219,10,0,0,20
5,15,0,12,1,4,0,38,55,168625,10,0,0,12
3,15,2,2,0,4,1,38,46,155659,10,15024,0,45
5,8,2,13,5,4,0,10,60,88570,11,0,0,15
3,9,2,9,0,4,1,38,38,179668,13,0,0,50
3,11,2,2,0,4,1,38,34,155343,9,0,1848,50
7,9,2,14,0,4,1,38,60,204486,13,0,0,8
3,9,2,9,0,4,1,38,29,114224,13,0,0,40
3,11,2,3,0,4,1,38,25,163620,9,7298,0,84
3,9,4,9,1,4,1,38,33,135312,13,0,0,40
1,12,2,9,0,4,1,38,30,226443,14,0,1887,45
3,9,4,11,1,4,1,38,28,78870,13,8614,0,40
3,12,2,9,0,4,1,38,42,107762,14,0,0,40
4,15,2,11,0,4,1,38,65,208452,10,0,0,35
3,5,2,2,0,2,1,38,47,379118,4,0,0,60
3,11,4,2,4,4,1,38,31,340917,9,14344,0,40
0,9,2,9,0,4,1,38,32,127651,13,0,0,40
0,9,0,10,1,4,1,38,31,206823,13,0,0,50
3,11,2,6,0,4,1,20,30,112115,9,0,0,60
0,12,2,12,0,1,1,29,40,298635,14,0,1902,40
1,15,0,7,2,4,0,39,66,222810,10,7896,0,40
3,15,2,9,0,4,1,38,31,164190,10,0,0,50
3,12,2,3,0,4,1,38,49,65087,14,15024,0,50
7,9,2,14,0,4,1,38,67,182378,13,9386,0,60
3,7,2,3,0,4,1,38,30,174789,12,0,1848,50
3,11,2,5,0,2,1,38,58,188982,9,0,0,20
4,9,2,11,0,4,1,38,46,120121,13,0,0,50
0,10,4,9,1,4,0,38,51,282680,16,0,1564,70
3,11,0,13,1,4,1,38,36,183892,9,8614,0,45
1,1,0,11,4,4,1,32,42,195124,7,7430,0,50
6,9,2,0,0,4,1,38,49,55938,13,0,0,40
3,9,0,11,1,4,1,38,40,179717,13,0,1564,60
7,11,0,14,1,4,0,38,69,164102,9,0,0,40
3,9,2,3,0,4,1,38,30,112115,13,0,0,50
3,15,2,0,0,4,1,38,47,168232,10,0,0,44
4,11,2,2,0,4,1,39,34,207668,9,0,0,54
3,11,2,2,0,4,1,38,53,29658,9,0,0,40
3,15,2,11,0,4,1,38,26,154966,10,0,0,50
0,15,0,9,1,4,1,38,57,97837,10,0,0,48
3,15,2,3,0,4,1,38,34,253438,10,0,0,60
5,11,2,2,0,4,1,38,60,376973,9,0,0,42
3,15,2,13,0,4,1,38,43,331894,10,0,0,60
3,11,2,13,0,4,1,38,35,46385,9,5178,0,90
6,9,2,10,0,4,1,38,32,182556,13,0,1887,45
5,14,2,9,0,4,1,38,42,174216,15,0,0,38
3,11,2,9,0,4,1,38,39,172538,9,0,0,50
3,9,2,11,0,4,1,38,35,193026,13,0,0,45
3,15,2,0,5,4,0,38,50,184424,10,0,1902,38
1,12,2,3,0,4,1,38,49,337768,14,0,0,50
3,15,2,3,5,4,0,38,46,72619,10,0,0,40
3,1,4,13,1,4,1,38,37,30267,7,0,0,60
4,9,2,3,0,4,1,38,45,142719,13,0,0,40
3,9,2,3,0,4,1,38,43,91209,13,0,0,40
3,12,2,3,0,4,1,38,46,55720,14,0,0,45
3,9,2,9,0,4,1,38,36,398931,13,0,1485,50
5,14,2,9,0,4,1,38,37,362062,15,99999,0,50
3,11,2,2,0,4,1,38,33,196266,9,0,0,40
3,11,2,2,0,1,1,38,54,86837,9,0,1902,40
3,11,2,3,5,4,0,31,43,116852,9,0,0,36
3,9,6,9,1,4,0,38,45,154430,13,10520,0,50
1,8,2,2,0,4,1,38,44,188808,11,0,0,40
3,11,2,2,0,4,1,38,35,360799,9,7298,0,40
3,15,2,11,0,4,1,38,42,201732,10,0,0,40
6,12,0,9,1,4,1,38,48,170142,14,0,0,40
3,15,0,2,3,4,1,38,32,213179,10,0,0,40
0,11,2,0,0,2,1,38,47,68493,9,0,0,40
3,11,2,6,0,4,1,38,38,207202,9,0,0,48
4,11,2,2,0,4,1,38,33,132601,9,0,0,40
3,8,2,3,0,4,1,38,41,160785,11,0,0,40
3,15,2,11,0,4,1,38,46,117849,10,15024,0,40
3,11,2,6,0,4,1,38,49,164799,9,0,0,40
3,9,2,11,0,4,1,38,44,160785,13,0,0,60
4,8,2,3,0,4,1,38,63,272425,11,0,0,40
3,11,2,11,0,4,1,38,40,168538,9,0,0,60
4,15,2,3,0,4,1,38,45,204205,10,0,0,50
3,15,2,0,0,4,1,38,49,142287,10,0,1902,50
3,7,2,3,5,4,0,38,28,51331,12,0,0,16
5,12,2,3,5,4,0,38,44,402397,14,0,1902,60
7,11,2,14,0,4,1,38,51,203953,9,0,0,40
3,10,2,9,0,1,1,2,30,315640,16,0,1977,40
3,14,2,9,0,4,1,38,56,282023,15,0,0,45
5,12,2,2,0,4,1,38,46,148599,14,0,0,50
3,9,0,11,1,4,1,38,45,339863,13,8614,0,48
3,14,2,9,0,4,1,38,34,117963,15,0,0,50
4,15,2,3,0,4,1,38,43,135342,10,0,0,50
3,11,2,2,0,4,1,38,31,259425,9,0,0,40
4,11,2,2,0,4,1,38,47,212120,9,0,0,40
4,14,0,9,1,4,1,38,47,79627,15,27828,0,50
5,9,2,11,0,4,1,38,63,298249,13,10605,0,40
1,12,2,9,0,4,1,38,48,142719,14,0,0,40
3,15,0,13,1,4,1,38,56,119859,10,0,0,40
1,9,2,9,0,4,1,38,59,196013,13,0,0,40
0,15,2,3,5,2,0,38,33,348491,10,0,0,40
5,9,2,11,0,4,1,38,63,147589,13,0,0,30
4,14,2,9,0,4,1,38,42,123838,15,0,1977,50
3,12,2,3,0,4,1,38,55,31905,14,0,1977,40
5,15,2,9,0,4,1,38,48,121124,10,0,0,35
3,12,2,9,0,4,1,38,32,473133,14,0,0,40
3,11,2,11,0,4,1,38,52,99185,9,7298,0,50
1,9,2,9,0,4,1,38,57,118481,13,0,1902,40
3,8,2,3,0,2,1,38,44,313022,11,0,0,40
3,11,2,2,0,4,1,38,62,178745,9,0,0,45
3,10,4,9,1,4,0,38,33,254221,16,0,0,60
3,5,2,11,0,4,1,38,61,128230,4,0,0,50
3,10,2,9,0,4,1,38,48,192894,16,0,0,40
5,11,2,11,5,4,0,38,36,20333,9,7688,0,40
5,11,2,4,0,4,1,38,52,195462,9,0,0,98
5,11,2,2,0,4,1,38,25,182809,9,7298,0,40
4,14,2,9,0,4,1,38,39,114844,15,99999,0,65
1,15,2,10,0,4,1,38,46,216414,10,0,0,40
6,12,2,3,0,4,1,38,47,80914,14,0,0,47
4,15,2,11,0,4,1,38,44,187720,10,0,0,50
3,11,2,2,0,4,1,38,50,71417,9,3103,0,40
4,11,2,0,5,4,0,38,49,158685,9,0,2377,40
3,9,2,3,0,4,1,38,38,33001,13,0,0,55
3,11,2,6,0,4,1,38,42,255847,9,4386,0,48
5,15,0,4,4,4,0,38,54,278230,10,10520,0,30
3,12,2,3,0,4,1,38,47,190139,14,0,0,40
1,9,2,9,5,4,0,38,42,159931,13,0,0,45
3,11,2,2,0,4,1,38,29,207064,9,0,0,40
0,11,2,0,0,4,1,38,41,168294,9,5178,0,40
1,15,2,5,0,4,1,38,49,194895,10,7298,0,40
5,11,2,4,0,4,1,38,41,27305,9,7688,0,40
7,11,2,14,5,4,0,38,32,134886,9,0,0,2
3,9,2,3,0,4,1,38,37,305379,13,0,0,50
5,15,2,3,0,4,1,38,42,99185,10,0,0,40
3,11,2,11,3,4,1,38,25,159662,9,0,0,26
1,12,2,9,5,4,0,38,49,349633,14,0,0,50
3,10,2,3,5,4,0,38,38,146091,16,99999,0,36
3,9,2,3,0,4,1,38,32,207668,13,15024,0,45
3,11,2,6,0,4,1,4,38,225707,9,0,0,40
6,10,2,9,0,1,1,35,40,506329,16,0,0,40
7,15,2,14,0,4,1,38,76,172637,10,0,0,20
0,9,4,3,1,4,1,38,43,144778,13,0,0,40
5,12,2,9,0,4,1,39,76,33213,14,0,0,30
1,14,2,9,0,4,1,38,41,297248,15,0,2415,45
3,0,2,6,0,4,1,38,47,185385,6,0,0,40
3,9,2,9,0,4,1,38,44,266135,13,0,0,50
0,15,2,9,0,4,1,38,54,392502,10,0,0,40
3,9,2,3,0,4,1,38,51,193720,13,0,0,45
1,11,2,3,5,2,0,38,50,186888,9,0,0,40
3,9,0,3,1,4,1,38,52,202930,13,0,0,40
3,15,2,12,0,4,1,38,38,174242,10,0,0,40
0,9,2,10,0,4,1,38,39,99146,13,0,1887,60
1,12,2,9,5,4,0,38,36,196529,14,0,0,40
3,15,2,11,0,4,1,38,51,224207,10,0,0,40
3,15,2,11,0,4,1,38,57,20953,10,0,1902,40
3,6,2,13,0,4,1,38,59,43221,5,0,0,60
3,11,2,10,0,4,1,38,50,343847,9,0,0,38
3,10,2,9,0,4,1,38,45,214068,16,0,0,50
3,12,2,3,0,4,1,38,44,116632,14,0,0,50
3,15,2,3,0,4,1,38,54,165278,10,0,0,40
4,15,2,0,5,4,0,38,31,236415,10,0,0,20
3,9,2,3,5,4,0,38,33,118941,13,0,0,32
5,15,2,9,0,3,1,38,47,236111,10,0,0,55
3,9,2,6,0,4,1,30,57,319733,13,0,0,40
3,15,4,2,4,4,1,39,41,70037,10,0,3004,60
5,10,4,9,1,4,1,38,36,177907,16,0,0,40
3,7,2,10,0,4,1,38,52,145548,12,0,0,40
1,9,2,9,0,4,1,38,45,37306,13,0,0,45
3,12,0,9,4,4,0,38,47,169092,14,0,0,50
3,5,2,6,0,4,1,39,35,90273,4,0,0,40
3,9,2,3,5,4,0,38,25,168943,13,0,0,30
3,12,4,9,1,4,1,38,30,156464,14,0,0,45
3,11,2,9,0,0,1,38,33,163392,9,0,0,48
4,9,2,11,0,4,1,38,41,218302,13,0,0,60
1,12,2,3,0,4,1,38,90,227796,14,20051,0,60
3,15,2,10,0,2,1,39,55,157079,10,0,0,40
3,12,5,9,1,4,0,38,63,361631,14,0,0,40
3,9,2,3,5,2,0,38,42,254773,13,0,0,50
3,6,0,5,1,4,1,32,61,173924,5,0,0,40
3,9,0,12,4,4,1,10,35,275364,13,7430,0,40
5,9,4,0,3,4,1,38,23,258298,13,0,2231,40
4,9,2,3,0,4,1,38,50,127315,13,15024,0,60
3,15,2,9,0,4,1,38,57,183810,10,0,0,40
3,12,4,3,1,2,1,38,90,51744,14,0,0,50
3,8,0,9,4,4,0,38,35,175614,11,0,0,40
5,15,2,11,0,2,1,38,31,235237,10,0,0,60
3,15,2,11,0,4,1,38,37,172846,10,0,0,45
3,15,2,2,0,4,1,38,59,43221,10,0,0,43
3,9,2,3,0,4,1,38,34,181091,13,0,1977,45
3,9,0,11,1,4,0,38,53,283602,13,13550,0,43
3,15,2,7,5,4,0,38,51,143741,10,0,0,40
3,9,4,9,1,4,1,38,39,316211,13,0,0,40
0,15,2,3,0,4,1,38,45,88564,10,7688,0,40
3,11,2,9,0,4,1,38,55,189664,9,0,0,40
3,15,2,0,0,4,1,38,34,209808,10,0,0,40
3,12,2,9,0,4,1,38,33,176992,14,0,0,40
3,9,2,11,0,4,1,38,39,102953,13,7298,0,55
3,14,2,9,0,4,1,38,44,332401,15,99999,0,65
3,9,2,2,0,4,1,38,51,254211,13,0,0,20
3,9,2,3,0,4,1,38,41,151504,13,7688,0,50
3,15,2,12,0,4,1,38,61,85548,10,15024,0,18
3,11,2,9,0,4,1,38,29,105422,9,0,0,40
3,8,2,2,0,4,1,38,56,142182,11,0,0,45
4,12,2,11,0,4,1,38,62,200577,14,0,0,45
3,9,2,9,0,4,1,38,33,56701,13,15024,0,75
0,12,2,0,0,4,1,38,53,276868,14,0,0,40
3,11,2,2,0,4,1,38,25,139730,9,0,0,80
1,9,4,9,1,4,0,38,33,198183,13,0,0,50
1,9,2,9,0,4,1,38,39,139364,13,0,0,35
3,15,2,13,0,4,1,38,44,193494,10,0,0,72
3,11,2,0,5,4,0,38,39,174368,9,0,0,40
6,12,2,9,5,2,0,38,34,595000,14,0,0,40
6,10,0,9,1,4,0,38,42,117583,16,8614,0,60
6,12,2,9,0,4,1,38,44,167265,14,0,0,60
6,12,2,9,0,4,1,38,34,34104,14,7688,0,38
4,7,2,3,5,4,0,38,40,169878,12,0,0,40
3,12,2,3,0,4,1,38,44,296728,14,0,0,40
3,15,2,11,0,4,1,38,43,111483,10,7298,0,40
4,15,2,3,0,4,1,38,57,257200,10,0,0,40
3,15,2,9,0,1,1,0,27,292472,10,0,0,40
3,11,2,11,0,4,1,38,60,389254,9,0,0,40
3,15,2,2,0,2,1,38,47,164113,10,7688,0,40
3,15,2,2,0,4,1,38,42,266084,10,7298,0,45
3,9,4,3,1,4,1,38,54,205337,13,0,0,50
3,12,2,12,0,4,1,38,44,112517,14,0,0,20
3,11,2,2,0,4,1,38,44,169397,9,0,0,40
3,15,2,3,0,4,1,38,33,172664,10,0,0,70
3,9,2,3,0,4,1,38,33,123253,13,0,0,55
4,14,2,9,0,4,1,38,57,159028,15,99999,0,60
3,9,2,3,0,4,1,38,30,149184,13,0,0,45
3,12,2,9,0,4,1,38,29,168479,14,0,0,40
3,11,2,2,0,4,1,38,60,338345,9,0,0,45
3,9,4,11,1,4,1,38,29,176683,13,0,0,50
3,11,2,12,0,4,1,38,44,376072,9,0,0,45
1,9,2,3,0,4,1,38,34,177675,13,0,0,55
3,9,2,9,0,4,1,38,59,348430,13,0,1902,43
4,11,2,3,0,4,1,38,39,151029,9,0,0,40
1,8,2,10,0,4,1,38,39,301614,11,0,0,48
3,11,2,11,3,4,0,38,47,176319,9,0,0,38
6,10,2,0,0,4,1,38,53,53197,16,0,0,50
3,12,4,2,1,4,1,38,35,204527,14,0,0,50
4,15,2,13,0,4,1,38,49,187563,10,0,0,50
3,7,2,0,5,0,0,38,21,216070,12,0,0,46
5,9,2,3,0,4,1,38,54,105010,13,0,0,40
3,15,2,4,0,4,1,38,31,120460,10,0,0,50
3,12,2,3,0,4,1,38,51,146574,14,0,0,50
3,12,2,12,0,4,1,38,37,126569,14,0,0,60
3,11,2,12,0,4,1,38,38,256864,9,0,0,50
5,9,2,9,0,4,1,38,32,174789,13,0,0,50
3,15,4,2,1,4,0,38,62,122246,10,8614,0,39
3,15,2,2,0,4,1,38,33,260782,10,0,0,41
3,7,2,3,5,4,0,38,38,169926,12,0,1902,40
3,11,2,6,0,4,1,38,56,192869,9,0,0,40
1,11,0,2,1,3,1,39,53,228723,9,0,0,40
3,11,2,13,0,4,1,38,54,43269,9,0,0,50
3,10,4,9,1,4,1,38,51,306108,16,0,0,40
3,11,2,2,0,4,1,38,30,220148,9,0,1848,50
3,15,4,11,1,4,1,38,30,213722,10,0,0,50
3,15,0,0,3,4,0,38,40,208277,10,0,0,44
3,10,2,3,0,4,1,38,55,160662,16,0,0,80
3,12,2,11,0,4,1,38,53,106176,14,7298,0,60
3,11,2,0,5,4,0,38,41,78410,9,0,0,40
3,8,2,12,0,4,1,38,44,182616,11,0,0,40
1,15,2,10,0,4,1,38,31,381153,10,15024,0,56
3,11,2,2,0,4,1,38,39,305597,9,0,0,40
5,14,2,9,0,4,1,38,39,109766,15,15024,0,50
5,14,2,9,0,4,1,38,43,145441,15,0,0,30
0,10,2,9,0,4,1,39,37,129573,16,0,0,72
3,15,2,0,0,4,1,38,41,27444,10,0,0,46
3,11,2,0,0,4,1,38,43,195258,9,0,0,40
6,15,2,2,0,4,1,38,47,55272,10,0,0,40
5,14,4,9,1,4,1,38,38,164526,15,0,2824,45
3,9,2,11,0,4,1,38,24,317175,13,0,0,45
3,12,0,13,1,4,1,38,45,543922,14,14344,0,48
1,14,2,10,0,4,1,38,46,109089,15,0,0,40
5,9,2,9,0,4,1,38,56,172618,13,7688,0,40
3,15,2,3,0,4,1,38,41,202168,10,0,0,60
3,11,0,3,4,2,0,38,47,176140,9,0,0,40
3,9,2,9,0,4,1,1,48,355320,13,0,0,45
3,11,2,5,0,4,1,38,56,182460,9,0,0,40
3,8,2,13,0,4,1,38,50,69345,11,3103,0,55
5,12,2,9,0,4,1,38,57,102058,14,0,0,40
3,10,2,9,0,4,1,38,54,88278,16,0,1977,50
3,15,2,2,0,4,1,38,50,123429,10,0,0,40
3,12,2,12,0,1,1,29,46,137354,14,0,0,40
3,11,2,2,0,4,1,38,35,212465,9,0,0,40
4,11,2,3,0,4,1,38,45,170871,9,15024,0,55
1,11,2,3,0,4,1,38,43,233865,9,0,0,40
3,11,2,10,0,4,1,38,51,163052,9,0,0,40
0,9,2,0,0,4,1,10,47,34845,13,0,0,45
4,8,2,3,0,4,1,38,49,349230,11,0,0,60
3,8,2,3,0,4,1,38,53,266529,11,0,0,40
3,12,2,11,0,4,1,38,35,241126,14,0,0,40
3,7,2,6,0,4,1,38,53,157069,12,0,0,40
3,12,2,9,5,4,0,38,35,99357,14,15024,0,50
3,9,2,3,0,4,1,38,46,192360,13,0,0,35
3,12,2,9,0,4,1,38,41,93793,14,0,0,38
3,9,2,3,0,4,1,11,48,96359,13,0,0,60
5,9,2,3,0,4,1,38,67,173935,13,0,0,8
3,7,2,2,0,4,1,38,31,420749,12,0,0,40
3,9,2,2,0,4,1,38,25,176729,13,0,0,60
6,9,2,9,0,4,1,38,34,190290,13,0,0,38
5,15,2,6,0,4,1,38,41,120539,10,3103,0,40
5,12,4,11,1,4,1,38,36,164526,14,10520,0,45
3,12,2,11,0,4,1,38,36,261382,14,15024,0,45
3,9,2,9,5,4,0,38,39,146091,13,0,0,20
0,9,2,0,0,4,1,38,33,193246,13,0,0,42
5,11,0,2,4,4,1,38,55,124975,9,27828,0,55
3,11,2,2,0,4,1,38,39,186183,9,0,0,40
3,11,0,6,1,4,0,38,57,365683,9,0,0,40
5,15,2,12,0,4,1,38,57,437281,10,0,0,38
5,9,2,11,0,4,1,38,42,120539,13,0,0,50
3,15,2,9,5,4,0,38,41,63596,10,0,0,32
3,15,3,0,1,4,0,38,52,218550,10,14084,0,16
3,15,6,11,1,4,1,38,71,163385,10,0,0,35
3,15,0,2,1,4,1,38,53,152373,10,0,0,48
3,11,2,7,5,4,0,38,37,161226,9,0,0,30
3,9,2,9,0,4,1,38,34,204461,13,0,0,55
3,9,4,9,1,4,1,38,35,377798,13,0,0,50
3,9,2,9,5,4,0,38,39,327435,13,0,0,36
3,15,2,6,5,4,0,38,42,156580,10,0,0,37
5,9,2,3,0,4,1,38,42,323790,13,0,1977,70
4,10,2,9,0,4,1,1,64,165667,16,7688,0,60
3,9,4,9,1,4,1,38,45,205424,13,0,0,40
7,10,2,14,0,4,1,38,29,134566,16,0,0,50
4,0,4,13,1,4,1,38,37,107164,6,0,2559,50
3,9,2,3,0,1,1,23,38,180303,13,0,0,50
3,11,2,3,0,4,1,38,58,119558,9,0,0,50
3,11,2,2,0,4,1,25,24,200089,9,0,0,60
3,12,2,9,5,4,0,38,51,44000,14,99999,0,50
3,7,2,11,0,4,1,38,52,99307,12,3103,0,48
3,9,2,3,0,4,1,39,41,182567,13,0,0,40
3,9,0,3,4,4,1,38,50,100109,13,0,0,45
3,8,2,12,0,4,1,38,51,114927,11,7298,0,40
3,9,2,11,5,4,0,38,35,189916,13,0,0,30
3,15,2,3,0,4,1,38,34,157747,10,7298,0,40
3,11,2,11,0,4,1,38,65,193216,9,9386,0,40
5,11,2,11,0,4,1,38,39,140752,9,0,0,50
5,0,0,3,3,4,1,38,57,190554,6,0,0,60
3,11,2,3,0,4,1,38,52,170562,9,0,0,60
3,11,2,9,0,4,1,38,29,240738,9,0,0,40
5,11,2,11,0,4,1,38,55,158315,9,0,0,50
3,7,4,0,1,1,0,38,34,96483,12,8614,0,60
5,9,4,3,1,4,1,38,78,316261,13,99999,0,20
3,11,2,13,0,4,1,38,40,170214,9,0,0,40
4,11,2,11,0,4,1,38,43,150533,9,0,0,68
5,11,2,2,0,4,1,38,52,313243,9,0,0,55
1,15,2,9,0,2,1,38,47,56482,10,7688,0,50
5,9,2,9,5,4,0,38,43,396758,13,0,1887,70
3,11,2,13,0,4,1,38,32,271276,9,0,0,80
1,9,2,9,0,4,1,38,25,90730,13,0,1977,40
3,11,2,3,0,4,1,38,37,168475,9,0,0,40
3,12,2,3,0,4,1,38,39,91711,14,0,0,40
3,11,2,2,0,4,1,38,41,82049,9,0,0,40
1,15,2,10,0,4,1,38,33,34080,10,0,0,40
3,15,2,3,0,4,1,38,56,204816,10,0,0,40
0,12,3,3,1,4,0,38,48,205707,14,10520,0,50
1,12,2,9,0,4,1,38,45,236586,14,7688,0,55
4,11,2,2,0,4,1,38,48,136878,9,0,0,60
3,9,2,3,0,2,1,8,32,295117,13,0,0,40
3,8,2,11,0,4,1,38,36,238415,11,0,0,50
1,12,2,9,5,4,0,38,28,191177,14,0,0,20
5,15,2,3,0,4,1,38,58,204816,10,0,0,60
4,7,2,3,0,4,1,38,39,167482,12,0,0,50
5,5,2,3,0,4,1,38,45,242184,4,0,0,55
3,10,2,9,0,4,1,7,79,120707,16,20051,0,35
3,9,2,11,0,4,1,38,40,224232,13,0,0,40
3,11,2,2,0,4,1,38,58,177368,9,0,0,40
3,14,2,9,0,4,1,38,50,178530,15,0,0,60
6,11,2,10,0,0,1,38,60,27037,9,0,0,40
3,9,2,7,5,4,0,39,43,163215,13,0,0,35
3,15,2,0,5,4,0,38,38,258888,10,0,0,35
3,15,2,12,0,4,1,38,42,210525,10,0,0,20
3,11,2,3,5,4,0,38,42,185602,9,0,0,40
3,15,0,3,1,4,0,38,32,251243,10,0,0,50
5,9,2,9,0,4,1,38,37,415847,13,0,0,40
3,12,2,3,0,4,1,38,40,146520,14,0,0,40
0,12,4,3,1,4,1,38,35,287031,14,8614,0,40
3,15,2,12,0,2,1,22,43,401623,10,0,0,40
5,11,2,4,0,4,1,38,36,283122,9,0,1902,60
3,9,2,9,0,4,1,38,41,152292,13,0,0,50
4,11,2,3,0,4,1,38,55,138594,9,0,1977,45
3,15,2,3,0,4,1,38,55,323706,10,0,1902,40
1,12,2,9,5,4,0,38,52,74784,14,0,0,40
3,15,2,0,5,2,0,38,36,383518,10,99999,0,40
3,9,2,3,0,4,1,38,52,347519,13,0,0,55
3,12,2,9,0,4,1,38,67,195161,14,20051,0,60
3,9,2,3,0,4,1,38,32,116539,13,0,1887,55
4,11,2,2,0,4,1,38,44,383493,9,0,0,60
3,9,2,2,0,4,1,38,43,187322,13,0,0,40
3,11,2,3,0,4,1,38,51,335997,9,4386,0,55
3,11,2,2,0,4,1,38,38,63509,9,0,0,40
3,10,2,3,0,4,1,38,59,171355,16,0,0,40
5,11,2,11,0,4,1,38,34,77209,9,0,1902,60
3,11,2,0,0,4,1,38,50,95469,9,7298,0,45
4,12,2,3,5,4,0,19,40,157240,14,15024,0,30
3,12,2,9,0,4,1,38,43,102180,14,0,0,40
3,15,2,11,0,4,1,38,51,337195,10,0,1902,50
6,12,2,9,0,4,1,38,58,194068,14,0,1977,50
3,9,2,12,5,4,0,38,41,42563,13,0,0,25
3,9,0,3,1,4,1,38,50,279129,13,0,0,55
3,12,2,11,0,4,1,38,39,126675,14,0,0,50
3,7,2,9,0,4,1,38,48,102112,12,0,0,50
3,15,2,2,0,4,1,38,57,73411,10,0,0,40
3,15,2,3,5,4,0,32,39,207185,10,0,0,35
3,9,2,9,0,4,1,38,66,127139,13,0,0,40
3,9,0,9,1,4,1,38,36,297449,13,14084,0,40
3,11,2,13,0,4,1,1,46,377401,9,0,1902,70
0,11,2,0,0,4,1,10,46,80057,9,0,0,40
1,12,2,9,0,4,1,38,50,145166,14,7298,0,40
0,7,2,2,0,4,1,38,44,280362,12,0,0,40
6,10,2,9,0,2,1,38,75,113868,16,0,0,20
3,15,2,13,0,4,1,38,56,159724,10,0,0,40
5,11,2,4,0,4,1,38,47,168109,9,15024,0,50
4,14,2,9,0,4,1,38,48,155664,15,0,0,60
3,9,0,0,1,4,1,38,61,230568,13,0,0,40
4,15,2,3,0,4,1,38,58,189933,10,0,0,65
4,12,2,3,0,4,1,38,46,191978,14,0,2392,50
3,15,2,9,0,4,1,38,35,38948,10,0,0,40
6,9,2,9,5,0,0,38,41,47170,13,0,0,48
6,15,5,9,1,4,1,38,33,208785,10,10520,0,40
3,11,2,11,0,4,1,38,33,67072,9,0,0,50
3,9,2,9,0,4,1,38,37,305597,13,0,0,45
0,15,2,3,0,4,1,38,49,311671,10,0,0,40
3,11,6,0,1,4,0,38,74,129879,9,15831,0,40
3,11,2,3,5,4,0,38,40,141657,9,0,0,35
3,9,4,11,1,4,1,38,34,50276,13,27828,0,40
3,15,2,11,0,4,1,38,42,149909,10,0,0,25
3,12,2,3,0,4,1,38,41,280167,14,15024,0,70
3,11,2,3,5,4,0,38,55,334308,9,0,0,30
0,12,4,3,1,4,0,38,42,170230,14,14084,0,60
3,12,2,9,0,4,1,38,55,163083,14,0,0,40
3,11,2,13,0,4,1,38,62,218009,9,0,1977,60
4,14,2,9,0,4,1,38,52,173754,15,15024,0,60
3,12,2,3,0,4,1,38,34,204470,14,0,0,50
3,0,4,9,1,4,1,38,38,175360,6,0,2559,90
3,8,2,3,0,4,1,38,43,303051,11,15024,0,40
5,9,2,9,0,4,1,38,37,48063,13,0,0,55
3,15,2,3,0,4,1,38,43,170214,10,0,0,50
0,11,2,9,0,4,1,38,54,51048,9,0,0,40
4,4,2,11,0,4,1,25,53,246562,3,0,0,40
3,9,2,9,0,4,1,38,28,114967,13,0,0,40
4,14,2,9,0,4,1,38,50,321822,15,0,0,75
3,9,2,2,0,4,1,38,37,308691,13,0,0,45
3,12,2,9,0,4,1,38,39,194404,14,7688,0,40
5,9,4,10,1,4,1,38,37,188774,13,0,0,55
3,9,2,11,0,4,1,38,29,280344,13,0,0,40
5,12,0,3,4,4,1,38,51,165001,14,25236,0,50
4,12,0,9,4,4,1,25,49,362795,14,99999,0,80
5,9,2,9,0,4,1,38,63,125178,13,0,0,40
3,11,2,11,0,4,1,38,40,321758,9,0,0,40
3,12,4,9,1,4,1,39,35,188069,14,13550,0,55
3,8,4,11,1,4,1,38,25,169905,11,27828,0,40
3,9,2,2,0,4,1,38,28,176972,13,0,0,45
1,7,2,10,0,4,1,38,26,177482,12,0,0,45
3,15,6,11,4,4,1,38,48,246891,10,0,0,50
6,12,2,3,0,4,1,38,28,158834,14,0,0,50
3,0,2,2,0,4,1,38,34,144949,6,0,0,45
3,10,2,9,0,4,1,38,55,116878,16,15024,0,30
3,9,2,9,0,4,1,38,26,167761,13,0,0,50
3,11,2,13,0,4,1,38,49,144844,9,0,0,52
3,8,2,12,0,4,1,38,61,238913,11,0,0,40
4,9,2,3,0,4,1,38,42,119281,13,0,0,60
3,15,2,12,0,4,1,38,41,152629,10,0,0,40
3,9,2,11,0,4,1,38,39,211440,13,0,0,50
3,12,2,3,0,4,1,10,33,111567,14,0,1902,45
3,15,5,7,1,4,1,38,23,44064,10,0,2559,40
5,5,3,0,1,4,1,21,77,72931,4,0,0,20
4,12,0,11,4,4,0,38,45,191776,14,25236,0,42
3,11,2,6,0,2,1,38,43,313022,9,4386,0,40
3,9,2,12,0,4,1,38,39,179668,13,15024,0,40
3,15,2,11,0,4,1,38,40,153372,10,0,0,50
3,11,2,2,0,4,1,21,48,240629,9,0,0,40
3,12,2,3,0,4,1,38,37,259785,14,0,0,50
3,12,2,9,0,4,1,38,45,127111,14,0,0,55
3,9,2,12,0,4,1,38,34,177675,13,0,0,40
4,12,0,3,1,4,1,38,56,70720,14,27828,0,60
4,15,2,3,0,4,1,38,72,473748,10,0,0,25
3,9,2,9,0,4,1,38,33,209768,13,0,0,40
0,10,4,9,1,4,0,38,46,43206,16,0,1564,50
4,14,2,9,0,4,1,38,43,221172,15,0,1977,40
6,12,4,0,1,4,1,38,52,338816,14,0,0,70
3,8,2,2,0,4,1,38,34,506858,11,0,0,32
3,11,2,6,0,4,1,38,29,177413,9,0,0,40
3,15,2,2,0,2,1,22,35,265535,10,0,0,50
1,11,2,7,0,4,1,38,47,265097,9,4386,0,40
3,9,2,11,0,4,1,38,43,124692,13,0,0,40
0,11,2,2,0,4,1,38,51,306784,9,4386,0,40
6,9,2,9,5,4,0,38,31,181824,13,0,1902,35
1,11,2,10,0,4,1,38,39,177907,9,0,1887,40
3,9,2,3,5,4,0,38,31,37546,13,0,1902,35
3,11,2,3,0,4,1,38,40,193882,9,0,0,45
3,9,2,12,5,4,0,38,41,128354,13,0,0,25
3,11,2,3,5,4,0,38,47,454989,9,0,0,40
3,11,2,7,0,4,1,38,36,151835,9,0,0,60
3,11,2,2,0,4,1,38,54,48358,9,0,0,40
1,9,2,9,0,4,1,38,35,33975,13,0,0,40
4,10,2,9,0,4,1,38,46,214627,16,0,0,60
3,9,0,11,4,4,1,38,48,205424,13,0,0,40
3,9,2,9,0,4,1,38,61,176839,13,15024,0,50
4,11,2,3,5,4,0,38,58,154537,9,0,0,20
3,14,0,9,1,4,1,38,31,345122,15,14084,0,50
3,8,2,2,0,4,1,38,32,127384,11,0,0,55
6,12,2,9,0,4,1,38,44,111483,14,0,0,40
5,9,6,9,4,4,1,38,75,146576,13,0,0,48
5,14,2,9,0,1,1,29,54,269068,15,99999,0,50
5,9,2,11,0,4,1,38,47,121124,13,0,0,40
3,12,2,9,0,4,1,38,44,104196,14,0,0,45
3,11,2,2,0,4,1,38,37,230035,9,0,0,46
3,15,2,2,0,4,1,10,28,38918,10,0,0,50
1,9,2,0,0,4,1,38,33,173005,13,0,1848,45
1,15,2,2,0,4,1,38,42,255675,10,0,0,40
3,9,2,11,0,4,1,38,31,155781,13,0,0,40
0,7,2,0,0,4,1,38,47,191858,12,0,0,40
3,15,2,11,5,4,0,38,49,235683,10,0,0,40
5,11,2,9,0,4,1,38,38,214008,9,0,0,50
5,11,2,3,0,4,1,38,59,325732,9,0,1902,52
3,15,2,3,5,4,0,38,55,308373,10,0,0,40
1,9,4,9,1,4,0,38,47,321851,13,0,0,50
3,9,2,11,0,4,1,38,35,125933,13,0,0,60
3,12,2,9,0,4,1,38,28,209205,14,0,0,45
7,15,2,14,0,4,1,38,60,112821,10,0,0,35
3,9,2,11,5,4,0,38,45,189564,13,0,0,42
0,12,2,9,0,4,1,39,37,325538,14,0,0,40
1,15,2,10,0,4,1,38,24,252024,10,0,0,72
3,15,2,2,0,4,1,38,43,43945,10,0,0,40
7,8,2,14,0,4,1,38,51,69328,11,0,0,50
3,9,2,3,0,4,1,38,46,360096,13,15024,0,60
3,9,4,12,1,4,0,38,30,170154,13,0,0,40
1,12,2,9,0,4,1,38,43,180096,14,0,0,40
0,12,2,3,0,4,1,38,41,564135,14,0,0,40
3,7,2,11,0,4,1,38,49,198759,12,15024,0,60
3,14,2,9,0,4,1,38,39,202027,15,0,0,45
3,9,2,0,0,4,1,38,44,152629,13,3103,0,40
3,9,2,3,0,4,1,38,48,138970,13,0,0,45
3,11,2,13,0,4,1,38,36,143486,9,7298,0,50
3,11,2,10,0,4,1,38,50,140516,9,0,0,40
5,15,2,6,0,4,1,38,65,223580,10,6514,0,40
3,9,2,11,0,4,1,38,38,119177,13,0,0,40
3,14,4,9,1,4,1,38,45,327886,15,0,0,40
3,9,2,3,0,4,1,38,56,290641,13,0,0,50
7,11,2,14,0,4,1,38,60,191118,9,0,1848,40
0,12,2,3,0,4,1,8,46,39606,14,0,0,40
4,15,2,3,0,4,1,38,44,95150,10,0,0,50
7,15,0,14,1,4,0,38,60,124487,10,0,0,40
1,12,2,9,0,4,1,38,47,121124,14,0,0,35
0,7,2,0,0,2,1,38,47,282830,12,0,0,40
3,11,2,11,0,4,1,38,32,131584,9,7298,0,40
3,11,2,11,0,4,1,38,36,334291,9,0,0,40
3,15,2,2,0,2,1,38,39,288551,10,0,0,52
4,9,2,3,0,4,1,38,54,124963,13,0,0,40
6,9,2,0,0,4,1,38,55,175127,13,7688,0,38
3,11,2,5,5,4,0,38,37,254973,9,0,0,40
3,9,2,9,5,4,0,38,63,346975,13,7688,0,36
1,12,2,9,5,2,0,38,57,174132,14,0,1977,40
3,7,2,11,0,4,1,38,31,182237,12,4386,0,45
1,11,2,3,0,4,1,38,58,217775,9,7298,0,40
3,10,2,9,0,4,1,38,29,282944,16,0,0,50
3,11,2,2,0,4,1,38,56,176118,9,3103,0,40
3,9,2,11,0,4,1,38,28,259840,13,0,0,60
3,15,2,3,0,4,1,38,38,342448,10,0,0,55
6,12,2,9,0,4,1,38,44,33658,14,7688,0,50
3,14,2,9,0,4,1,38,50,400630,15,0,0,36
3,15,2,13,0,4,1,1,52,145409,10,15024,0,60
3,9,2,3,0,4,1,38,44,104440,13,0,0,40
5,15,2,11,0,2,1,38,61,503675,10,0,0,60
3,9,2,11,0,4,1,38,58,306233,13,15024,0,40
3,9,4,11,1,4,0,38,51,216475,13,0,1564,43
3,10,0,11,4,4,0,38,41,65372,16,0,0,50
4,0,6,3,4,4,0,38,59,107287,6,0,2559,50
3,12,2,0,0,4,1,38,30,110643,14,4386,0,40
5,15,2,2,0,4,1,38,49,110457,10,0,0,50
0,9,2,9,0,1,1,38,46,297906,13,0,0,50
5,12,2,2,0,4,1,38,56,233312,14,0,0,50
3,9,2,0,0,4,1,38,56,274111,13,0,0,45
3,11,2,13,0,4,1,38,56,160932,9,0,0,44
5,11,2,2,0,4,1,38,31,204052,9,0,0,40
3,9,4,11,1,4,0,38,31,104509,13,0,0,65
1,9,2,9,5,4,0,38,38,185394,13,7688,0,40
1,12,2,9,0,4,1,38,44,254146,14,0,0,40
4,9,2,3,0,4,1,38,55,227856,13,0,2415,50
3,12,0,3,1,4,0,38,45,107682,14,0,0,40
4,9,2,11,0,4,1,38,41,194636,13,99999,0,65
3,9,2,12,5,4,0,38,37,32709,13,0,0,40
7,9,2,14,0,4,1,38,57,208311,13,0,0,80
3,15,2,11,0,4,1,38,32,152940,10,0,0,40
3,9,2,9,0,4,1,38,43,243580,13,0,0,40
1,15,4,10,1,4,1,38,34,177675,10,0,0,50
3,11,2,11,0,4,1,38,47,284916,9,7298,0,45
5,10,2,9,0,4,1,38,47,107231,16,0,0,35
3,11,2,11,0,4,1,38,58,314153,9,0,0,40
3,9,2,9,5,4,0,38,28,224634,13,0,0,45
3,9,2,12,0,4,1,38,37,175759,13,0,0,40
3,8,2,7,0,4,1,38,34,118710,11,0,0,40
3,11,2,13,0,4,1,38,47,118972,9,0,0,50
4,10,2,9,0,4,1,38,42,277256,16,0,1977,60
3,12,2,9,0,4,1,38,41,174395,14,0,0,40
3,12,0,9,4,4,1,38,52,99736,14,15020,0,50
3,11,4,11,4,4,1,38,36,284166,9,0,0,60
3,14,2,9,5,4,0,38,39,85319,15,7688,0,60
3,15,5,6,1,4,1,38,38,101978,10,0,2258,55
3,9,2,3,0,4,1,38,42,168103,13,0,0,40
1,9,2,9,0,4,1,38,37,218184,13,0,1887,40
3,11,0,0,1,4,0,38,48,20296,9,0,0,37
5,9,2,9,0,1,1,2,63,35021,13,0,1977,32
5,14,2,9,0,4,1,38,40,238574,15,0,0,55
3,15,2,2,0,4,1,38,40,192381,10,0,0,50
4,9,2,3,0,4,1,38,45,34091,13,0,0,38
3,15,2,6,0,4,1,38,30,151773,10,0,0,40
6,9,0,10,1,4,1,25,39,343646,13,0,0,40
5,15,2,2,0,4,1,38,42,198692,10,0,0,45
3,11,2,11,5,4,0,38,29,126060,9,0,0,40
3,15,2,10,0,2,1,38,38,164050,10,0,0,40
3,9,2,0,0,4,1,39,48,166929,13,0,0,45
6,14,2,9,0,1,1,18,42,102343,15,0,0,72
3,7,2,11,0,4,1,38,36,129573,12,0,0,60
3,15,2,9,0,4,1,38,35,192626,10,0,0,50
3,9,2,9,0,4,1,38,45,202812,13,0,0,40
3,15,0,2,1,4,1,38,41,227890,10,0,0,46
3,14,4,9,1,4,0,38,33,101352,15,0,0,50
3,15,2,3,0,4,1,38,28,132686,10,0,0,40
1,9,2,10,0,2,1,38,49,149210,13,15024,0,40
6,10,4,3,1,4,0,21,42,104663,16,0,0,40
6,12,2,9,0,1,1,18,54,93449,14,0,0,40
4,11,2,3,0,4,1,38,47,116927,9,0,0,42
3,11,2,7,0,4,1,41,35,164526,9,0,0,40
6,9,2,3,5,4,0,38,39,201105,13,0,0,55
3,11,2,13,0,4,1,38,53,141388,9,0,0,40
6,10,2,3,0,4,1,38,31,75755,16,7298,0,55
3,11,2,2,0,4,1,38,59,109638,9,0,0,40
3,8,2,3,5,4,0,38,45,170846,11,0,0,40
3,11,2,3,2,4,1,38,38,33975,9,0,0,40
4,12,2,11,0,4,1,38,67,330144,14,0,0,48
6,10,2,9,0,4,1,39,53,104501,16,0,0,40
3,15,2,11,5,4,0,38,40,220589,10,0,0,40
5,14,2,9,0,4,1,38,44,197558,15,0,0,70
5,15,2,2,0,4,1,38,34,29254,10,0,0,55
3,15,2,2,0,4,1,38,37,213841,10,0,0,50
3,0,2,13,0,4,1,38,52,181677,6,0,0,30
1,9,0,0,1,4,0,38,46,222115,13,99999,0,40
3,11,0,2,1,4,1,38,37,538443,9,14344,0,40
3,12,2,9,0,4,1,38,42,383493,14,0,0,50
4,15,2,13,0,4,1,38,37,99452,10,0,0,55
1,12,2,9,0,4,1,38,42,238188,14,0,0,35
3,15,2,3,5,4,0,38,34,182274,10,0,1887,40
0,15,2,12,0,4,1,38,49,110373,10,0,0,40
5,14,2,9,0,4,1,38,47,213668,15,0,1977,50
3,11,2,3,0,4,1,38,42,136986,9,0,0,35
3,15,0,7,1,4,0,38,41,179580,10,0,0,36
1,15,2,10,0,4,1,38,36,191161,10,0,0,57
3,11,2,6,0,4,1,38,50,144361,9,0,0,50
3,9,4,4,3,4,1,38,25,102476,13,27828,0,50
3,7,2,11,0,4,1,38,48,194772,12,0,1902,40
3,15,2,3,0,4,1,38,59,115414,10,0,0,40
4,11,4,7,1,2,1,38,24,493034,9,13550,0,50
3,9,2,9,0,4,1,38,44,172479,13,7688,0,40
5,12,2,9,0,4,1,38,55,183810,14,0,0,55
3,11,2,13,0,4,1,38,46,219021,9,15024,0,44
4,12,2,3,0,4,1,38,47,332355,14,15024,0,50
3,15,2,7,0,4,1,38,42,198096,10,0,0,40
3,9,2,3,0,4,1,38,37,99146,13,0,1977,50
3,15,2,12,0,4,1,38,46,114032,10,0,1887,45
3,4,2,6,0,4,1,25,36,83089,3,7298,0,40
3,11,2,13,0,4,1,38,36,199739,9,7298,0,60
3,11,2,0,5,4,0,38,47,123207,9,0,0,20
3,9,2,2,0,4,1,38,39,272950,13,0,0,45
1,12,2,0,0,4,1,38,54,31533,14,7298,0,40
1,9,2,10,0,4,1,38,27,230885,13,0,0,45
3,15,4,3,1,4,1,38,54,174102,10,0,0,40
3,12,2,3,0,4,1,38,38,241153,14,0,0,48
3,2,2,5,0,4,1,38,41,147206,8,0,0,40
3,12,2,9,5,4,0,38,43,208277,14,0,0,45
3,11,0,13,1,4,1,38,53,123011,9,0,0,40
3,15,2,2,0,4,1,38,31,159187,10,0,0,40
4,9,2,11,0,4,1,38,47,173783,13,15024,0,60
3,11,2,3,0,4,1,38,74,211075,9,0,0,40
3,15,2,0,0,2,1,38,37,176756,10,0,1485,70
1,10,2,9,0,4,1,38,51,146325,16,0,1887,40
1,9,2,9,0,4,1,38,46,149949,13,0,0,45
3,10,0,11,1,4,1,38,33,170769,16,99999,0,60
3,11,2,12,0,1,1,29,64,256466,9,0,0,60
3,9,2,9,0,4,1,38,36,210945,13,0,0,40
1,12,2,9,0,4,1,38,39,287031,14,0,0,45
3,11,2,2,0,4,1,38,43,120277,9,0,0,40
1,12,0,9,4,4,0,38,41,112763,14,7430,0,36
3,11,2,0,5,4,0,38,39,125550,9,0,0,40
5,15,2,11,0,4,1,38,36,241998,10,99999,0,20
3,12,2,3,0,4,1,38,44,115323,14,0,0,40
5,11,2,11,0,4,1,38,28,190836,9,0,0,50
4,14,2,9,0,4,1,38,38,159179,15,0,0,45
7,9,2,14,0,4,1,38,64,205479,13,0,0,50
3,9,2,11,0,4,1,38,35,163237,13,0,0,52
3,9,0,3,1,4,1,38,51,196501,13,14084,0,50
3,11,2,2,0,4,1,38,63,118798,9,99999,0,40
7,9,2,14,5,4,0,38,41,277390,13,0,0,30
3,5,2,6,5,4,0,1,38,100295,4,0,0,50
3,11,2,6,0,4,1,38,36,172256,9,0,0,44
3,12,2,3,0,4,1,38,43,188808,14,0,0,45
1,2,2,7,0,4,1,38,46,375675,8,0,0,35
3,12,2,3,0,4,1,38,44,125461,14,0,0,35
0,9,2,0,0,4,1,38,43,203637,13,7298,0,40
3,14,2,9,0,4,1,38,38,167140,15,99999,0,70
3,11,2,2,0,4,1,38,31,339482,9,0,1848,40
4,15,4,3,1,4,1,38,31,455995,10,0,0,65
5,15,2,3,0,4,1,38,65,111483,10,0,2174,10
3,11,2,13,0,4,1,38,60,85413,9,0,0,44
3,11,2,6,0,4,1,38,53,177727,9,0,0,40
3,15,2,11,0,4,1,38,44,205822,10,0,0,40
4,11,2,9,0,2,1,38,57,61885,9,0,0,60
3,12,0,9,1,4,1,38,47,30840,14,0,0,40
3,9,5,9,1,1,1,29,27,188576,13,0,0,40
3,7,2,6,0,4,1,38,46,83064,12,0,0,40
3,15,2,2,0,4,1,38,40,235786,10,0,0,44
1,9,2,10,0,4,1,38,31,149184,13,0,0,97
3,8,2,0,0,4,1,38,37,152909,11,7688,0,40
4,9,2,11,0,4,1,38,30,109282,13,0,0,52
3,10,2,9,0,4,1,38,34,228873,16,0,0,45
4,15,2,3,0,4,1,38,37,39089,10,3103,0,50
3,15,0,3,1,4,0,38,51,204304,10,0,0,50
3,15,5,2,4,4,1,38,40,116103,10,4934,0,47
0,15,2,12,0,1,1,38,58,81973,10,0,1485,40
3,9,2,12,0,4,1,38,29,134890,13,0,0,40
3,12,2,3,0,4,1,38,57,245193,14,0,0,60
3,9,4,9,1,4,1,38,37,361888,13,10520,0,40
1,12,2,9,0,4,1,38,47,123681,14,7688,0,60
5,11,2,7,0,4,1,38,58,222311,9,7688,0,55
3,15,2,3,0,4,1,38,50,195298,10,0,0,50
3,9,2,3,0,4,1,38,47,129513,13,0,0,60
3,14,5,12,1,4,1,3,43,350661,15,0,0,50
3,15,2,12,5,4,0,38,42,190543,10,0,0,40
3,5,4,7,1,4,1,38,19,323605,4,0,0,60
3,11,2,6,0,4,1,38,33,198660,9,99999,0,56
3,15,2,12,0,4,1,38,50,159650,10,0,0,60
3,10,2,3,0,4,1,38,39,286789,16,0,0,45
3,11,2,5,0,4,1,38,32,151053,9,0,0,40
1,12,2,10,0,4,1,38,49,186539,14,0,0,40
3,14,0,3,1,4,1,38,52,198863,15,0,2559,60
3,9,2,0,0,4,1,38,37,191754,13,0,0,50
3,9,2,3,0,4,1,38,31,217460,13,0,0,40
3,11,2,7,0,4,1,38,39,86551,9,0,0,40
4,15,2,11,0,4,1,38,54,98051,10,0,0,54
3,9,2,3,0,4,1,38,42,136986,13,0,0,40
3,9,2,9,0,4,1,38,25,199224,13,0,0,45
3,12,2,12,0,4,1,38,51,182314,14,0,0,40
7,11,2,14,0,4,1,38,55,208640,9,0,0,30
3,11,2,2,0,4,1,38,31,154227,9,0,0,43
3,15,2,3,0,4,1,38,37,105044,10,0,0,42
3,15,2,11,0,4,1,38,43,35910,10,0,0,43
3,11,0,2,1,4,1,38,41,116493,9,13550,0,44
1,9,2,9,5,4,0,38,42,19700,13,0,0,50
3,15,2,3,0,4,1,38,45,106113,10,0,0,40
3,9,2,6,0,4,1,38,38,120074,13,0,0,50
1,11,2,2,0,4,1,38,42,222596,9,0,0,40
1,9,2,10,0,4,1,38,45,167159,13,0,0,50
1,11,2,9,0,4,1,38,36,61778,9,15024,0,40
3,11,2,11,0,4,1,38,29,81648,9,0,1887,55
6,15,2,6,0,4,1,38,49,122177,10,0,0,40
3,9,2,3,0,4,1,38,33,112115,13,0,1902,45
0,11,2,13,0,2,1,38,47,224559,9,0,0,40
1,15,2,12,5,4,0,38,37,51158,10,7298,0,36
3,9,2,11,0,4,1,38,51,186303,13,0,0,40
3,15,2,13,0,4,1,38,43,180985,10,0,0,60
5,11,2,3,0,4,1,38,37,80324,9,0,0,60
1,12,2,9,0,4,1,30,73,181902,14,0,0,10
3,9,2,9,5,4,0,39,35,359131,13,7298,0,8
4,9,2,3,0,4,1,38,39,283338,13,7298,0,40
5,15,2,6,0,4,1,38,38,127961,10,0,0,45
0,12,2,0,0,4,1,38,49,94754,14,0,0,40
3,9,2,3,0,4,1,38,45,207277,13,0,0,50
3,15,2,11,0,4,1,38,54,123011,10,0,0,45
1,9,4,9,3,4,0,38,50,133963,13,0,0,40
3,11,2,11,0,4,1,38,49,165152,9,0,0,48
3,15,2,2,0,4,1,38,46,459189,10,0,1902,50
3,15,2,3,0,4,1,38,58,289364,10,7688,0,45
5,11,2,2,0,4,1,38,35,181705,9,3103,0,40
3,10,2,9,0,4,1,38,33,238912,16,0,0,60
3,12,2,9,0,4,1,38,34,134737,14,7688,0,55
7,14,2,14,0,4,1,38,67,157403,15,6418,0,10
3,11,2,5,0,4,1,38,37,197429,9,0,0,45
3,12,2,9,0,4,1,38,48,47343,14,0,0,40
3,11,2,12,0,4,1,38,50,192982,9,0,1848,40
3,9,2,11,0,4,1,38,40,209547,13,0,1977,60
1,8,2,3,0,4,1,38,47,174533,11,0,0,40
3,9,5,9,4,4,0,38,37,118486,13,4934,0,32
3,14,5,9,1,4,1,38,38,196554,15,0,0,35
5,11,2,6,5,4,0,38,47,192755,9,0,0,20
3,12,2,9,0,4,1,38,33,156192,14,0,0,45
7,15,2,14,0,4,1,38,66,213149,10,0,1825,40
3,15,2,11,0,4,1,38,45,205424,10,0,0,65
3,11,2,2,0,4,1,38,34,202450,9,0,0,55
6,15,2,2,0,4,1,38,48,85384,10,0,0,40
3,15,2,2,0,2,1,38,42,69019,10,0,0,40
5,11,2,2,0,4,1,38,60,52900,9,0,0,42
3,9,2,3,0,4,1,38,42,37937,13,0,0,55
3,12,2,3,5,4,0,38,29,216481,14,0,0,40
3,9,0,9,4,4,0,38,34,176831,13,0,0,40
3,9,2,3,0,2,1,38,53,608184,13,0,1902,40
4,8,2,3,0,4,1,38,46,182655,11,0,0,60
3,10,0,2,1,4,0,38,51,142717,16,4787,0,60
3,9,2,3,0,4,1,38,62,153891,13,0,0,50
3,11,2,3,0,4,1,38,52,190909,9,0,0,40
0,9,2,11,0,4,1,38,38,238342,13,7688,0,42
3,7,2,3,5,4,0,36,30,205659,12,0,0,50
0,9,2,3,0,4,1,38,31,334346,13,0,0,40
3,8,2,9,0,4,1,10,49,169711,11,0,0,40
7,4,2,14,0,4,1,38,57,300104,3,7298,0,84
6,11,2,10,0,4,1,38,35,177974,9,0,0,40
3,12,2,11,0,4,1,38,55,185459,14,0,0,50
3,12,2,3,0,4,1,38,59,108496,14,0,0,45
3,12,2,9,5,4,0,38,39,165215,14,0,1902,18
5,11,2,9,0,4,1,38,44,124692,9,0,1902,40
3,12,2,3,5,4,0,38,39,179731,14,0,2415,65
4,14,2,9,0,4,1,38,32,113543,15,0,0,40
3,11,2,9,0,4,1,38,31,132996,9,5178,0,45
5,14,2,9,0,4,1,38,35,198841,15,0,0,50
5,11,2,13,0,4,1,25,34,312197,9,0,0,75
3,9,2,3,0,4,1,38,32,200246,13,0,0,40
3,14,4,9,1,3,1,18,36,172104,15,0,0,40
5,9,4,11,4,4,1,38,53,35295,13,0,0,60
1,9,2,9,0,4,1,38,39,229651,13,0,0,50
3,9,2,9,5,4,0,38,34,195136,13,0,1887,40
3,14,2,9,0,4,1,38,45,114032,15,0,0,60
3,11,2,3,0,4,1,38,45,192053,9,0,0,60
3,9,2,3,0,1,1,23,48,240231,13,0,0,40
3,15,2,3,0,4,1,38,59,121912,10,0,0,40
3,9,2,5,0,2,1,39,29,144259,13,4386,0,80
1,12,4,3,1,4,0,38,53,221722,14,14344,0,50
3,9,4,9,1,4,0,38,42,143046,13,0,1564,38
4,14,2,9,0,4,1,38,63,137940,15,15024,0,50
3,11,2,2,0,4,1,38,39,224531,9,7298,0,40
3,11,2,13,0,4,1,38,44,191256,9,0,0,65
3,11,2,10,0,4,1,38,59,197148,9,0,0,24
7,8,2,14,0,4,1,38,34,353881,11,3103,0,60
3,9,2,9,0,4,1,38,38,201328,13,0,0,50
0,15,2,0,2,4,1,38,39,200968,10,0,0,45
3,9,2,3,0,4,1,38,38,132879,13,0,0,40
3,12,2,3,0,4,1,38,42,356934,14,0,0,40
3,9,2,3,0,4,1,38,35,154410,13,0,0,50
3,12,2,3,0,4,1,38,37,108140,14,15024,0,45
3,9,2,11,0,4,1,38,48,248164,13,4386,0,50
5,10,4,9,1,4,1,39,36,343721,16,0,0,30
4,9,2,3,0,4,1,38,35,196373,13,0,0,45
3,15,2,13,0,4,1,38,31,433788,10,0,0,40
3,10,2,3,0,4,1,38,65,115880,16,0,0,40
3,12,2,3,0,4,1,23,47,586657,14,0,0,40
3,2,2,13,0,4,1,38,29,133136,8,0,0,40
0,14,2,9,0,4,1,38,44,344060,15,0,0,40
6,12,0,9,4,2,0,38,49,185800,14,7430,0,40
3,11,4,13,1,4,1,38,30,76107,9,0,0,45
3,9,2,11,0,4,1,38,32,136480,13,0,0,60
3,15,2,2,0,4,1,38,50,285200,10,0,1887,35
3,9,2,11,0,4,1,38,35,1226583,13,0,0,52
3,9,2,3,0,2,1,38,30,226665,13,0,0,42
3,15,2,2,0,4,1,38,52,213209,10,0,0,40
3,9,2,3,0,4,1,38,46,328216,13,15024,0,40
3,9,2,11,0,4,1,38,39,110713,13,0,0,50
5,9,2,3,0,4,1,38,45,225456,13,0,0,50
3,9,2,9,0,4,1,38,43,118308,13,0,1977,50
3,9,2,2,0,4,1,38,26,84619,13,0,0,40
3,11,2,11,0,4,1,38,36,447346,9,0,0,50
3,8,2,3,0,4,1,38,38,326886,11,0,0,45
3,11,2,13,0,4,1,38,50,148953,9,0,0,50
3,9,2,3,0,4,1,38,51,311350,13,0,0,40
6,14,2,3,0,4,1,38,50,116211,15,0,0,52
6,14,2,9,0,4,1,38,43,33331,15,0,1977,70
3,9,2,11,0,4,1,38,30,208043,13,0,0,55
3,11,2,0,5,4,0,38,46,146919,9,0,0,40
1,15,2,10,0,4,1,38,46,192323,10,0,0,38
3,11,2,6,0,4,1,38,51,123703,9,4386,0,40
3,15,2,0,0,4,1,38,61,230292,10,7688,0,40
3,9,2,3,0,4,1,38,35,36214,13,4386,0,47
3,11,0,12,1,4,0,38,45,119904,9,0,0,50
4,9,4,11,3,4,1,38,47,105779,13,0,0,40
3,14,2,3,5,4,0,38,39,187098,15,15024,0,47
3,9,2,9,0,4,1,38,62,121319,13,3103,0,40
3,15,2,9,0,4,1,38,53,151580,10,15024,0,40
4,5,2,2,0,4,1,38,56,35723,4,0,0,50
5,15,2,2,0,4,1,38,45,192203,10,0,1485,40
3,9,2,4,0,4,1,38,43,163847,13,0,0,50
3,7,2,13,5,4,0,38,30,97933,12,0,1485,37
4,15,2,3,0,4,1,38,50,119099,10,0,0,99
5,11,2,3,0,4,1,38,41,83411,9,0,0,40
3,9,2,3,0,4,1,38,34,192002,13,0,0,40
3,9,4,9,1,4,1,38,26,164488,13,13550,0,50
3,9,2,13,0,4,1,38,48,200471,13,0,0,45
3,9,6,9,1,4,1,38,69,228921,13,0,2282,40
3,9,2,9,0,4,1,38,51,146767,13,0,0,40
3,15,2,2,0,4,1,38,31,226443,10,0,0,55
3,9,2,3,0,4,1,38,43,115323,13,3103,0,40
3,12,5,3,1,4,1,38,47,168262,14,99999,0,50
3,9,2,11,0,4,1,38,49,196571,13,0,0,45
3,9,1,3,5,4,0,38,30,169583,13,0,0,40
3,9,2,9,0,4,1,38,39,297449,13,0,0,40
5,11,2,3,0,4,1,38,58,318106,9,0,0,40
6,12,2,9,0,4,1,38,44,165108,14,0,0,40
3,8,2,0,5,4,0,38,43,115178,11,0,0,40
3,9,2,11,0,4,1,38,38,174717,13,0,0,50
3,8,2,9,0,4,1,38,28,37359,11,99999,0,50
3,15,2,3,0,4,1,38,30,154950,10,15024,0,60
3,7,0,3,1,4,1,38,40,356934,12,0,0,40
4,9,2,11,0,4,1,38,38,275223,13,7688,0,40
3,9,4,9,1,1,0,29,35,66297,13,0,0,40
3,12,2,3,0,4,1,38,45,360393,14,0,1902,50
1,8,2,10,0,4,1,38,33,511289,11,0,0,48
3,15,2,11,0,4,1,38,27,302406,10,0,0,40
5,14,2,9,0,4,1,38,44,103111,15,0,0,60
3,9,2,3,0,4,1,38,46,159869,13,0,0,40
5,8,2,11,0,4,1,38,50,57758,11,0,0,60
1,12,4,9,4,4,0,38,70,88638,14,7896,0,50
3,9,2,12,5,4,0,38,27,330132,13,0,0,40
1,11,2,2,0,4,1,4,35,258037,9,0,0,40
1,9,2,10,0,4,1,38,42,188291,13,0,1902,40
3,9,2,9,0,4,1,38,33,159247,13,0,0,40
0,12,2,9,0,4,1,38,43,32016,14,0,0,40
0,9,0,3,1,4,1,38,43,262233,13,0,0,40
1,11,2,2,0,4,1,38,35,308945,9,0,0,40
3,9,2,9,0,4,1,38,45,148900,13,0,0,50
5,11,2,4,0,4,1,38,59,32537,9,0,0,40
5,11,4,4,1,4,1,38,51,174824,9,8614,0,40
3,7,2,11,0,4,1,38,53,200190,12,0,0,80
3,9,2,3,0,4,1,38,28,215955,13,3103,0,40
1,15,2,2,0,4,1,38,43,214242,10,0,0,40
5,5,2,13,0,4,1,38,24,322931,4,0,1902,40
3,11,2,6,0,4,1,38,48,141944,9,4386,0,40
3,14,2,11,0,4,1,38,32,193042,15,15024,0,60
0,14,4,9,1,4,0,38,33,182714,15,0,0,65
0,15,2,3,0,4,1,38,50,172046,10,0,0,40
3,15,2,12,0,4,1,38,34,122616,10,0,0,84
5,11,2,2,0,4,1,38,60,148492,9,0,1485,50
3,1,4,2,3,1,1,40,23,106957,7,14344,0,40
3,0,2,13,0,4,1,38,32,29312,6,0,0,80
7,15,2,14,0,4,1,38,43,116632,10,0,0,45
3,11,2,2,0,4,1,38,32,256362,9,0,0,40
3,8,2,11,0,4,1,38,42,183479,11,0,0,40
5,9,0,7,4,2,1,38,36,313853,13,0,0,45
3,15,2,12,0,4,1,38,46,220269,10,0,0,40
5,11,2,13,0,4,1,38,29,169544,9,5178,0,40
3,9,2,11,0,4,1,38,36,214604,13,0,0,42
3,11,2,2,0,4,1,38,27,81540,9,0,0,40
3,15,2,3,0,4,1,38,50,24013,10,0,0,84
5,8,2,4,0,4,1,38,41,113324,11,0,0,70
1,9,2,9,5,4,0,38,37,221740,13,0,0,30
3,0,2,2,0,4,1,38,59,157932,6,0,0,40
3,8,2,9,0,1,1,29,38,354739,11,0,0,36
1,11,2,2,0,4,1,38,48,189762,9,0,0,40
7,14,2,14,0,4,1,38,80,29020,15,10605,0,10
3,12,2,9,0,4,1,38,33,196385,14,0,0,37
5,12,2,4,0,4,1,38,44,104973,14,0,0,40
1,12,0,3,4,2,0,38,48,238959,14,9562,0,40
4,14,2,9,0,3,1,38,52,181855,15,99999,0,65
6,10,2,9,0,4,1,38,47,120429,16,15024,0,50
3,9,2,13,0,4,1,38,26,202033,13,0,0,40
1,9,2,9,5,4,0,38,48,334409,13,0,0,50
6,11,2,13,0,4,1,38,56,671292,9,0,0,38
6,7,0,0,4,4,1,38,46,192779,12,0,2258,38
3,9,2,3,0,4,1,38,30,132601,13,99999,0,50
4,9,2,11,0,4,1,38,41,253060,13,7688,0,45
3,12,2,3,0,4,1,38,50,108435,14,99999,0,60
3,15,2,3,5,2,0,38,47,183522,10,0,0,40
5,11,2,11,0,4,1,38,27,442612,9,0,0,65
1,9,5,9,1,4,1,38,50,183390,13,0,0,40
3,11,2,6,0,4,1,38,29,243660,9,0,0,50
3,9,0,3,1,2,0,38,54,50385,13,0,0,45
6,8,2,12,0,4,1,38,47,187581,11,0,0,48
0,9,2,10,0,4,1,38,52,221532,13,0,0,45
6,11,2,9,0,4,1,38,49,142856,9,0,0,40
3,11,2,11,0,4,1,38,36,29702,9,7688,0,40
3,12,2,9,0,4,1,38,33,394447,14,0,0,33
3,9,2,3,0,4,1,38,55,229029,13,15024,0,48
3,11,2,0,5,4,0,38,36,91037,9,0,0,40
3,0,2,6,0,4,1,38,44,171484,6,0,0,40
3,11,2,2,0,4,1,38,57,200453,9,15024,0,40
7,5,2,14,0,4,1,38,61,30475,4,0,0,40
3,9,2,13,0,4,1,38,39,70995,13,15024,0,99
1,8,4,10,1,4,1,38,36,247807,11,0,0,40
3,11,6,11,1,4,0,38,58,163113,9,0,0,35
3,14,2,9,0,4,1,38,90,87372,15,20051,0,72
3,10,4,9,1,4,1,35,34,319854,16,0,0,40
3,11,2,3,0,4,1,38,34,159255,9,0,0,60
3,11,2,3,0,4,1,38,35,186934,9,7688,0,50
3,11,0,11,4,4,0,38,58,372181,9,0,0,40
5,11,2,11,0,4,1,38,47,172034,9,0,0,75
3,9,2,3,0,4,1,38,41,156566,13,4386,0,50
4,11,2,3,0,4,1,38,35,338320,9,0,0,50
5,11,2,11,0,2,1,38,46,342907,9,0,0,60
4,9,2,3,0,4,1,38,69,169717,13,6418,0,45
3,9,2,11,0,4,1,38,31,119432,13,0,0,40
1,9,2,10,0,4,1,38,37,312232,13,5178,0,40
3,11,2,11,0,4,1,38,37,186934,9,15024,0,60
3,11,2,0,0,0,1,38,31,22201,9,0,0,40
3,9,4,3,1,4,1,38,46,216999,13,0,0,55
3,12,2,3,0,4,1,38,46,117849,14,0,0,55
5,9,2,2,0,4,1,38,33,202729,13,0,0,40
3,11,2,11,0,4,1,38,33,149726,9,0,0,40
0,11,2,0,5,4,0,38,53,205288,9,7688,0,35
3,11,0,2,1,1,1,38,45,89028,9,10520,0,40
3,9,2,9,0,4,1,38,34,97723,13,0,0,40
3,9,2,11,0,4,1,38,36,193026,13,0,0,40
5,14,2,9,0,4,1,38,41,200574,15,0,1977,60
6,12,2,9,0,4,1,38,47,123219,14,0,0,38
3,15,4,7,1,4,0,38,29,137618,10,0,0,41
4,9,2,11,0,4,1,39,40,190290,13,0,0,40
3,10,4,9,1,4,1,38,42,162003,16,0,0,36
3,9,2,9,0,4,1,38,36,190759,13,0,0,45
3,9,2,11,0,4,1,38,57,173832,13,0,1902,40
3,15,2,11,0,4,1,38,35,287548,10,0,0,55
4,15,2,11,0,4,1,38,34,314375,10,0,0,60
3,9,2,3,0,2,1,38,44,203943,13,0,0,35
3,8,2,6,0,4,1,38,45,201699,11,0,0,40
3,9,2,3,5,4,0,38,28,96020,13,0,0,50
3,15,2,6,0,4,1,38,30,205950,10,0,0,40
3,7,2,3,0,4,1,38,40,221172,12,0,0,50
3,11,2,13,0,4,1,38,37,66686,9,0,0,40
7,8,2,14,0,4,1,38,65,325537,11,0,0,50
5,15,2,0,5,4,0,38,30,250499,10,0,0,55
3,14,2,9,5,1,0,38,32,167531,15,15024,0,50
3,8,2,3,0,4,1,38,43,99212,11,3103,0,48
1,9,2,3,0,2,1,38,38,421446,13,0,0,50
1,11,0,0,1,4,0,38,55,28151,9,0,0,40
3,9,2,11,0,4,1,38,90,46786,13,9386,0,15
3,11,2,2,0,4,1,38,44,182402,9,0,0,40
4,15,2,3,0,4,1,38,63,189253,10,0,0,45
5,14,4,9,1,4,0,38,34,204375,15,0,0,60
3,12,2,3,0,4,1,38,47,148995,14,0,0,65
4,11,2,11,0,4,1,38,42,168071,9,0,0,43
3,14,2,9,0,4,1,38,32,204374,15,0,1977,60
3,9,0,11,4,4,1,38,43,60001,13,0,0,44
3,15,2,2,0,2,1,22,29,188675,10,0,0,40
3,15,2,2,0,4,1,38,41,188615,10,0,0,40
3,9,2,6,0,4,1,38,58,322691,13,0,0,40
3,9,2,3,0,4,1,38,32,130057,13,0,0,45
6,14,4,9,1,4,0,38,46,119904,15,0,1564,55
3,11,2,13,0,4,1,38,62,134768,9,0,0,40
3,9,2,11,0,2,1,38,56,132026,13,7688,0,45
3,15,0,3,1,1,0,23,37,60722,10,0,0,40
5,9,2,11,0,4,1,38,34,313729,13,0,0,60
3,11,2,11,0,4,1,38,45,140644,9,0,0,50
3,15,2,6,0,4,1,38,30,203488,10,0,0,40
5,11,2,3,0,4,1,38,51,132341,9,0,0,45
3,8,2,11,0,4,1,38,38,312771,11,0,0,40
3,15,2,3,0,4,1,38,47,254367,10,0,0,50
3,11,2,2,0,4,1,38,43,152629,9,0,0,40
3,15,2,2,0,4,1,38,41,233130,10,0,0,40
3,11,2,13,0,4,1,38,25,75759,9,0,0,44
3,9,2,12,0,4,1,38,50,34832,13,15024,0,40
3,11,2,2,0,4,1,38,44,174283,9,0,0,40
3,14,2,9,0,4,1,38,41,35166,15,15024,0,50
3,15,2,0,0,4,1,38,24,161092,10,7298,0,40
5,14,2,9,0,4,1,38,34,179673,15,7688,0,60
6,9,2,3,0,4,1,38,46,248895,13,0,0,40
3,8,2,4,0,4,1,38,29,134890,11,0,0,40
3,9,2,3,0,4,1,38,58,197319,13,0,0,45
5,9,2,3,0,3,1,32,37,268598,13,7298,0,50
4,9,2,3,0,4,1,38,39,216473,13,0,0,60
3,9,0,3,1,4,1,38,56,139616,13,0,0,45
3,12,2,3,0,4,1,38,59,232672,14,0,0,40
4,15,2,3,0,4,1,38,58,130454,10,0,0,50
5,7,2,0,5,4,0,38,39,65716,12,0,0,40
3,12,2,3,0,4,1,38,41,101593,14,0,0,50
5,12,2,11,0,4,1,38,54,242606,14,4386,0,45
0,15,2,0,0,2,1,38,47,137917,10,0,0,40
3,9,2,9,0,2,1,38,52,416059,13,0,0,40
3,10,2,9,0,4,1,38,68,193666,16,20051,0,55
3,15,2,2,0,4,1,38,29,149324,10,0,1485,40
3,12,2,3,0,4,1,38,40,259307,14,0,0,50
5,12,0,9,4,4,1,38,51,74160,14,0,0,60
1,11,2,2,0,4,1,38,38,193026,9,0,0,50
7,12,2,14,0,4,1,38,77,28678,14,9386,0,6
3,11,2,5,0,4,1,38,70,282642,9,0,2174,40
1,14,4,9,1,4,1,38,44,177240,15,10520,0,40
3,12,2,3,0,4,1,7,37,218490,14,0,0,55
0,11,2,2,0,4,1,38,47,117628,9,0,0,40
3,11,2,7,5,4,0,38,34,101345,9,0,0,40
1,9,2,9,0,4,1,38,51,176751,13,0,1902,40
3,15,6,3,1,4,0,38,38,127601,10,0,0,40
3,15,2,5,0,4,1,38,34,207668,10,0,1887,40
3,8,2,0,0,4,1,38,36,114605,11,0,0,40
3,9,2,3,0,4,1,38,32,164197,13,0,0,60
3,11,2,2,0,4,1,38,54,329266,9,0,0,44
3,15,2,11,0,4,1,38,46,123598,10,0,0,48
3,9,2,9,0,4,1,38,32,134737,13,99999,0,50
3,15,2,7,0,4,1,38,37,82622,10,0,0,40
5,15,2,7,0,4,1,38,44,231348,10,0,0,40
6,10,2,9,0,4,1,38,39,99156,16,0,0,50
7,9,2,14,0,4,1,38,47,149700,13,0,0,36
3,9,2,11,0,4,1,38,47,189680,13,0,1977,40
3,14,2,9,0,4,1,38,35,374524,15,0,0,75
5,5,2,13,0,4,1,38,60,127805,4,0,0,40
3,9,2,12,0,4,1,38,37,241998,13,0,0,50
0,11,2,0,0,2,1,38,48,156410,9,0,0,50
5,12,2,3,5,4,0,38,28,175406,14,0,0,30
7,8,2,14,3,4,0,38,33,193172,11,7688,0,50
6,11,2,0,0,2,1,38,58,400285,9,0,0,40
3,9,2,3,0,4,1,38,47,212120,13,0,0,45
3,9,2,3,0,4,1,38,50,320510,13,0,1902,40
3,12,4,9,1,4,0,38,41,182108,14,27828,0,35
3,9,2,11,0,4,1,38,46,273771,13,99999,0,40
6,9,2,3,0,4,1,38,60,152711,13,0,0,40
0,15,2,5,0,4,1,38,39,175232,10,0,1977,60
3,9,2,0,0,4,1,39,50,162327,13,0,1902,50
3,11,2,11,0,2,1,38,38,233194,9,0,0,40
3,9,2,2,0,4,1,38,41,290660,13,7688,0,55
3,7,4,6,1,2,0,38,38,179117,12,10520,0,50
7,15,2,14,0,4,1,38,72,33608,10,9386,0,30
6,11,2,2,0,4,1,38,35,126569,9,7298,0,40
0,15,2,0,0,4,1,38,58,175873,10,0,0,40
5,11,2,11,0,4,1,8,59,181070,9,0,0,40
1,15,2,3,0,4,1,38,34,124827,10,0,0,40
3,11,2,12,0,4,1,38,36,95336,9,0,0,45
3,9,2,9,0,4,1,38,35,185325,13,0,0,50
5,9,2,3,0,4,1,38,59,357943,13,0,0,40
3,11,2,6,5,4,0,38,31,110554,9,4386,0,40
3,12,2,3,0,4,1,11,52,108435,14,0,1902,50
3,9,2,11,0,4,1,38,43,352005,13,15024,0,45
3,11,0,2,1,4,1,38,50,258819,9,0,0,40
4,15,2,11,0,4,1,38,35,340110,10,0,0,50
7,9,2,14,0,4,1,38,63,186809,13,0,0,30
3,10,4,3,1,4,1,38,52,110977,16,0,0,40
3,9,2,3,0,4,1,38,34,158800,13,0,0,50
7,11,2,14,0,4,1,38,69,28197,9,0,0,60
3,12,2,3,0,4,1,38,49,170871,14,0,0,45
3,15,2,0,5,4,0,4,59,175689,10,0,0,14
3,9,2,3,0,4,1,38,45,205100,13,15024,0,60
6,10,2,9,0,4,1,38,41,116520,16,0,0,40
3,11,2,6,0,4,1,38,62,162825,9,0,0,40
3,9,2,9,0,4,1,38,58,281792,13,0,0,40
3,15,2,3,0,4,1,38,53,193720,10,0,1977,40
5,11,2,3,0,4,1,38,43,152958,9,0,0,35
3,12,2,3,0,4,1,38,46,155489,14,0,0,50
3,11,2,2,0,4,1,38,38,290306,9,0,0,40
1,9,2,9,0,4,1,38,50,30008,13,0,0,45
0,9,2,3,0,4,1,38,42,132125,13,0,0,52
4,10,2,9,0,4,1,39,54,99185,16,0,0,50
3,9,2,0,5,4,0,38,62,211035,13,0,0,30
3,9,2,9,0,4,1,38,54,37237,13,0,0,40
3,0,2,13,0,4,1,38,58,222247,6,0,1887,40
3,15,2,2,0,4,1,38,55,172666,10,0,0,40
3,9,2,3,0,4,1,38,32,173730,13,7688,0,40
1,12,2,9,0,2,1,38,45,153312,14,0,0,10
3,11,2,3,0,4,1,38,47,303637,9,0,0,49
6,12,2,9,5,4,0,38,40,199381,14,15024,0,37
5,9,2,9,5,4,0,38,32,56328,13,0,0,8
3,9,2,3,0,4,1,38,46,128796,13,0,0,44
3,15,2,0,0,4,1,38,52,190333,10,0,0,40
7,11,2,14,5,4,0,38,27,180553,9,0,0,40
3,9,2,9,0,4,1,38,33,255334,13,0,0,25
4,9,2,11,0,4,1,39,46,328216,13,0,1902,42
6,11,2,13,0,4,1,38,43,41834,9,0,0,38
3,11,2,11,0,4,1,38,40,96129,9,0,0,72
3,11,2,3,5,4,0,1,33,101345,9,0,0,42
4,12,2,11,0,4,1,38,40,64885,14,0,0,70
1,12,2,9,0,4,1,38,58,147428,14,0,0,40
3,7,2,12,0,4,1,38,28,405793,12,0,0,45
5,15,2,0,5,4,0,38,47,119199,10,0,0,35
3,10,3,7,1,4,1,39,42,46221,16,27828,0,60
3,9,4,3,1,4,0,38,56,174533,13,0,0,45
3,11,2,3,0,4,1,38,65,155261,9,0,0,40
7,9,2,14,0,4,1,38,48,184513,13,0,0,80
1,12,0,9,1,2,0,38,53,233734,14,0,0,40
6,12,2,9,0,4,1,38,45,35969,14,0,0,60
1,12,4,12,1,2,0,38,43,209899,14,8614,0,47
3,9,4,2,1,4,1,38,22,100345,13,13550,0,55
3,9,2,9,0,4,1,38,37,343721,13,0,0,40
3,9,2,11,0,4,1,38,55,282023,13,15024,0,50
3,15,0,9,1,4,1,38,49,353824,10,0,0,45
3,12,2,3,0,4,1,38,43,220776,14,0,0,35
3,9,2,3,0,4,1,38,42,154374,13,0,2415,60
3,9,2,3,0,4,1,38,46,330087,13,0,0,55
3,9,2,5,0,2,1,13,43,252519,13,0,0,40
3,11,2,3,0,4,1,38,39,43712,9,7298,0,40
3,7,2,3,0,4,1,38,44,120057,12,4386,0,45
1,15,2,0,0,4,1,1,37,365430,10,0,0,40
3,14,2,9,0,4,1,38,35,186845,15,0,0,45
6,9,4,0,1,4,0,38,37,191841,13,8614,0,40
5,14,2,9,0,4,1,38,49,355978,15,99999,0,35
5,9,2,2,0,4,1,38,70,155141,13,0,2377,12
6,9,2,0,0,4,1,38,58,198145,13,0,0,35
3,15,2,11,0,4,1,38,51,98791,10,0,0,40
6,2,4,3,1,4,1,38,22,186634,8,0,0,50
3,9,2,11,5,4,0,38,26,247455,13,5178,0,42
3,9,2,9,0,4,1,38,24,359828,13,0,0,44
3,9,2,3,5,4,0,38,24,585203,13,7688,0,45
5,14,2,9,0,4,1,38,49,163352,15,0,0,85
3,7,2,12,0,4,1,38,52,162576,12,0,0,40
4,9,2,3,0,4,1,38,48,254291,13,7298,0,50
3,15,2,0,5,4,0,38,62,159908,10,0,0,38
3,9,4,3,1,4,1,38,35,117381,13,8614,0,45
3,15,2,3,0,4,1,38,61,539563,10,0,0,45
3,11,2,5,0,2,1,38,27,275110,9,0,0,80
3,14,2,9,0,4,1,38,44,307468,15,0,0,29
3,12,4,3,1,4,0,38,38,255941,14,10520,0,50
1,7,0,10,1,4,0,38,44,107845,12,0,0,56
3,11,2,13,0,4,1,38,30,235124,9,99999,0,40
1,11,2,10,0,4,1,38,37,218490,9,7688,0,35
5,14,2,9,0,4,1,38,44,264740,15,0,0,40
3,9,2,3,0,4,1,38,34,189759,13,0,1977,45
3,9,2,9,0,4,1,38,57,298507,13,3103,0,40
3,11,5,0,1,4,1,38,34,344073,9,0,0,40
3,15,2,11,0,4,1,38,61,40269,10,0,0,40
0,8,2,2,0,1,1,38,49,105586,11,0,0,40
4,4,2,2,0,4,1,39,45,155664,3,0,0,40
3,9,2,9,0,4,1,38,36,111128,13,0,0,48
3,15,2,3,0,4,1,38,49,28334,10,0,0,45
3,15,2,3,0,4,1,39,52,84278,10,7688,0,55
3,15,2,3,0,4,1,38,36,188069,10,0,0,50
1,12,2,9,5,4,0,38,44,83286,14,0,0,40
3,12,2,3,0,4,1,38,45,188950,14,0,0,50
5,14,2,9,0,4,1,38,40,123306,15,0,0,45
3,10,4,9,1,4,1,38,34,347166,16,0,0,50
1,7,2,9,0,4,1,1,37,251396,12,0,0,45
3,8,2,11,5,4,0,38,25,57635,11,0,0,42
3,12,0,3,1,4,0,38,63,28334,14,0,0,40
3,9,2,0,0,4,1,19,33,181091,13,0,0,60
1,12,2,9,5,4,0,38,51,117496,14,0,0,40
6,10,2,9,0,4,1,3,64,216160,16,0,0,50
3,11,2,5,5,4,0,25,29,197932,9,0,0,40
4,9,2,11,0,4,1,38,46,276934,13,0,0,70
5,15,2,2,0,0,1,38,29,190636,10,0,1485,60
3,11,2,6,0,4,1,38,53,145409,9,0,0,40
3,12,2,11,5,4,0,38,32,191856,14,0,0,45
5,14,2,9,0,4,1,8,61,96073,15,0,0,50
3,15,2,11,0,1,1,38,44,68729,10,0,1902,40
3,12,2,9,0,4,1,39,61,119986,14,0,0,40
3,15,2,11,0,4,1,38,37,227545,10,0,0,44
3,9,2,3,0,4,1,38,36,32776,13,0,1977,40
0,12,0,9,1,4,1,38,63,101996,14,0,0,40
1,12,2,3,0,4,1,38,47,285060,14,0,1977,41
4,11,0,11,4,4,0,38,55,209569,9,0,0,50
3,9,0,0,1,4,0,38,58,150560,13,14084,0,40
4,12,0,3,1,4,1,38,50,176751,14,0,0,80
3,15,2,2,0,4,1,38,59,271571,10,15024,0,50
1,9,0,10,1,4,1,38,50,199995,13,0,0,40
3,11,2,3,0,4,1,38,43,295510,9,0,0,45
3,7,2,3,0,4,1,38,37,251396,12,0,0,65
3,15,2,2,0,4,1,38,49,151584,10,0,0,40
3,9,2,3,0,4,1,38,44,193882,13,0,0,40
3,9,2,3,0,4,1,38,34,242460,13,7688,0,40
3,11,2,13,0,4,1,38,37,148581,9,0,0,50
5,9,4,3,1,2,1,38,47,112200,13,10520,0,45
3,11,0,2,1,4,1,38,44,85604,9,0,0,40
3,6,2,2,0,4,1,38,51,199995,5,0,0,50
3,9,4,12,1,4,0,38,33,345277,13,0,0,45
0,14,2,9,0,1,1,18,43,325706,15,0,0,50
5,11,2,9,5,4,0,38,37,301568,9,0,0,35
3,9,2,11,0,4,1,19,63,213945,13,15024,0,40
3,9,0,7,4,4,0,38,48,171807,13,0,0,56
3,11,2,11,0,4,1,38,32,130057,9,0,0,55
5,11,0,2,1,4,1,38,48,362883,9,0,0,60
3,11,2,13,0,2,1,38,40,294708,9,0,0,40
3,9,2,9,0,4,1,38,47,332727,13,0,0,60
3,9,2,3,0,4,1,38,40,273425,13,0,0,50
1,12,0,9,4,2,0,38,43,143828,14,9562,0,40
3,15,2,11,0,4,1,38,38,80303,10,0,0,60
3,15,2,2,0,4,1,38,54,257337,10,0,0,40
4,12,5,3,1,4,1,38,49,213354,14,0,0,70
3,9,2,9,0,4,1,38,68,138714,13,0,0,55
3,11,2,11,0,4,1,38,56,231781,9,0,0,40
3,9,2,9,0,4,1,38,35,255191,13,0,0,45
3,11,0,11,1,0,1,38,28,34335,9,14084,0,40
1,6,6,5,4,4,1,38,49,102359,5,0,2231,40
4,10,2,9,0,4,1,4,33,281832,16,0,0,40
3,15,2,3,0,4,1,38,32,339773,10,0,0,40
3,11,2,13,0,4,1,38,52,204402,9,0,0,85
3,7,2,12,0,4,1,38,36,181065,12,0,0,40
3,15,2,9,0,4,1,39,38,179579,10,0,0,50
3,11,6,11,1,4,0,38,50,237729,9,0,2444,72
3,14,2,9,0,4,1,38,71,179574,15,0,0,12
3,9,2,3,0,4,1,38,57,278228,13,0,0,50
3,9,2,9,5,4,0,38,34,187215,13,15024,0,36
3,0,2,2,0,4,1,38,50,211654,6,0,0,40
7,11,2,14,0,4,1,38,61,179761,9,0,0,40
3,15,2,2,0,4,1,38,51,257485,10,0,0,40
6,10,3,9,4,4,1,38,43,261929,16,25236,0,64
3,15,2,13,0,4,1,38,41,355918,10,0,0,65
6,15,2,9,0,4,1,38,45,198660,10,0,0,40
3,9,2,3,5,4,0,38,28,421967,13,0,0,60
1,12,2,9,5,4,0,38,50,259377,14,15024,0,40
5,9,2,9,0,4,1,38,36,151322,13,0,0,45
3,11,2,4,0,4,1,38,51,37237,9,0,0,80
3,11,4,2,1,4,1,38,51,94081,9,0,0,40
4,9,2,3,0,4,1,38,51,167793,13,15024,0,40
3,9,2,3,0,4,1,38,28,138692,13,0,0,40
3,15,2,0,5,4,0,38,58,210673,10,0,0,40
3,7,2,2,0,4,1,38,59,159008,12,7298,0,20
3,9,2,3,0,4,1,38,54,98535,13,0,0,40
3,15,2,2,0,4,1,38,38,195686,10,0,0,40
3,12,2,3,0,4,1,38,36,237943,14,15024,0,50
5,11,0,11,1,4,1,38,49,105614,9,0,0,50
5,10,0,9,1,4,0,38,50,225772,16,0,0,60
3,12,2,3,0,4,1,38,60,355865,14,0,0,50
4,10,2,9,5,4,0,38,43,35662,16,0,0,70
5,15,2,4,0,4,1,38,48,164582,10,7298,0,60
3,9,4,3,1,4,1,38,56,295067,13,14084,0,45
1,7,2,10,0,1,1,16,28,336543,12,0,0,40
5,11,2,2,0,4,1,38,39,52870,9,0,0,40
3,15,2,9,0,4,1,38,59,453067,10,0,0,36
3,11,2,2,0,4,1,38,43,34007,9,0,0,40
3,15,2,2,0,4,1,38,45,255014,10,0,0,55
3,15,2,3,0,4,1,38,34,103651,10,0,0,40
4,15,2,11,0,4,1,38,55,124137,10,0,0,40
3,9,2,7,0,1,1,29,42,186376,13,0,0,72
6,9,2,10,0,4,1,38,44,244974,13,0,0,44
5,11,2,9,0,4,1,38,34,114691,9,0,0,40
5,15,2,2,0,1,1,39,52,135339,10,0,0,40
3,9,2,3,0,1,1,34,54,135803,13,15024,0,60
3,15,2,12,0,4,1,38,28,394927,10,0,0,40
3,11,2,11,0,4,1,38,37,110713,9,0,0,50
3,9,2,3,0,4,1,38,31,263561,13,0,2246,45
3,8,2,3,0,4,1,38,52,23780,11,0,1977,45
5,11,2,11,0,4,1,38,74,104001,9,0,0,40
3,3,2,4,0,4,1,25,52,177995,2,0,0,56
3,11,2,6,0,4,1,38,27,185647,9,0,0,50
4,9,2,3,0,4,1,38,47,192894,13,0,1902,45
5,14,2,9,0,0,1,38,40,284706,15,0,1977,60
0,15,2,12,0,4,1,38,63,95680,10,0,0,18
0,10,2,9,0,4,1,38,51,73670,16,4386,0,52
3,12,2,3,0,4,1,38,54,421561,14,0,0,45
3,0,2,13,0,2,1,38,59,245196,6,0,0,40
3,11,2,12,0,1,1,38,42,340234,9,15024,0,40
3,8,2,2,0,4,1,38,37,204145,11,0,0,45
3,12,3,3,1,4,1,38,46,178829,14,0,0,70
0,15,2,10,0,2,1,38,35,287658,10,0,0,40
3,11,2,0,5,4,0,38,43,209894,9,0,0,40
3,14,2,9,0,4,1,38,40,77357,15,0,0,40
5,14,0,9,4,4,1,38,48,328606,15,14084,0,63
6,9,2,9,0,4,1,38,37,348960,13,0,0,36
3,9,2,2,0,4,1,38,36,135289,13,0,0,48
7,9,2,14,0,4,1,38,61,160625,13,4386,0,15
5,4,2,2,0,4,1,38,33,249249,3,0,0,50
5,8,2,4,0,4,1,38,31,226696,11,0,0,60
3,9,0,3,1,4,1,38,44,193755,13,0,0,50
0,9,2,10,0,2,1,38,47,227244,13,0,0,50
3,11,2,2,0,4,1,38,29,160731,9,0,0,45
3,11,2,11,0,4,1,38,45,295046,9,0,0,60
5,9,2,9,0,2,1,38,33,295621,13,0,0,25
3,9,2,11,0,4,1,38,32,204567,13,99999,0,60
3,15,2,9,0,4,1,38,42,204235,10,0,0,40
3,15,5,3,1,4,0,38,49,186982,10,0,0,45
1,7,2,10,0,4,1,38,46,344172,12,0,0,49
1,11,2,10,0,4,1,38,31,243665,9,0,0,41
3,12,2,9,0,4,1,38,34,36385,14,0,0,45
5,14,4,9,1,4,1,38,47,199058,15,0,0,40
3,9,2,11,0,4,1,38,31,103435,13,0,0,50
3,11,2,6,0,1,1,39,39,137522,9,0,0,40
3,9,2,3,0,4,1,38,39,286789,13,0,0,40
3,11,2,0,5,4,0,10,48,73434,9,0,0,40
3,15,0,2,1,4,1,38,51,249644,10,0,0,48
4,9,2,9,0,4,1,38,28,204247,13,0,0,50
5,9,2,3,0,4,1,21,50,37913,13,0,0,40
4,9,2,3,0,4,1,38,24,142404,13,0,0,40
4,9,2,4,0,4,1,38,63,80572,13,0,0,40
1,9,2,5,0,4,1,38,28,180271,13,0,0,65
0,9,2,9,0,4,1,38,51,237819,13,0,0,50
5,9,3,11,3,4,1,38,48,209057,13,0,0,50
3,14,2,9,0,4,1,38,65,154171,15,20051,0,60
5,15,0,2,1,4,1,32,51,388496,10,0,0,8
3,12,2,3,0,4,1,38,49,181363,14,0,0,45
3,9,2,11,0,4,1,38,36,206951,13,0,1902,45
3,1,2,10,0,4,1,38,63,180911,7,4386,0,37
3,15,2,4,0,4,1,38,56,157749,10,0,0,60
3,12,2,3,0,4,1,38,39,204501,14,0,0,50
4,9,2,9,0,4,1,38,42,130126,13,0,1977,40
3,11,2,3,0,4,1,38,53,102828,9,0,0,35
3,11,2,9,0,4,1,38,27,285897,9,0,1848,45
1,12,2,9,0,4,1,38,48,177018,14,0,0,50
3,15,2,2,0,4,1,38,37,161141,10,0,0,40
3,11,2,3,0,4,1,38,49,165468,9,7688,0,55
5,4,2,3,0,4,1,38,56,162130,3,0,1887,67
3,9,4,3,1,4,0,38,29,135296,13,0,2258,45
3,11,2,6,0,4,1,38,45,191858,9,0,0,45
3,15,2,0,5,4,0,38,35,44780,10,7688,0,20
3,11,2,2,0,4,1,38,37,100508,9,0,0,40
3,9,4,9,1,4,0,38,26,324854,13,0,0,40
3,9,2,3,0,4,1,38,55,102058,13,0,0,50
3,9,2,3,0,4,1,38,39,167728,13,0,0,40
3,12,2,9,0,4,1,8,38,192337,14,0,0,40
3,15,2,6,0,1,1,29,47,340982,10,3103,0,40
6,9,2,9,0,4,1,38,49,102308,13,0,0,42
5,12,2,3,0,4,1,38,51,125417,14,0,0,42
3,11,2,13,0,4,1,38,33,193042,9,0,0,60
3,11,2,2,0,4,1,6,90,175491,9,9386,0,50
3,12,2,3,0,4,1,38,46,139268,14,0,0,45
3,11,2,5,0,4,1,38,46,102308,9,0,0,56
3,15,2,3,2,4,1,38,38,136137,10,0,0,50
0,9,4,0,4,2,1,38,47,55377,13,0,0,40
3,12,2,10,0,4,1,38,51,102615,14,0,1977,40
3,15,2,6,0,4,1,38,36,136629,10,0,0,40
4,9,0,11,1,4,1,38,48,148995,13,0,0,60
3,12,2,9,5,4,0,38,51,63424,14,0,0,40
3,9,2,3,0,4,1,38,43,241895,13,0,0,50
1,15,2,2,0,4,1,38,32,240979,10,0,0,60
3,14,4,9,1,1,1,18,35,98283,15,0,0,40
3,15,2,3,0,4,1,38,45,117409,10,0,0,40
0,9,2,0,0,2,1,38,60,63526,13,0,0,40
3,11,2,2,0,4,1,38,50,168539,9,0,0,40
6,8,0,12,1,4,1,38,51,68898,11,0,2444,39
3,9,2,3,0,4,1,38,53,311350,13,0,0,50
3,11,2,2,0,4,1,38,38,132879,9,7298,0,50
3,8,2,2,0,4,1,30,52,185407,11,0,0,48
4,8,2,3,0,4,1,38,48,191277,11,0,0,50
3,8,2,6,0,4,1,38,30,78980,11,0,0,40
5,11,2,3,0,4,1,38,37,241463,9,0,1848,65
3,15,2,13,0,4,1,38,32,351869,10,0,1485,45
3,9,2,3,0,4,1,38,45,235646,13,0,0,40
1,10,2,3,0,4,1,39,42,185129,16,0,0,43
1,14,2,9,0,4,1,38,41,235951,15,0,0,50
3,15,2,11,0,4,1,38,57,112840,10,0,0,50
3,14,2,9,0,1,1,18,59,122283,15,99999,0,40
3,12,2,3,0,4,1,38,40,226902,14,15024,0,50
7,9,2,14,0,4,1,38,71,35303,13,9386,0,30
0,11,2,9,0,4,1,38,53,266598,9,0,0,40
1,11,2,0,5,4,0,38,38,116608,9,0,0,35
3,9,4,9,1,4,0,38,36,353263,13,0,0,45
7,10,2,14,0,4,1,38,68,146645,16,20051,0,50
0,15,6,12,1,4,0,38,45,162410,10,0,0,45
7,12,2,14,0,4,1,38,77,143516,14,0,0,8
3,11,2,13,0,4,1,38,57,180920,9,0,0,40
3,15,2,11,0,4,1,38,36,607848,10,7688,0,45
3,9,4,11,1,4,1,38,29,293073,13,0,0,50
3,12,2,13,0,4,1,38,48,112906,14,0,0,55
3,12,2,12,0,4,1,38,55,208311,14,0,1977,20
1,15,2,3,0,4,1,38,42,121998,10,15024,0,40
3,15,2,13,0,4,1,38,37,208391,10,0,0,40
3,14,2,9,0,1,1,18,30,243190,15,0,0,20
3,15,2,3,0,4,1,38,55,185436,10,0,0,70
1,9,2,9,0,4,1,38,56,370045,13,0,0,40
1,9,2,11,0,4,1,38,45,182100,13,0,0,40
6,11,0,0,4,4,0,38,43,143939,9,0,0,50
3,12,2,9,0,4,1,38,39,230054,14,0,0,50
3,14,2,9,0,4,1,38,37,321943,15,0,0,40
3,11,2,3,0,4,1,38,41,203233,9,0,0,40
3,15,2,11,0,4,1,38,38,203836,10,0,0,50
3,9,2,3,0,4,1,38,36,187847,13,7688,0,40
4,9,2,11,0,4,1,38,46,198660,13,99999,0,72
4,11,2,2,0,4,1,38,54,146574,9,0,0,40
3,15,2,2,0,4,1,38,30,196385,10,0,0,45
3,15,2,0,5,4,0,38,40,226585,10,0,0,35
3,9,2,9,5,4,0,38,30,162442,13,7688,0,50
3,15,2,13,0,4,1,38,67,279980,10,10605,0,10
1,10,2,3,0,4,1,38,45,215862,16,7688,0,45
3,11,2,3,0,4,1,38,58,349910,9,7688,0,40
6,12,2,9,0,4,1,38,43,198965,14,0,0,40
3,15,0,9,1,4,1,38,65,242580,10,11678,0,50
3,11,0,7,1,4,1,38,29,87905,9,10520,0,40
3,9,2,3,0,4,1,38,44,173704,13,0,0,40
0,15,2,0,0,4,1,38,37,93225,10,7688,0,40
4,9,4,11,1,4,1,38,25,182750,13,0,0,45
3,8,2,12,0,4,1,38,50,158294,11,3103,0,40
3,10,2,3,0,4,1,38,35,189623,16,0,0,45
3,9,0,9,1,4,0,38,35,270572,13,0,0,40
5,8,2,12,0,4,1,38,51,159755,11,0,0,38
3,11,2,2,0,4,1,38,32,330715,9,99999,0,40
3,9,2,3,0,4,1,38,45,146857,13,0,0,38
1,15,2,10,0,4,1,38,48,195949,10,0,0,42
3,11,2,0,5,4,0,38,25,158662,9,0,0,50
3,15,2,11,0,4,1,38,38,107302,10,0,0,60
1,11,2,6,0,2,1,38,49,226871,9,0,0,40
4,15,2,2,0,4,1,38,44,104892,10,0,0,58
3,11,2,13,0,4,1,38,35,30916,9,0,0,50
3,9,0,3,1,4,1,38,51,123011,13,0,2559,50
3,11,2,2,0,4,1,38,30,206046,9,0,1848,40
3,9,2,12,5,4,0,38,44,160829,13,0,0,20
5,8,2,9,5,4,0,38,33,58702,11,3103,0,50
3,9,2,9,0,4,1,38,36,198237,13,15024,0,50
4,15,2,3,0,4,1,38,32,78530,10,15024,0,50
5,11,2,6,0,4,1,38,47,165468,9,7298,0,40
3,9,2,3,5,4,0,38,37,134367,13,0,0,37
3,11,2,2,0,4,1,38,47,199058,9,0,0,40
3,11,2,6,0,4,1,38,33,183612,9,0,0,40
3,8,0,9,4,4,0,38,40,191982,11,0,0,40
6,12,2,3,0,4,1,38,53,43952,14,15024,0,38
3,9,2,2,0,4,1,38,43,194636,13,0,0,48
3,15,2,3,0,4,1,38,58,190997,10,0,0,40
3,9,2,0,0,4,1,38,39,103456,13,0,0,45
3,15,2,2,0,4,1,38,45,187581,10,0,0,40
3,9,2,9,5,4,0,38,38,80771,13,0,0,40
5,9,0,3,4,4,1,38,31,119411,13,0,0,60
0,10,2,9,0,4,1,38,56,196307,16,0,0,40
3,11,2,2,0,4,1,38,36,175232,9,5178,0,40
3,15,4,10,1,2,0,38,21,334618,10,99999,0,40
4,10,2,9,0,4,1,38,56,205601,16,99999,0,70
3,9,6,7,1,4,0,38,52,129177,13,0,2824,20
3,7,2,0,5,4,0,38,39,203204,12,0,0,25
3,11,2,12,0,4,1,38,54,145714,9,7688,0,25
5,15,2,11,0,0,1,38,30,292472,10,0,0,55
3,11,2,11,0,4,1,38,38,111499,9,0,1977,99
1,9,2,9,0,4,1,38,60,124987,13,7298,0,40
3,15,2,9,0,4,1,38,27,234664,10,0,0,40
3,9,2,3,0,4,1,38,34,195576,13,0,0,50
3,9,4,3,1,4,0,38,28,181291,13,0,1564,50
3,15,2,3,0,4,1,38,52,139671,10,0,1977,50
3,9,2,3,0,4,1,38,37,77820,13,0,0,50
3,11,2,6,0,4,1,38,35,143058,9,0,0,60
3,15,2,2,0,4,1,10,54,139703,10,3103,0,40
3,10,2,3,0,4,1,38,52,96359,16,0,0,57
0,11,2,12,0,4,1,38,60,165630,9,0,1977,40
3,9,2,3,0,4,1,38,48,102359,13,7298,0,60
3,9,2,11,0,4,1,38,28,37359,13,0,0,60
7,14,2,14,0,4,1,38,61,232618,15,0,0,40
3,12,0,3,1,4,0,38,43,135606,14,0,0,50
7,12,2,14,0,4,1,38,55,487411,14,0,0,40
5,14,2,3,0,4,1,38,46,43348,15,15024,0,55
6,9,2,9,0,4,1,38,47,118447,13,0,0,60
1,12,6,9,4,4,1,38,58,368797,14,0,0,35
3,15,2,9,0,4,1,38,34,164190,10,0,1902,38
5,9,2,9,0,2,1,38,34,234960,13,0,1887,48
3,15,2,0,5,4,0,38,29,103628,10,0,0,40
3,0,2,13,0,4,1,38,58,430005,6,0,0,50
3,11,2,2,0,4,1,38,53,92430,9,0,0,40
1,9,2,9,0,4,1,38,36,410034,13,0,1887,40
3,9,2,3,0,4,1,38,48,237525,13,7688,0,65
3,15,2,3,0,4,1,38,35,150057,10,0,0,40
3,9,2,3,0,4,1,38,49,148549,13,0,1902,50
3,9,2,3,0,4,1,10,33,177675,13,0,0,50
3,9,2,0,0,4,1,38,31,206051,13,0,0,40
3,12,0,3,4,4,1,38,57,426263,14,0,0,40
3,15,2,9,0,4,1,38,49,102583,10,0,1848,44
3,9,2,9,0,4,1,38,40,277647,13,0,0,40
3,8,2,9,0,4,1,10,55,124808,11,0,1977,50
1,11,2,10,0,4,1,38,30,319280,9,0,0,40
3,11,2,6,0,4,1,38,42,193494,9,0,0,40
3,11,2,6,0,4,1,38,36,99146,9,0,0,45
3,12,2,3,0,4,1,38,35,92028,14,0,0,50
3,9,2,11,0,4,1,38,45,198223,13,0,1902,45
3,15,0,7,1,2,1,38,40,45687,10,4787,0,50
3,9,2,3,0,4,1,38,28,263614,13,0,0,40
4,12,2,9,0,4,1,38,52,254211,14,15024,0,60
3,15,2,6,0,4,1,38,43,185832,10,0,0,48
3,11,4,2,3,4,1,38,39,156897,9,0,2258,42
1,12,2,3,0,2,1,38,47,29819,14,0,1977,50
0,8,2,2,0,4,1,38,29,339002,11,0,0,40
3,11,2,0,5,4,0,39,31,185480,9,0,0,40
3,11,2,2,0,4,1,38,42,94600,9,5178,0,40
3,7,2,0,0,4,1,38,32,36467,12,0,0,45
3,12,2,9,0,4,1,38,29,53181,14,0,0,55
3,1,2,0,0,4,1,38,26,248990,7,0,0,40
3,11,2,12,0,4,1,38,37,117381,9,0,0,80
3,7,2,2,0,4,1,38,38,110713,12,0,0,50
3,1,2,0,0,4,1,38,44,300528,7,0,0,40
3,11,2,6,0,4,1,38,46,54985,9,0,1887,40
3,11,2,2,0,4,1,38,31,349148,9,0,0,40
3,8,2,9,0,4,1,38,32,222221,11,7298,0,42
3,11,3,7,4,2,0,38,45,234699,9,0,0,60
3,15,2,11,0,4,1,38,40,187376,10,0,0,60
6,9,2,9,5,4,0,38,41,75409,13,0,0,40
3,9,2,3,0,4,1,38,46,172581,13,0,1902,50
3,11,2,13,0,4,1,38,59,46466,9,0,0,40
1,12,2,9,0,4,1,38,47,114459,14,7688,0,45
7,11,2,14,0,4,1,1,47,109832,9,5178,0,30
3,11,2,6,0,4,1,38,45,195554,9,0,0,45
4,11,2,11,0,4,1,38,45,271901,9,0,0,32
0,11,2,0,0,4,1,38,37,289653,9,0,0,50
4,11,2,3,0,2,1,38,62,118725,9,20051,0,72
4,12,2,3,5,4,0,38,46,116338,14,0,0,50
3,12,2,12,0,4,1,38,46,102771,14,0,1977,40
3,11,0,0,4,4,0,38,51,89652,9,4787,0,24
5,11,0,2,1,4,1,38,60,25825,9,0,0,50
3,11,4,12,1,4,0,38,37,125550,9,14084,0,35
3,11,4,11,1,4,1,38,42,258589,9,0,0,60
1,15,4,10,1,4,1,38,27,92431,10,0,2231,40
4,11,2,11,0,4,1,38,66,253741,9,0,1825,10
4,15,2,11,0,4,1,38,84,172907,10,0,0,35
5,8,2,4,0,4,1,38,45,54098,11,0,0,50
4,9,2,3,0,4,1,38,53,96062,13,0,1902,48
0,15,2,12,0,4,1,38,27,276776,10,0,0,40
3,8,2,2,0,4,1,38,31,34503,11,0,0,40
3,12,2,9,0,1,1,18,54,225599,14,7298,0,40
3,11,2,2,0,4,1,38,43,456236,9,0,0,40
3,15,2,6,0,4,1,38,40,136986,10,0,0,50
3,11,2,3,0,4,1,38,29,200928,9,0,0,40
3,9,2,3,0,1,1,39,35,200117,13,0,1887,50
5,15,5,2,1,4,1,38,39,29874,10,0,0,60
3,1,2,11,0,4,1,38,51,29580,7,4386,0,30
3,11,2,2,0,4,1,38,36,20507,9,7688,0,50
3,11,2,2,0,4,1,38,49,247294,9,0,0,45
6,10,2,3,0,4,1,38,63,194682,16,0,1902,50
5,11,2,3,0,4,1,38,50,312477,9,0,1887,40
0,12,2,11,0,4,1,38,45,171335,14,0,0,50
0,11,2,12,0,4,1,38,29,155970,9,0,0,40
3,15,2,11,5,4,0,1,52,99682,10,0,0,52
7,12,2,14,0,4,1,38,59,188070,14,0,0,35
3,9,2,3,0,4,1,38,50,189811,13,0,0,40
5,11,0,4,1,4,1,38,37,32239,9,27828,0,40
3,9,2,12,0,4,1,38,28,84547,13,0,0,40
4,15,0,11,1,4,1,4,53,251675,10,8614,0,50
3,9,2,11,0,4,1,38,41,134130,13,0,0,50
5,15,2,2,0,4,1,38,28,209205,10,7298,0,40
3,9,2,3,0,4,1,38,44,145441,13,7298,0,48
3,14,4,12,1,1,1,18,34,98283,15,0,1564,40
3,11,2,5,0,2,1,38,45,186272,9,7298,0,40
3,11,2,13,0,4,1,38,49,129513,9,0,0,50
3,10,2,9,0,4,1,38,47,114459,16,0,0,50
3,9,2,9,0,4,1,38,41,384508,13,0,0,40
0,12,2,9,0,4,1,38,36,403489,14,0,0,45
3,9,2,9,0,4,1,38,52,143953,13,0,1902,40
0,11,4,0,1,4,1,38,38,205852,9,0,0,45
6,9,2,9,0,4,1,38,39,122353,13,0,0,45
1,9,2,2,0,4,1,38,47,173938,13,0,0,50
0,15,2,3,0,4,1,38,61,160155,10,0,0,40
3,11,2,13,0,4,1,38,46,247043,9,0,0,40
0,11,2,0,0,4,1,38,56,155238,9,0,0,40
0,10,2,9,0,4,1,38,47,102771,16,0,0,40
3,5,2,13,0,4,1,38,44,173888,4,0,0,80
3,11,2,2,0,4,1,38,52,259363,9,0,0,50
3,11,2,2,0,4,1,38,49,278322,9,0,0,40
3,9,2,9,5,1,0,35,42,157443,13,0,0,27
5,11,2,4,0,4,1,38,44,37618,9,0,0,40
1,15,2,2,0,4,1,38,56,238582,10,0,0,41
6,11,2,6,0,4,1,38,37,28887,9,0,0,40
3,9,2,3,0,4,1,38,37,77820,13,0,0,45
1,9,2,9,0,4,1,38,34,230420,13,0,0,40
3,15,2,0,0,1,1,29,50,98350,10,0,0,40
7,11,2,14,0,4,1,38,69,182668,9,0,0,45
3,14,3,9,1,4,1,38,43,208613,15,99999,0,40
0,9,0,9,1,4,1,38,50,307555,13,0,0,60
3,9,2,9,0,4,1,38,47,199058,13,0,0,60
3,9,2,3,0,4,1,38,42,173628,13,0,0,40
3,9,2,3,0,2,1,38,43,403467,13,7688,0,40
3,12,0,3,4,4,0,38,43,115806,14,0,2547,40
4,9,2,3,0,4,1,38,27,120126,13,0,1887,45
3,11,2,0,5,4,0,38,40,226505,9,0,0,46
3,14,2,3,0,4,1,38,47,151584,15,7688,0,60
3,11,2,2,0,4,1,38,42,136419,9,0,0,50
1,9,2,9,0,4,1,38,63,379940,13,0,0,40
3,9,2,2,0,4,1,38,62,208711,13,7688,0,50
6,9,2,10,0,4,1,38,30,361497,13,0,0,72
3,9,4,11,1,4,1,38,29,351871,13,0,0,50
6,10,0,9,1,4,1,38,57,290661,16,0,0,60
3,9,2,2,0,4,1,38,41,221172,13,0,0,40
3,9,2,3,5,4,0,38,36,201519,13,0,0,40
3,9,0,3,1,4,1,38,50,279337,13,0,0,55
7,8,2,14,0,4,1,38,41,27187,11,0,2415,12
3,15,2,2,0,4,1,38,51,143822,10,7298,0,40
3,9,0,9,1,4,1,38,53,171924,13,14344,0,55
3,15,2,2,0,4,1,38,40,119101,10,5178,0,40
1,12,2,9,0,4,1,38,42,55363,14,0,0,55
0,9,2,3,0,4,1,38,52,221532,13,0,0,45
1,12,2,9,5,1,0,35,41,183224,14,0,0,40
3,9,2,3,0,4,1,38,47,33710,13,3103,0,60
3,15,2,10,0,2,1,38,46,358533,10,0,0,40
3,8,2,9,0,4,1,38,30,164190,11,5178,0,52
3,11,2,3,0,4,1,38,38,22245,9,0,0,60
3,11,2,11,0,4,1,38,47,398652,9,0,0,50
3,15,2,0,2,4,0,38,59,268840,10,0,0,16
3,10,2,9,0,4,1,38,59,91384,16,0,0,60
3,15,2,3,0,4,1,38,52,174767,10,0,0,45
4,8,2,11,0,4,1,38,37,126675,11,0,0,60
3,7,2,2,0,4,1,38,51,177727,12,0,0,45
3,15,2,0,0,4,1,38,48,131826,10,0,0,40
3,11,2,13,0,4,1,38,39,211440,9,0,0,55
4,12,2,3,0,4,1,39,30,321990,14,15024,0,60
3,11,2,2,0,4,1,38,50,128478,9,0,0,60
0,15,2,9,0,4,1,38,45,155659,10,0,0,40
3,12,2,9,0,4,1,38,42,280167,14,0,0,40
5,12,2,9,0,4,1,38,41,252986,14,0,0,40
3,1,2,2,0,4,1,38,51,43354,7,0,0,40
5,9,2,3,0,4,1,38,49,263568,13,0,0,60
4,11,6,3,1,4,0,38,67,411007,9,15831,0,40
3,15,2,3,0,4,1,38,26,180246,10,7688,0,40
3,11,2,0,0,4,1,38,38,304651,9,0,0,45
5,12,2,9,5,4,0,38,47,84735,14,0,0,20
3,11,2,2,0,4,1,38,36,326886,9,0,0,40
3,9,2,3,0,2,1,38,44,286750,13,0,1902,40
3,9,2,9,0,4,1,38,44,171424,13,0,0,40
4,15,2,11,0,4,1,38,61,61040,10,7688,0,36
3,8,2,2,0,4,1,38,29,391867,11,0,0,40
3,7,2,3,0,4,1,38,40,94080,12,0,0,40
3,9,2,11,0,4,1,38,37,200374,13,0,1902,40
1,14,2,9,0,4,1,38,34,97723,15,0,0,40
0,9,2,0,0,1,1,29,37,22201,13,7298,0,40
3,15,2,2,0,4,1,38,54,326156,10,0,0,40
3,12,2,3,0,4,1,38,45,216932,14,0,0,40
3,15,2,3,0,4,1,38,69,36956,10,20051,0,50
4,9,2,3,0,4,1,38,57,161662,13,7688,0,60
3,12,2,9,0,4,1,38,35,86648,14,0,1977,45
1,9,2,3,0,4,1,38,51,168539,13,0,0,50
3,12,2,3,0,1,1,23,46,123053,14,0,0,50
6,12,2,3,0,4,1,38,55,200497,14,0,0,45
6,12,2,3,0,4,1,38,43,129298,14,0,0,40
1,12,2,3,0,2,1,38,49,174981,14,0,0,47
1,14,2,9,0,4,1,38,48,328610,15,0,0,45
6,12,2,3,0,4,1,38,38,134069,14,7298,0,60
3,11,2,0,5,4,0,38,35,209214,9,4386,0,35
3,11,2,2,0,4,1,38,41,204410,9,0,1485,44
4,9,2,3,0,4,1,38,59,223215,13,0,1977,50
3,11,2,0,5,4,0,38,43,184625,9,0,0,40
4,11,2,3,0,4,1,38,34,265917,9,0,0,40
1,15,2,0,5,4,0,38,40,42703,10,0,0,40
3,15,2,2,0,4,1,38,45,331643,10,0,0,40
5,9,2,4,0,4,1,38,42,32185,13,0,0,60
3,15,4,11,1,4,1,38,30,197886,10,0,0,45
1,15,2,10,0,4,1,38,50,20795,10,0,0,40
6,10,0,9,4,4,1,38,59,398626,16,25236,0,45
1,9,2,10,0,4,1,38,44,323790,13,0,0,40
3,15,4,3,1,4,0,20,48,160647,10,0,0,40
0,9,2,3,0,4,1,38,49,586657,13,7298,0,40
3,15,2,9,0,4,1,38,42,193882,10,0,0,40
3,12,2,3,0,4,1,38,49,122385,14,0,0,40
3,12,2,3,0,4,1,38,35,49020,14,0,0,60
1,12,4,9,1,4,1,38,35,45607,14,0,0,60
6,9,2,9,0,4,1,38,42,341638,13,0,0,40
5,12,2,9,5,4,0,1,50,127151,14,0,0,40
3,15,2,12,0,2,1,38,52,321959,10,0,0,40
3,8,2,4,0,4,1,38,43,132130,11,0,0,40
3,2,2,13,0,4,1,38,57,222247,8,0,0,40
3,9,0,9,4,4,0,38,45,289230,13,0,0,48
3,15,2,12,0,4,1,38,47,328216,10,7298,0,40
3,8,2,2,0,4,1,38,38,54816,11,0,0,40
3,15,2,11,0,4,1,38,44,358199,10,0,0,45
3,11,5,0,1,4,1,38,34,581071,9,0,0,48
4,15,6,11,1,4,0,38,58,229498,10,0,0,20
1,7,2,10,0,4,1,38,38,252250,12,0,0,56
3,15,2,11,0,4,1,38,47,191277,10,0,0,50
3,12,2,9,0,4,1,38,57,437727,14,0,1977,45
1,12,4,9,1,4,1,38,45,167334,14,0,0,50
3,15,2,3,5,4,0,38,37,182675,10,0,0,45
6,15,2,0,5,1,0,38,45,81853,10,0,0,40
3,11,1,2,0,4,1,38,27,29261,9,0,0,40
3,10,2,9,0,4,1,38,44,257758,16,0,0,40
6,10,2,9,0,4,1,38,44,136546,16,0,1902,40
3,11,2,3,5,4,0,38,38,205493,9,0,0,60
3,12,2,3,0,4,1,38,44,120277,14,0,0,38
3,15,2,13,0,4,1,38,26,193165,10,0,0,52
3,7,2,2,0,4,1,20,32,185027,12,0,1887,40
1,12,2,9,0,4,1,38,50,311551,14,7688,0,50
5,11,2,0,5,4,0,38,43,174090,9,0,0,20
4,11,2,3,0,4,1,38,44,151089,9,0,1887,70
3,15,2,0,5,4,0,38,49,182752,10,0,0,40
5,12,4,9,1,4,1,38,38,129573,14,0,0,40
0,9,2,9,0,4,1,38,51,36186,13,0,0,40
4,9,2,3,0,4,1,38,58,329793,13,0,0,45
3,15,2,6,0,4,1,38,51,192182,10,7298,0,40
3,9,4,7,1,4,1,21,53,104461,13,8614,0,50
1,12,2,9,5,4,0,38,33,183923,14,7688,0,35
3,9,2,9,0,4,1,38,30,129707,13,99999,0,35
3,11,2,13,0,1,1,38,34,69251,9,0,0,40
3,15,2,9,0,4,1,38,46,167515,10,0,1977,50
1,15,2,10,0,4,1,38,46,125892,10,0,0,40
1,12,2,9,5,4,0,38,43,35824,14,0,0,40
3,11,2,13,0,4,1,38,61,198078,9,0,0,40
1,12,2,3,0,4,1,38,40,319271,14,0,0,60
3,2,2,2,0,4,1,39,46,113806,8,7298,0,40
1,12,2,9,0,4,1,38,47,172246,14,0,0,60
0,11,2,0,5,4,0,38,32,164707,9,0,0,40
3,12,2,9,5,4,0,38,46,184169,14,7688,0,35
4,11,2,7,0,4,1,38,45,145290,9,0,0,40
3,10,2,9,0,4,1,38,45,178319,16,7688,0,50
5,14,2,9,0,4,1,38,42,54202,15,0,0,50
3,9,2,3,0,4,1,38,37,220237,13,5178,0,40
3,0,2,7,0,4,1,4,56,195668,6,0,0,35
3,15,2,5,0,4,1,10,45,217654,10,0,0,40
3,9,2,9,0,4,1,38,53,139671,13,0,1902,40
3,9,2,11,0,4,1,38,39,237943,13,0,0,30
0,12,2,3,0,4,1,38,46,213140,14,0,1977,40
5,14,4,9,1,4,1,38,36,125933,15,0,0,55
3,11,2,13,0,2,1,38,36,592930,9,0,0,50
3,12,2,9,0,4,1,38,39,77005,14,99999,0,40
4,11,2,2,0,4,1,38,48,181307,9,0,0,60
3,11,2,2,0,4,1,38,56,314727,9,0,0,35
3,11,6,11,1,4,0,38,66,167711,9,0,0,40
3,11,2,6,0,4,1,38,52,204447,9,4386,0,40
7,15,4,14,1,1,1,34,24,151153,10,99999,0,50
3,11,2,0,0,4,1,38,38,269323,9,0,0,40
3,9,2,7,0,4,1,38,46,120131,13,0,0,30
3,12,2,3,0,4,1,38,48,199058,14,0,0,40
3,11,2,3,0,4,1,38,67,95113,9,0,0,37
3,14,2,9,0,4,1,39,36,247558,15,5178,0,60
3,11,2,11,0,4,1,38,39,355468,9,0,1887,46
5,11,2,2,0,4,1,38,35,153066,9,0,0,60
3,12,2,0,0,4,1,38,45,129336,14,0,0,45
4,14,2,9,0,4,1,38,46,120131,15,99999,0,60
3,15,2,3,0,2,1,38,31,363130,10,0,0,40
3,11,2,0,5,4,0,38,33,34748,9,0,1887,20
3,9,2,9,0,4,1,38,33,150570,13,3103,0,43
3,9,2,9,5,4,0,38,33,106670,13,0,0,40
3,11,0,3,4,4,0,38,35,260578,9,0,0,40
1,8,2,3,0,4,1,38,64,96076,11,0,0,40
5,15,4,9,1,4,1,38,39,230329,10,0,1564,12
1,11,2,9,2,4,0,38,55,99131,9,0,2246,40
6,12,2,9,5,2,0,38,52,125796,14,0,1848,40
3,11,2,5,0,4,1,38,24,117959,9,4386,0,40
3,15,2,0,0,4,1,38,40,198692,10,5178,0,60
3,2,2,2,0,4,1,38,25,162687,8,0,0,40
3,11,2,0,5,4,0,38,48,158924,9,0,0,40
5,11,0,2,1,4,1,38,33,33404,9,0,0,65
3,11,2,2,0,4,1,38,52,168553,9,0,1977,40
3,15,0,11,4,4,1,38,44,121874,10,0,0,55
3,12,2,9,0,4,1,38,30,467108,14,0,0,44
0,15,2,0,0,4,1,38,28,42003,10,0,0,40
3,11,2,13,0,4,1,38,61,180418,9,0,0,40
3,12,2,9,0,4,1,38,33,144949,14,15024,0,40
3,7,2,6,0,4,1,38,50,155594,12,0,0,50
3,11,2,2,0,4,1,38,33,232475,9,0,0,40
1,9,0,10,1,4,1,38,45,140644,13,0,0,40
5,11,2,2,0,4,1,38,47,159726,9,0,0,40
0,9,2,9,0,4,1,38,52,290856,13,0,0,40
1,12,0,9,1,0,0,38,50,220640,14,0,0,50
1,12,2,10,0,4,1,38,37,99935,14,7688,0,50
3,15,2,3,0,4,1,38,38,186359,10,0,0,40
3,15,2,3,0,4,1,38,32,137076,10,15024,0,60
3,1,2,2,1,4,1,38,28,410216,7,0,0,60
3,11,2,13,0,4,1,38,50,237819,9,0,0,40
0,12,2,3,0,4,1,38,42,198316,14,0,0,40
3,14,2,9,0,4,1,38,43,194726,15,15024,0,55
6,9,2,9,0,4,1,38,47,188386,13,0,0,45
3,11,2,2,0,4,1,38,50,89041,9,15024,0,50
3,9,2,2,0,4,1,10,45,88781,13,0,0,40
3,11,2,2,0,1,1,34,57,41762,9,0,0,40
3,9,2,9,5,4,0,10,39,99270,13,0,0,50
3,11,2,2,0,4,1,30,28,160731,9,0,0,40
1,9,2,9,5,4,0,38,29,219906,13,0,0,25
3,9,2,2,0,4,1,38,35,125933,13,0,0,50
6,10,2,9,0,4,1,38,41,309056,16,0,0,50
7,11,2,14,0,4,1,38,60,56248,9,0,1485,70
1,15,2,10,0,3,1,38,42,271521,10,0,0,40
3,9,2,3,0,4,1,38,48,265295,13,0,0,40
3,10,4,9,1,4,1,38,32,196342,16,0,0,40
3,15,2,2,0,2,1,32,55,223594,10,7688,0,40
3,15,2,3,0,4,1,38,36,169469,10,7298,0,40
1,9,2,9,5,2,0,38,26,287233,13,0,0,40
3,12,2,9,0,4,1,38,53,158294,14,7298,0,40
3,15,2,11,0,4,1,38,41,168730,10,0,0,50
3,15,0,3,1,4,0,38,57,175942,10,0,0,50
3,11,2,11,0,4,1,38,46,132912,9,0,0,45
7,15,2,14,0,4,1,38,59,254765,10,0,0,40
3,9,2,3,5,2,0,38,27,55743,13,0,0,45
6,10,0,9,4,4,1,9,47,148171,16,0,0,50
3,11,2,11,0,4,1,38,43,172401,9,0,0,40
3,9,2,9,0,4,1,38,33,193285,13,0,0,38
1,12,2,9,0,4,1,38,60,141637,14,0,0,40
5,9,2,0,5,4,0,38,41,169023,13,7688,0,40
3,11,2,3,0,4,1,38,30,164190,9,0,0,40
1,8,2,10,0,4,1,38,37,249392,11,0,0,40
3,9,2,12,0,4,1,38,32,175856,13,0,1902,40
5,11,4,2,4,4,1,38,27,420054,9,9562,0,50
6,12,2,9,0,2,1,38,44,691903,14,0,0,60
3,12,2,3,0,4,1,38,45,199058,14,7298,0,50
0,9,2,10,0,4,1,38,34,419691,13,7298,0,54
6,10,2,9,0,4,1,38,50,289207,16,0,1902,45
1,2,2,13,0,4,1,26,39,423605,8,0,1848,40
3,8,4,2,1,4,1,38,57,279636,11,0,0,40
3,14,2,9,0,4,1,38,49,81654,15,0,0,60
3,9,2,9,0,4,1,38,41,203761,13,0,0,40
0,11,2,2,0,4,1,38,59,117299,9,0,1887,40
3,11,2,6,0,4,1,38,54,138847,9,0,0,45
3,12,2,3,0,4,1,38,46,273629,14,0,0,40
4,9,2,3,0,4,1,38,28,113870,13,0,0,60
3,9,2,12,0,4,1,38,29,114982,13,0,0,40
5,15,2,4,0,4,1,38,41,57924,10,7688,0,50
5,12,2,3,0,4,1,38,35,202027,14,7688,0,55
3,15,2,13,0,4,1,38,32,180799,10,0,0,60
3,12,4,3,1,4,0,38,36,111499,14,14084,0,40
3,15,2,2,0,4,1,38,34,201122,10,0,0,48
3,11,2,2,0,4,1,38,47,120131,9,0,0,50
3,9,2,3,0,4,1,38,34,117444,13,0,0,65
3,15,2,4,0,4,1,38,24,461678,10,0,0,50
6,8,2,2,0,2,1,38,56,466498,11,0,0,60
3,15,2,2,0,4,1,38,59,530099,10,0,1887,55
3,11,2,13,0,4,1,38,30,202450,9,0,0,65
3,9,2,11,0,4,1,38,35,31964,13,0,0,50
3,11,2,2,0,4,1,38,31,181091,9,0,0,50
3,15,2,7,0,4,1,38,28,200515,10,0,0,35
1,6,2,7,5,4,0,41,40,183096,5,0,0,40
4,15,2,3,0,4,1,38,37,342084,10,0,0,60
3,15,4,2,1,2,1,38,33,238381,10,8614,0,40
3,9,2,3,0,2,1,38,33,141841,13,5178,0,40
5,5,2,4,0,4,1,38,63,147140,4,0,0,60
6,15,2,3,0,4,1,38,46,30219,10,7688,0,38
3,11,4,0,3,4,0,38,39,192251,9,0,0,40
3,9,0,3,1,2,0,38,43,210844,13,0,0,40
5,11,0,3,1,4,0,38,50,155118,9,99999,0,35
3,11,2,3,0,4,1,38,60,191446,9,99999,0,40
3,11,2,3,0,4,1,38,50,27484,9,0,0,50
3,9,2,3,0,4,1,38,39,113481,13,0,0,45
1,9,2,10,0,4,1,38,30,235271,13,0,0,40
3,9,2,2,0,4,1,38,46,122026,13,0,0,44
3,8,2,3,0,4,1,38,40,114537,11,0,0,50
3,9,2,9,0,1,1,39,34,303187,13,0,0,40
3,5,2,4,0,4,1,38,64,391121,4,0,0,40
3,12,4,3,1,4,1,38,42,211450,14,0,0,45
3,15,2,12,0,4,1,38,44,156413,10,0,0,44
3,11,2,11,0,4,1,38,41,116797,9,7298,0,50
1,12,2,3,0,4,1,38,53,204447,14,0,0,43
3,10,2,9,5,4,0,38,45,363677,16,0,1977,30
4,15,2,3,0,4,1,38,38,269318,10,7298,0,40
0,12,2,9,0,1,1,34,42,108183,14,0,1902,40
3,15,2,3,0,2,1,38,56,92444,10,0,0,50
3,12,0,3,4,4,1,38,49,180899,14,0,1755,45
3,9,2,9,0,4,1,38,57,180779,13,7298,0,40
3,9,2,0,0,4,1,38,49,176814,13,5178,0,40
6,10,4,9,2,4,0,38,74,88638,16,0,3683,20
3,9,2,3,0,4,1,38,38,409604,13,15024,0,40
3,9,2,3,0,4,1,38,46,332884,13,7298,0,65
3,9,2,9,0,4,1,38,56,212864,13,0,0,40
3,9,2,3,0,4,1,38,27,66473,13,0,0,40
6,9,2,3,0,4,1,38,43,139734,13,15024,0,40
3,14,2,9,5,4,0,38,52,229983,15,3103,0,30
4,12,0,9,1,4,1,38,63,110890,14,0,0,70
3,11,2,13,0,4,1,38,25,135603,9,0,0,40
4,11,2,3,0,4,1,39,36,216711,9,99999,0,50
4,9,2,0,0,4,1,38,49,246891,13,0,0,40
0,15,5,3,1,4,1,38,37,90881,10,8614,0,55
3,9,2,0,0,4,1,38,53,177916,13,7298,0,40
3,10,2,3,0,4,1,38,47,193047,16,99999,0,50
3,9,4,7,1,4,1,25,48,267912,13,0,0,50
3,15,2,3,0,4,1,38,43,137126,10,0,0,40
5,14,2,9,0,4,1,38,61,176965,15,0,0,50
3,8,2,0,0,4,1,38,37,105813,11,7298,0,40
1,7,2,12,0,4,1,38,41,193524,12,0,0,40
6,15,2,11,0,4,1,38,51,155594,10,0,1887,40
0,12,2,3,0,4,1,38,41,214838,14,0,0,60
0,7,2,2,0,4,1,38,50,221532,12,0,0,40
3,15,2,11,0,4,1,38,48,168216,10,0,0,40
3,14,2,9,0,4,1,38,27,214702,15,0,0,42
6,10,2,9,0,4,1,38,47,54887,16,0,0,40
5,10,4,9,1,4,1,38,37,164526,16,14084,0,45
3,15,2,5,0,4,1,38,28,192384,10,0,0,40
5,14,2,9,0,4,1,38,46,103538,15,0,0,65
3,9,2,2,0,1,1,29,39,191342,13,0,0,40
4,14,2,9,0,4,1,38,44,311357,15,0,0,50
3,12,2,3,0,1,1,29,50,160724,14,7298,0,40
3,11,2,2,0,4,1,38,50,196975,9,0,0,40
3,11,2,3,0,4,1,38,58,27385,9,0,0,60
3,11,2,13,0,4,1,38,36,361888,9,0,0,45
3,15,2,11,0,4,1,38,39,306646,10,3103,0,50
3,7,2,2,0,4,1,38,50,138179,12,0,1902,40
3,9,2,3,0,4,1,38,40,111483,13,7298,0,40
6,7,2,12,0,4,1,38,46,27802,12,0,0,38
3,12,2,0,5,4,0,38,47,121836,14,7688,0,38
3,9,2,2,0,4,1,8,65,194456,13,0,0,40
3,10,2,9,0,4,1,38,41,146908,16,0,0,60
3,11,2,9,0,1,1,34,50,172052,9,0,0,35
0,7,2,0,0,4,1,38,45,98524,12,0,0,40
3,9,2,11,0,4,1,38,33,236396,13,0,1902,55
3,9,2,11,0,4,1,38,50,152810,13,0,0,40
3,11,2,12,0,4,1,38,51,133336,9,0,0,40
3,15,2,7,3,4,0,38,44,279183,10,0,0,40
3,9,2,12,0,4,1,38,40,197462,13,0,0,40
1,7,2,3,0,4,1,38,40,240504,12,0,0,40
4,15,2,11,0,4,1,38,48,125892,10,0,0,38
3,12,0,3,1,4,0,38,46,154430,14,0,0,50
3,7,2,3,0,4,1,38,53,30244,12,15024,0,40
3,12,4,9,1,4,0,38,37,526968,14,0,0,38
3,8,0,13,1,4,1,38,40,79036,11,0,0,50
6,10,2,9,0,4,1,38,69,203072,16,0,0,50
3,8,2,2,0,4,1,38,38,31848,11,0,0,40
3,11,2,9,3,4,1,25,21,548303,9,0,0,40
0,9,2,2,0,4,1,38,35,133935,13,0,0,40
3,11,2,2,0,4,1,38,39,114251,9,0,0,40
3,12,2,3,0,4,1,38,30,340917,14,15024,0,60
3,9,2,12,0,4,1,38,37,241998,13,0,1977,40
4,15,2,3,0,4,1,38,38,125324,10,0,0,80
3,15,2,11,0,4,1,38,56,131608,10,0,0,40
0,9,6,0,1,4,1,38,35,226916,13,0,0,40
3,12,2,3,0,4,1,38,46,337050,14,0,1977,45
3,8,2,2,0,4,1,38,33,164190,11,7298,0,40
3,12,2,3,0,4,1,38,42,203554,14,0,0,60
3,11,2,7,0,4,1,25,48,199590,9,0,0,40
3,9,0,12,4,2,1,39,41,529216,13,7430,0,45
3,9,2,11,0,4,1,38,50,209320,13,0,0,40
4,11,2,3,0,4,1,38,54,206862,9,0,0,36
5,9,2,11,0,4,1,38,59,201263,13,15024,0,55
5,11,6,0,4,4,0,38,56,163212,9,99999,0,40
7,7,2,14,0,4,1,38,61,198686,12,0,0,2
3,15,2,9,0,4,1,38,41,113491,10,0,0,40
3,9,4,2,1,4,1,38,37,48093,13,0,0,90
3,11,2,3,0,1,1,38,45,350440,9,0,0,40
3,15,2,3,0,4,1,38,35,62669,10,0,0,55
3,9,2,9,0,2,1,38,44,157249,13,0,1977,50
4,15,2,0,5,4,0,38,52,49069,10,0,0,40
5,10,2,11,0,4,1,38,67,106143,16,20051,0,40
0,12,2,0,0,4,1,38,34,341051,14,0,0,50
3,11,2,3,0,4,1,38,35,99146,9,0,0,50
3,9,2,3,0,4,1,38,37,117567,13,0,0,60
0,11,2,0,5,4,0,38,39,189632,9,0,0,40
6,10,2,9,0,4,1,38,46,27243,16,7688,0,45
4,15,2,3,0,4,1,38,48,213140,10,0,0,40
3,11,4,0,3,1,1,39,26,153078,9,0,0,80
3,9,2,7,0,4,1,38,29,39484,13,7298,0,42
3,8,2,3,0,4,1,38,45,84298,11,0,1977,50
3,11,2,6,0,2,1,10,43,269015,9,0,0,40
0,9,2,3,0,4,1,38,49,125892,13,0,0,40
5,0,2,2,0,4,1,38,53,118793,6,0,0,50
5,14,2,9,0,4,1,38,52,123011,15,0,0,50
3,14,2,9,0,4,1,38,44,116825,15,15024,0,80
3,0,2,2,0,4,1,38,50,165050,6,0,0,40
4,12,2,9,5,4,0,38,39,202937,14,0,0,40
5,14,2,9,0,4,1,38,57,103948,15,0,0,30
7,7,2,14,5,4,0,38,79,100881,12,0,0,2
4,9,2,3,0,4,1,38,44,212760,13,0,0,60
3,6,2,5,0,4,1,38,58,214502,5,0,0,50
3,11,2,2,0,4,1,38,41,69333,9,0,0,45
3,11,2,11,0,4,1,38,28,190060,9,0,0,40
7,15,2,14,0,4,1,38,71,144872,10,6514,0,40
5,15,4,2,1,4,1,38,40,171615,10,0,0,35
3,12,4,9,3,4,1,38,35,116541,14,0,0,44
3,11,2,6,5,4,0,38,42,184837,9,7298,0,40
7,15,2,14,0,4,1,38,49,228372,10,0,0,20
6,9,2,3,0,4,1,38,35,89040,13,0,0,40
5,9,4,9,1,4,1,38,28,398918,13,0,0,50
1,9,2,10,0,4,1,38,46,215895,13,0,0,40
6,15,2,0,0,4,1,38,50,24647,10,0,0,40
1,12,4,3,2,4,0,38,67,103315,14,15831,0,72
3,9,2,9,0,4,1,38,34,737315,13,0,0,40
3,9,2,3,0,4,1,38,60,198170,13,0,0,45
3,9,2,2,0,4,1,38,44,196545,13,7298,0,40
3,12,2,9,0,4,1,7,48,174386,14,0,0,40
3,12,2,11,0,4,1,38,51,169112,14,0,0,40
3,12,2,9,0,4,1,38,52,74024,14,0,0,45
1,12,2,3,0,4,1,38,43,33331,14,0,0,40
3,7,2,6,0,4,1,41,66,142624,12,5556,0,40
1,9,2,9,0,4,1,38,42,174575,13,5178,0,40
1,9,2,9,5,4,0,38,51,201560,13,0,0,40
1,12,2,9,5,4,0,38,50,168672,14,0,1902,40
0,14,2,9,0,4,1,38,34,149368,15,0,0,40
1,12,2,3,0,4,1,38,53,202733,14,7688,0,70
5,12,0,9,1,4,1,38,54,71344,14,0,0,50
3,11,2,2,0,4,1,38,43,149909,9,0,0,42
3,11,2,3,0,4,1,38,39,316211,9,0,0,60
3,9,2,9,5,4,0,38,32,127610,13,0,1902,32
1,11,2,2,0,2,1,38,45,556652,9,0,0,40
3,15,2,9,0,4,1,38,43,347653,10,0,0,48
3,8,2,2,0,4,1,38,37,167735,11,0,1887,40
3,9,4,9,1,4,1,38,41,350387,13,0,0,40
3,11,2,5,0,4,1,38,55,105582,9,3103,0,40
5,14,2,9,0,4,1,38,35,350247,15,0,0,50
3,6,4,2,1,4,1,39,28,150025,5,0,0,50
3,9,2,9,0,4,1,38,37,107737,13,0,0,55
3,9,2,9,0,4,1,38,43,115562,13,0,0,42
1,12,2,9,5,4,0,38,36,95855,14,0,0,60
3,9,2,11,0,4,1,38,54,391016,13,0,0,40
0,9,2,0,0,4,1,38,36,51089,13,0,0,50
4,9,2,3,0,4,1,38,78,188044,13,0,2392,40
3,9,2,3,0,4,1,38,77,117898,13,0,0,50
5,11,2,2,0,4,1,38,39,187693,9,0,0,72
3,8,2,9,0,4,1,38,34,208043,11,7298,0,45
3,15,2,11,0,4,1,38,40,176716,10,0,0,40
3,9,2,11,0,4,1,38,38,243872,13,0,0,70
3,9,2,3,0,4,1,38,43,145441,13,0,0,50
3,9,4,7,1,1,0,23,53,83434,13,0,0,21
0,12,2,9,0,4,1,38,40,280167,14,0,0,40
3,11,2,12,0,2,1,37,57,169329,9,0,1887,40
1,9,2,9,5,4,0,38,25,167835,13,0,0,38
1,9,2,9,0,4,1,38,41,47902,13,0,0,45
6,11,2,2,0,4,1,38,33,332379,9,0,0,40
3,9,2,3,0,4,1,38,38,192337,13,7688,0,40
5,15,2,2,0,4,1,38,33,334744,10,0,0,50
3,11,2,9,0,4,1,38,41,287306,9,0,1902,40
3,11,2,6,0,4,1,38,43,96249,9,0,0,42
3,15,2,11,0,4,1,38,32,188246,10,0,0,40
3,12,2,9,0,4,1,38,41,101593,14,15024,0,50
3,9,2,3,0,4,1,38,36,269722,13,0,0,55
3,11,2,3,0,4,1,38,53,233165,9,0,0,60
3,15,2,11,0,4,1,38,46,369538,10,0,0,40
5,14,2,9,0,4,1,38,34,108247,15,0,0,55
3,9,2,3,0,4,1,38,37,91711,13,0,0,60
3,12,4,3,1,4,0,38,32,252752,14,13550,0,60
3,11,2,6,0,4,1,38,44,214838,9,0,0,45
3,15,2,0,0,4,1,38,41,154076,10,0,0,50
3,15,2,9,0,4,1,30,55,170287,10,0,0,40
3,9,2,11,0,4,1,38,60,145995,13,0,0,40
3,15,2,6,0,4,1,38,45,88500,10,0,0,44
3,9,2,9,0,4,1,38,46,243743,13,0,0,40
3,15,2,0,5,4,0,38,49,255559,10,0,0,40
3,15,2,11,0,4,1,38,41,47902,10,0,0,35
3,15,2,9,0,4,1,38,40,255675,10,0,0,40
3,1,2,2,0,4,1,38,38,76878,7,5178,0,40
3,7,2,0,0,4,1,38,36,163237,12,0,0,40
3,9,2,9,0,4,1,38,56,208451,13,0,0,40
3,11,2,6,5,4,0,38,33,117779,9,0,0,46
5,11,2,4,0,4,1,38,36,129150,9,0,0,50
1,15,2,10,0,4,1,38,34,226443,10,0,0,40
3,7,2,6,0,4,1,38,26,97153,12,5178,0,40
3,9,4,3,1,4,1,38,49,188694,13,0,0,40
3,11,2,10,0,4,1,38,71,187493,9,0,0,40
3,15,2,3,5,4,0,38,51,34361,10,0,0,20
3,0,2,6,0,4,1,38,38,170174,6,0,0,40
3,11,2,3,0,4,1,38,54,167770,9,0,1902,55
7,12,2,14,5,2,0,38,38,70282,14,15024,0,2
3,9,0,9,4,4,1,38,42,259757,13,0,653,50
7,9,2,14,0,4,1,38,63,46907,13,0,0,8
4,9,2,11,0,4,1,38,54,383365,13,0,0,70
3,9,2,9,0,4,1,38,57,211804,13,3103,0,50
5,15,2,3,0,4,1,38,27,208577,10,0,0,45
3,9,4,3,1,4,1,38,42,222884,13,0,0,55
3,9,2,9,0,4,1,38,47,131002,13,0,0,50
3,8,2,9,5,4,0,38,25,203871,11,0,1887,40
3,9,2,6,0,4,1,10,46,155659,13,0,0,40
3,15,2,2,0,4,1,38,29,224215,10,0,0,40
3,9,2,11,0,4,1,38,61,51385,13,0,0,50
3,9,2,3,0,1,1,18,53,366957,13,99999,0,50
3,8,2,0,5,4,0,38,26,186950,11,0,0,40
3,9,2,3,0,4,1,38,44,230478,13,0,0,40
3,9,2,3,0,4,1,38,38,190895,13,7298,0,50
3,11,2,13,0,2,1,38,46,471990,9,0,0,46
3,11,2,2,0,4,1,38,60,103344,9,15024,0,40
6,10,2,9,0,4,1,38,40,86912,16,0,0,50
3,15,2,3,0,4,1,38,42,187795,10,99999,0,55
4,11,2,0,5,4,0,38,66,220543,9,0,0,40
3,12,2,9,0,4,1,38,41,177905,14,0,0,45
5,9,2,2,0,4,1,38,42,336513,13,15024,0,60
5,10,2,9,0,4,1,38,42,24763,16,15024,0,40
0,15,2,3,5,2,0,38,33,122220,10,0,0,40
3,12,5,3,1,4,1,38,32,136204,14,0,2824,55
3,1,2,11,0,4,1,38,44,175641,7,0,0,40
0,12,2,3,0,1,1,38,55,88876,14,0,0,60
7,14,2,14,0,4,1,38,63,247986,15,0,0,30
3,9,2,11,0,4,1,39,50,238959,13,99999,0,60
3,9,2,3,0,4,1,38,46,423222,13,7688,0,40
3,8,2,9,0,4,1,38,30,89735,11,0,0,40
3,12,0,11,1,4,1,38,47,233511,14,27828,0,60
3,9,0,11,1,4,1,38,30,327112,13,0,1564,40
3,15,2,9,0,4,1,38,57,171242,10,0,0,40
3,9,2,9,0,4,1,38,38,374524,13,0,0,40
1,11,2,13,0,4,1,38,45,364563,9,0,0,40
3,9,0,3,1,4,1,38,47,138107,13,0,2258,40
3,14,2,9,5,4,0,38,27,153291,15,0,0,50
3,11,2,6,0,4,1,38,43,55213,9,0,1977,52
3,9,2,3,0,4,1,38,48,38950,13,15024,0,50
5,11,2,4,0,4,1,38,64,65991,9,7298,0,45
7,11,2,14,0,4,1,38,50,87263,9,0,0,55
3,11,2,13,0,4,1,38,54,163671,9,0,1887,65
3,15,2,10,0,4,1,38,54,159755,10,0,0,40
1,12,2,9,0,4,1,38,54,185846,14,0,1977,40
3,10,2,3,0,1,1,18,40,220977,16,3103,0,40
3,11,2,6,0,4,1,38,39,164866,9,0,0,42
3,7,2,11,0,4,1,38,43,191814,12,7688,0,50
3,14,2,9,0,4,1,38,38,191103,15,0,0,99
3,9,2,3,0,4,1,38,34,206297,13,0,0,48
3,9,2,12,0,4,1,38,55,272656,13,0,0,55
6,10,0,9,4,4,1,38,49,231961,16,0,0,50
3,9,2,9,0,4,1,38,28,130856,13,0,0,40
3,15,2,3,5,4,0,7,42,208875,10,0,0,40
3,15,2,2,0,4,1,38,36,320811,10,0,0,40
3,9,2,11,0,4,1,38,34,197886,13,0,0,60
5,11,2,13,0,4,1,38,40,179533,9,0,0,75
4,7,2,11,0,4,1,38,37,163998,12,0,0,50
3,14,2,9,0,4,1,38,41,130126,15,0,0,80
3,12,2,9,0,4,1,38,50,150999,14,0,1977,40
5,5,2,6,0,4,1,38,36,35945,4,7298,0,45
3,15,2,0,0,1,1,38,30,118861,10,0,0,50
3,9,2,11,0,2,1,38,47,191957,13,0,0,40
3,15,2,0,5,4,0,38,40,223934,10,0,0,17
3,9,2,3,0,4,1,38,45,240554,13,0,0,40
3,9,2,3,0,4,1,38,55,199067,13,15024,0,42
1,12,2,9,0,4,1,38,49,59612,14,0,0,40
6,9,2,3,0,4,1,38,49,391585,13,15024,0,40
3,12,2,11,0,4,1,38,46,326857,14,0,2415,65
3,9,4,9,1,4,0,38,43,203642,13,0,0,40
3,11,2,13,0,4,1,38,42,154374,9,0,0,50
0,11,2,0,0,4,1,38,45,60267,9,0,0,40
5,7,2,3,0,4,1,38,55,76901,12,0,0,55
3,3,2,3,0,4,1,38,52,117295,2,0,0,50
3,9,2,3,0,4,1,39,51,199688,13,0,1977,60
3,12,2,11,0,4,1,38,50,205803,14,15024,0,40
3,11,2,0,0,4,1,38,39,154410,9,0,0,40
7,15,0,14,4,4,0,38,56,154537,10,0,0,50
3,15,2,11,5,4,0,38,37,190987,10,7298,0,40
3,9,2,9,0,4,1,38,45,225456,13,0,1977,40
3,11,2,6,0,4,1,38,45,170850,9,0,0,44
1,11,2,3,0,2,1,38,48,493862,9,7298,0,38
3,12,2,9,0,4,1,38,36,192939,14,0,1977,60
3,9,2,3,0,4,1,8,45,238567,13,0,0,40
3,15,4,3,1,4,0,38,42,107276,10,0,2444,40
3,9,2,3,0,4,1,38,58,123436,13,7688,0,50
4,11,2,3,0,4,1,38,30,153549,9,0,0,50
5,9,2,4,0,4,1,38,61,111563,13,0,0,20
3,9,2,3,0,4,1,38,27,183627,13,0,1977,50
3,9,4,9,1,4,1,38,39,98941,13,0,0,40
3,9,2,11,0,4,1,38,44,205474,13,0,0,40
3,15,2,0,0,4,1,38,53,47396,10,0,0,50
6,9,2,3,0,4,1,38,43,270721,13,0,0,55
6,10,2,9,0,4,1,38,57,32694,16,0,0,40
0,11,2,0,0,4,1,38,37,125933,9,0,0,40
3,11,2,2,0,4,1,38,63,176696,9,0,0,40
3,8,2,3,0,4,1,38,38,187847,11,0,0,50
3,9,2,11,5,4,0,38,41,112181,13,0,0,12
3,9,2,9,5,4,0,38,31,43819,13,7688,0,43
3,11,0,12,1,4,1,38,58,142076,9,4787,0,39
3,9,2,11,0,4,1,38,36,189404,13,0,1977,35
3,7,2,11,0,2,1,38,34,277314,12,0,1902,50
0,14,0,9,4,4,1,38,44,316120,15,0,0,40
3,15,2,11,0,4,1,38,50,63000,10,0,0,60
3,10,2,9,0,4,1,9,37,51264,16,0,0,99
3,9,2,3,0,1,1,18,45,209912,13,0,0,40
1,8,2,13,0,4,1,38,44,241851,11,4386,0,40
3,12,0,3,1,4,1,38,37,184964,14,0,0,45
3,11,2,3,0,4,1,38,38,210866,9,0,0,44
3,15,2,9,0,4,1,38,48,117849,10,0,0,40
5,9,2,9,0,4,1,38,64,339321,13,0,0,24
3,11,2,6,0,4,1,38,37,204277,9,0,1848,48
3,11,2,2,0,4,1,38,55,182460,9,15024,0,35
3,11,2,0,5,4,0,1,43,106760,9,0,0,50
1,15,2,13,0,4,1,38,47,162187,10,0,1887,40
3,15,2,11,0,4,1,38,66,205724,10,0,0,24
4,15,2,3,0,4,1,38,70,225780,10,0,0,20
3,8,2,12,0,4,1,38,54,154728,11,7688,0,40
6,10,2,9,0,4,1,38,38,22245,16,0,0,45
6,9,2,3,0,4,1,38,33,156015,13,0,0,40
4,11,2,3,0,4,1,38,38,187411,9,0,0,40
3,15,2,0,5,2,0,38,25,396633,10,0,0,56
3,9,2,3,0,4,1,38,45,182313,13,7688,0,50
7,15,2,14,0,4,1,38,66,260111,10,0,0,40
3,8,4,2,3,4,1,38,30,160634,11,0,0,40
5,8,2,9,5,4,0,38,41,151990,11,0,0,15
0,11,2,0,0,4,1,38,48,188081,9,0,0,40
4,9,2,3,0,4,1,38,41,140365,13,0,1902,55
3,11,2,3,0,4,1,19,35,202950,9,0,0,55
4,9,2,3,0,4,1,38,66,197816,13,10605,0,40
3,9,2,11,0,4,1,38,52,138497,13,0,0,45
3,12,2,9,5,4,0,38,24,57711,14,0,0,35
3,12,2,3,0,4,1,38,40,160369,14,0,2415,45
0,8,2,12,0,4,1,38,29,124953,11,0,0,42
1,9,0,10,1,2,1,38,46,226871,13,0,0,50
3,12,2,2,0,4,1,38,44,267717,14,15024,0,45
3,11,2,0,5,4,0,38,44,134120,9,0,0,40
3,14,4,9,1,4,1,38,33,155781,15,0,0,40
3,12,0,3,1,4,1,38,48,25468,14,99999,0,50
4,11,2,3,0,4,1,38,54,96460,9,7688,0,60
3,7,2,0,0,4,1,38,42,325353,12,7688,0,42
1,15,2,10,0,4,1,38,42,266135,10,0,0,52
6,12,2,3,5,4,0,38,60,194252,14,3103,0,40
3,9,2,9,0,4,1,38,43,63503,13,0,0,40
3,9,0,0,4,4,0,38,45,160647,13,4687,0,35
3,15,2,0,0,4,1,38,28,338376,10,0,0,50
4,12,2,11,0,4,1,38,49,119565,14,0,0,40
1,15,2,10,0,4,1,38,36,171482,10,0,0,56
4,9,2,3,0,4,1,38,40,49249,13,0,0,50
5,9,2,3,0,4,1,38,57,291529,13,4386,0,13
3,15,2,2,0,4,1,38,34,35644,10,0,0,40
1,11,2,0,5,4,0,38,36,188236,9,0,0,40
3,12,2,3,0,4,1,38,40,173590,14,0,0,50
1,11,2,13,0,4,1,38,51,170579,9,0,0,40
3,11,2,2,0,4,1,38,47,169549,9,0,0,40
3,11,2,11,5,4,0,38,24,52242,9,0,0,40
3,15,2,13,0,4,1,38,27,183523,10,0,0,40
0,11,2,0,0,4,1,38,51,140035,9,0,0,40
5,15,2,12,0,4,1,38,40,325159,10,0,0,50
1,11,2,10,0,4,1,38,26,242464,9,3103,0,40
3,9,4,0,1,4,0,38,54,155233,13,14084,0,40
3,12,2,3,0,4,1,38,53,152810,14,0,1977,55
3,14,2,9,0,4,1,38,80,148623,15,0,0,35
3,14,2,9,0,4,1,38,41,320984,15,99999,0,65
7,15,2,14,0,1,1,38,57,403625,10,0,0,60
3,14,4,9,1,4,0,38,40,105794,15,14084,0,50
3,7,2,9,0,4,1,38,42,190290,12,0,0,40
3,11,1,2,5,2,0,38,43,213844,9,0,0,42
1,9,2,3,0,4,1,38,38,201410,13,0,0,40
3,9,2,3,0,4,1,38,28,190525,13,0,0,46
3,9,2,9,0,4,1,38,51,111939,13,0,0,50
3,9,2,3,0,1,1,2,32,331539,13,0,0,50
3,9,2,9,0,4,1,38,32,396745,13,0,2415,48
3,15,2,11,0,4,1,10,37,234901,10,0,0,50
5,11,2,13,0,4,1,38,47,265097,9,0,0,45
3,9,2,11,0,4,1,38,66,169804,13,20051,0,40
3,9,2,3,0,4,1,38,38,58108,13,0,0,50
1,12,4,9,1,4,1,38,52,238959,14,0,0,32
4,15,2,2,0,4,1,38,37,111128,10,0,0,50
6,10,2,9,0,4,1,8,54,312897,16,0,0,46
3,11,4,12,3,1,1,2,34,160261,9,14084,0,35
3,9,2,9,0,4,1,38,66,201197,13,0,0,45
3,8,0,3,1,4,1,38,49,156926,11,0,0,45
4,11,2,11,0,4,1,38,56,165881,9,0,0,50
3,9,2,12,0,4,1,38,58,154950,13,0,0,40
3,9,2,12,0,4,1,38,54,256908,13,0,0,25
7,9,2,14,0,4,1,38,53,199665,13,0,0,30
4,15,2,3,0,4,1,38,41,151089,10,0,2415,55
3,9,0,9,1,4,0,38,43,170525,13,14344,0,40
5,5,2,2,0,4,1,38,57,34297,4,0,0,40
3,12,2,3,0,4,1,38,40,180985,14,0,0,50
3,11,2,3,5,1,0,39,44,159297,9,0,0,40
4,8,2,4,0,4,1,38,39,34180,11,0,0,60
1,15,2,2,0,2,1,38,46,367251,10,0,0,40
4,14,2,9,0,4,1,38,72,172407,15,99999,0,50
0,15,2,5,0,4,1,38,47,220269,10,0,0,40
3,8,2,6,0,4,1,38,36,181382,11,3103,0,40
4,14,2,9,0,4,1,38,39,239755,15,0,1902,50
3,15,2,3,0,4,1,38,33,318982,10,0,0,45
3,1,2,2,0,4,1,38,47,274200,7,7298,0,40
3,9,2,3,0,4,1,38,65,150095,13,0,0,40
5,11,0,3,1,4,1,38,34,28568,9,0,0,60
6,12,2,9,5,1,0,2,40,182460,14,0,0,38
0,12,2,9,0,4,1,38,42,52781,14,0,1902,40
3,1,2,6,0,4,1,38,22,231053,7,0,0,70
4,9,2,3,0,4,1,38,43,198316,13,0,0,50
5,14,2,9,0,4,1,38,54,172898,15,5178,0,50
5,11,2,13,0,4,1,38,51,111939,9,0,0,35
3,12,2,9,0,4,1,38,39,186191,14,0,1848,50
3,15,2,6,0,1,1,38,36,186376,10,0,0,50
3,14,4,3,1,4,1,38,36,184456,15,27828,0,50
3,9,2,11,0,4,1,38,31,201122,13,0,1902,45
3,12,2,9,0,4,1,38,43,150528,14,0,0,40
3,9,2,3,0,2,1,38,48,247895,13,0,0,40
5,9,0,9,1,4,1,38,43,33521,13,0,0,70
7,10,2,14,0,4,1,38,67,129188,16,20051,0,5
3,11,2,2,0,4,1,38,43,182757,9,0,0,40
3,9,2,9,0,4,1,38,36,136343,13,0,0,40
3,15,2,9,0,4,1,38,46,127089,10,5178,0,38
1,12,0,3,4,4,0,38,46,124071,14,0,0,65
0,9,4,10,1,4,0,38,30,295010,13,0,0,60
3,11,2,13,0,4,1,38,27,265314,9,0,0,45
3,11,2,6,0,4,1,30,54,123011,9,0,0,40
3,12,2,9,5,4,0,38,56,357118,14,0,0,40
3,14,2,9,0,4,1,38,42,87284,15,7298,0,35
3,9,2,3,0,4,1,38,46,330087,13,15024,0,45
4,15,2,11,0,4,1,38,49,330874,10,0,0,70
5,9,2,2,0,4,1,38,62,71467,13,0,0,55
3,9,2,3,0,4,1,38,40,88909,13,15024,0,50
3,8,2,9,0,4,1,38,45,341995,11,0,1902,42
1,12,4,3,1,4,0,38,43,209544,14,10520,0,50
5,9,2,9,0,4,1,23,39,343476,13,15024,0,50
0,11,2,0,5,4,0,38,48,167749,9,0,0,40
5,11,0,3,1,1,0,34,37,352882,9,0,0,70
3,9,2,5,3,4,1,38,40,365986,13,0,0,40
3,9,2,12,0,4,1,38,41,106900,13,0,1902,42
5,9,2,3,0,4,1,39,31,145162,13,0,0,60
3,11,2,9,0,4,1,21,68,165017,9,0,0,40
3,12,2,3,0,4,1,38,64,134378,14,0,0,50
6,10,2,3,0,4,1,38,51,454063,16,7298,0,40
6,11,0,10,1,4,1,38,41,365986,9,0,0,40
3,8,2,6,0,4,1,38,28,383322,11,0,0,40
5,11,4,2,1,4,1,38,44,274562,9,14344,0,40
3,6,4,11,1,4,1,38,31,111567,5,0,0,43
1,11,2,2,0,4,1,38,43,198096,9,7688,0,40
4,7,2,2,0,4,1,38,49,44671,12,0,0,40
1,9,2,10,0,4,1,38,41,47858,13,0,0,40
1,15,2,12,0,4,1,38,38,409200,10,0,0,40
3,11,2,2,0,4,1,38,38,40077,9,0,0,50
3,8,2,9,5,4,0,38,32,192039,11,0,0,40
6,9,2,3,0,4,1,38,45,213646,13,7298,0,40
3,11,2,2,0,4,1,38,45,380922,9,0,0,60
0,15,2,0,0,4,1,38,61,136787,10,0,0,40
3,11,2,6,0,4,1,38,32,29933,9,5178,0,40
5,11,2,4,0,4,1,38,50,204402,9,0,0,84
5,9,2,3,5,4,0,38,51,199005,13,0,0,40
3,15,5,11,1,4,1,38,59,140569,10,14084,0,60
3,9,2,11,0,4,1,38,44,125461,13,0,0,40
3,11,2,2,0,4,1,38,48,101299,9,0,0,40
4,9,2,9,0,4,1,38,57,146103,13,0,0,45
1,15,2,10,0,4,1,38,29,383745,10,0,1485,40
1,15,2,10,0,4,1,38,30,182926,10,15024,0,40
1,12,2,9,0,4,1,38,38,223237,14,0,0,40
5,15,2,3,0,4,1,38,46,220832,10,0,0,58
3,9,0,11,1,4,1,38,59,70720,13,0,0,55
5,10,4,9,4,4,0,38,48,181758,16,0,0,60
3,11,2,3,0,4,1,38,33,222221,9,7298,0,45
3,8,2,2,0,4,1,39,38,220237,11,0,0,40
5,9,2,9,0,4,1,38,61,219183,13,0,0,50
4,14,2,9,0,4,1,38,60,336188,15,0,2415,80
3,12,2,3,0,4,1,38,55,197399,14,99999,0,55
4,14,4,9,1,4,1,38,58,112945,15,27828,0,40
3,12,2,9,0,4,1,39,56,98361,14,0,0,40
1,9,2,3,0,2,1,38,46,316205,13,0,0,40
3,11,2,11,0,4,1,38,51,339905,9,7688,0,40
5,15,2,11,0,4,1,25,43,421837,10,7298,0,50
3,9,2,12,0,4,1,38,38,187999,13,0,0,45
3,11,2,2,0,4,1,38,36,231948,9,0,0,64
3,9,4,3,1,4,1,38,29,79387,13,0,0,50
0,15,2,2,0,4,1,38,48,110457,10,0,0,40
3,9,2,3,0,4,1,38,38,172571,13,0,1848,54
3,9,4,9,3,4,1,38,44,203761,13,10520,0,40
1,15,2,10,0,4,1,38,40,188436,10,7298,0,40
6,15,2,2,0,4,1,38,31,176998,10,0,0,35
3,15,2,2,0,4,1,38,57,200316,10,0,0,40
6,7,4,9,1,2,1,38,29,147256,12,0,0,40
3,15,2,3,5,4,0,38,44,105862,10,0,0,70
6,15,2,6,0,2,1,38,65,326691,10,0,0,40
5,12,2,3,0,4,1,38,37,112497,14,0,0,50
5,9,2,11,5,4,0,38,38,114835,13,0,0,60
3,11,2,0,5,4,0,38,32,134886,9,0,0,40
3,12,2,3,0,4,1,38,38,193815,14,0,0,45
5,9,2,3,0,4,1,38,42,101593,13,0,0,60
1,12,2,9,0,4,1,38,47,36169,14,0,0,60
3,9,2,0,0,4,1,38,40,26892,13,0,0,40
3,9,2,9,0,4,1,38,30,185027,13,0,0,40
3,11,2,7,0,2,1,38,37,186434,9,0,0,40
3,11,2,3,0,4,1,38,58,316000,9,0,0,40
3,11,2,13,0,4,1,38,22,374313,9,0,0,50
3,11,2,11,0,4,1,38,30,53285,9,0,0,52
3,7,2,3,0,4,1,38,58,104613,12,0,0,50
3,15,2,9,0,4,1,38,51,204447,10,0,0,45
3,11,2,3,0,4,1,38,43,144778,9,0,0,50
3,11,2,12,0,4,1,38,51,237630,9,7298,0,50
3,11,2,3,0,4,1,38,41,171550,9,0,0,40
3,9,2,9,0,4,1,38,29,67218,13,0,0,40
3,8,4,3,1,4,1,38,33,205152,11,0,0,55
7,11,2,14,0,4,1,38,63,110150,9,0,0,55
7,9,2,14,0,4,1,38,65,249043,13,10605,0,40
3,9,4,3,1,4,1,38,31,72630,13,14084,0,50
6,14,2,9,0,4,1,38,43,345969,15,0,0,50
0,15,2,13,0,4,1,38,45,232997,10,0,0,65
3,15,0,9,1,4,1,38,49,153536,10,14084,0,44
1,11,2,2,0,4,1,38,51,26832,9,0,0,40
3,9,4,9,1,4,0,38,31,188096,13,0,0,72
4,9,2,3,5,4,0,38,48,369522,13,0,0,25
3,11,2,3,0,4,1,38,32,205152,9,3103,0,40
3,10,2,3,5,4,0,38,44,109912,16,15024,0,32
0,9,2,10,0,4,1,38,52,22428,13,0,0,60
3,9,2,9,0,4,1,38,36,173542,13,0,0,40
3,9,2,0,0,4,1,38,39,286026,13,0,0,40
3,11,2,2,0,4,1,38,44,755858,9,0,0,70
3,12,2,9,0,4,1,38,52,127315,14,0,0,40
6,12,2,9,2,3,0,38,39,221059,14,7688,0,38
3,12,2,3,5,4,0,38,48,140782,14,0,1902,38
3,8,2,0,5,2,0,38,37,177285,11,0,0,48
3,11,2,11,0,4,1,38,58,191069,9,0,0,40
3,9,2,3,0,2,1,38,44,523484,13,0,0,40
3,11,2,2,0,4,1,38,59,174864,9,0,1485,45
3,9,2,13,0,4,1,38,42,196029,13,0,0,48
3,8,2,11,0,4,1,38,48,160220,11,0,0,40
5,0,2,11,0,4,1,38,55,141409,6,7688,0,50
5,14,2,11,0,4,1,38,36,186035,15,0,0,30
3,9,5,9,4,1,0,29,39,165235,13,0,0,40
3,9,2,3,0,4,1,38,44,230684,13,7688,0,50
3,12,0,9,1,4,0,38,55,436861,14,14084,0,40
3,12,2,3,0,4,1,38,35,200153,14,0,0,45
3,9,2,9,0,4,1,38,33,162572,13,99999,0,40
4,11,2,0,5,4,0,38,60,376133,9,15024,0,15
3,14,2,9,0,4,1,38,44,119281,15,0,0,50
5,15,2,11,0,4,1,38,73,300404,10,0,0,6
4,11,2,4,0,4,1,38,32,161153,9,0,1902,55
0,12,2,10,0,4,1,38,43,287008,14,0,0,35
3,12,4,9,1,4,1,38,51,165614,14,0,0,55
3,10,2,9,0,4,1,38,58,98725,16,0,0,50
3,9,2,12,0,4,1,38,38,140854,13,0,0,40
3,15,2,3,0,4,1,38,60,142494,10,15024,0,40
3,8,2,6,0,4,1,38,38,194538,11,0,0,48
4,15,2,11,0,4,1,38,37,26698,10,0,1485,44
4,9,2,11,0,4,1,38,38,107909,13,0,0,40
3,11,2,11,0,4,1,38,29,136077,9,0,0,60
5,11,2,2,0,4,1,38,40,93793,9,0,0,50
3,15,2,0,5,4,0,38,29,221977,10,0,0,40
3,11,2,6,0,2,1,38,29,161097,9,0,0,40
3,9,2,0,0,1,1,29,35,160120,13,0,0,40
3,9,0,0,3,4,1,38,48,193775,13,0,0,38
3,1,4,10,1,2,1,38,36,201769,7,13550,0,40
3,9,0,3,1,4,0,38,50,129673,13,0,0,50
3,15,2,2,0,4,1,38,41,225892,10,0,0,48
4,11,2,3,0,4,1,38,79,309272,9,0,0,40
3,9,2,0,0,4,1,38,38,297449,13,7298,0,50
3,9,2,3,0,4,1,8,24,43387,13,0,0,55
3,11,2,13,0,4,1,38,42,99679,9,0,0,60
3,15,2,7,0,4,1,38,31,113543,10,0,0,40
3,15,2,3,0,4,1,38,47,280798,10,0,0,40
3,9,2,3,0,4,1,38,40,197344,13,0,0,65
6,10,2,9,0,4,1,38,53,246820,16,0,0,50
3,11,2,11,0,4,1,38,51,85423,9,0,0,55
5,12,2,2,0,4,1,38,39,336793,14,0,0,55
3,14,2,9,5,4,0,38,36,184112,15,15024,0,45
3,0,2,2,0,4,1,38,51,74660,6,0,0,40
3,11,2,3,0,4,1,38,61,136262,9,0,0,50
1,12,2,9,0,4,1,38,52,108083,14,0,0,50
6,12,2,9,0,4,1,38,33,400943,14,0,0,50
3,11,0,13,1,4,0,38,35,187053,9,0,0,60
3,11,2,6,0,2,1,38,47,250170,9,0,0,40
3,11,2,2,0,4,1,38,36,225399,9,7298,0,40
6,10,2,9,0,4,1,10,52,254285,16,0,1887,70
4,11,2,3,0,4,1,38,39,336226,9,3103,0,60
3,9,2,0,0,4,1,38,43,240698,13,0,0,40
3,9,4,9,3,4,0,38,36,411797,13,0,0,35
3,12,2,3,0,4,1,38,43,258049,14,7688,0,53
6,9,2,3,0,4,1,38,50,24185,13,0,0,38
3,12,2,9,0,4,1,38,44,106900,14,0,0,44
3,8,0,9,1,4,1,38,36,211022,11,0,0,40
4,9,2,11,0,4,1,38,36,77146,13,15024,0,45
3,9,2,12,0,4,1,38,48,125892,13,0,0,40
3,9,2,11,0,4,1,38,52,180195,13,0,0,40
3,15,0,0,1,4,0,38,35,49749,10,0,0,40
3,10,2,3,0,4,1,38,45,201865,16,0,0,45
3,2,2,13,0,4,1,38,39,322143,8,15024,0,70
5,9,0,7,4,1,0,34,46,275625,13,0,0,60
3,15,2,2,0,4,1,38,50,338283,10,0,0,40
1,9,2,9,5,4,0,38,30,181372,13,0,0,33
3,9,2,0,0,4,1,38,48,155664,13,0,0,35
3,11,5,3,1,4,1,38,39,174924,9,14344,0,40
0,9,2,3,0,4,1,38,46,207022,13,7688,0,40
1,12,2,9,0,4,1,38,51,123011,14,0,1977,35
4,7,2,11,0,4,1,38,40,182437,12,15024,0,50
1,8,2,3,0,4,1,38,37,212005,11,0,0,40
1,9,2,10,0,4,1,38,60,138502,13,7298,0,48
3,9,2,11,0,4,1,38,62,664366,13,0,0,60
3,9,2,11,0,4,1,38,38,278557,13,0,0,50
3,11,2,3,0,4,1,38,52,117674,9,0,0,55
4,9,0,11,1,4,1,38,62,245491,13,99999,0,40
5,7,2,11,0,4,1,38,51,276456,12,3103,0,30
4,11,2,2,0,4,1,38,45,120131,9,0,0,50
4,15,0,11,3,4,1,38,44,456236,10,0,0,45
1,12,2,9,0,4,1,38,43,36924,14,0,0,40
3,15,0,3,1,4,1,38,49,149049,10,14344,0,45
3,9,2,11,0,4,1,38,35,178322,13,0,0,40
3,11,2,0,0,4,1,38,54,203635,9,7298,0,60
3,15,2,6,0,4,1,38,41,274363,10,7298,0,42
4,15,2,3,0,4,1,38,51,338836,10,0,0,40
3,9,4,3,1,4,0,38,31,158162,13,13550,0,50
3,1,2,7,0,2,1,38,46,241935,7,7688,0,40
5,10,4,9,1,4,1,38,33,196342,16,0,0,45
3,15,2,7,5,4,0,8,43,339767,10,0,0,20
1,9,2,9,5,4,0,38,50,124076,13,0,0,40
3,9,4,11,3,4,1,38,34,134737,13,0,0,40
3,9,2,9,0,4,1,38,53,135840,13,0,0,55
3,9,2,3,0,4,1,39,38,81232,13,0,0,40
1,11,2,13,0,4,1,38,57,170066,9,0,0,25
3,9,2,9,5,4,0,38,28,114158,13,0,1977,24
3,12,4,9,1,4,0,38,40,222011,14,0,0,45
3,15,2,3,0,4,1,38,43,191196,10,0,0,55
3,12,2,3,0,4,1,38,38,169104,14,0,0,60
3,12,0,3,1,4,1,38,38,153066,14,0,0,45
0,15,2,9,5,4,0,38,43,192712,10,0,0,40
3,10,4,9,1,4,0,10,28,606111,16,0,0,60
3,8,4,0,1,4,1,38,36,33983,11,0,0,42
4,9,2,3,0,4,1,25,65,172684,13,0,0,44
0,15,2,0,0,4,1,38,53,170354,10,0,0,40
3,11,2,11,0,4,1,38,54,28518,9,0,0,50
3,11,2,13,0,4,1,38,59,175942,9,0,0,45
5,15,2,2,0,4,1,38,47,228660,10,0,1977,40
3,8,2,12,5,4,0,38,37,233571,11,0,0,37
3,15,2,11,0,4,1,38,49,84298,10,7688,0,40
3,9,2,9,0,4,1,38,39,206951,13,0,0,40
3,9,2,10,0,4,1,38,55,377061,13,0,0,40
3,12,2,3,0,4,1,35,31,279015,14,0,2415,70
3,12,4,3,1,4,0,38,53,341439,14,0,0,60
3,9,0,3,1,4,0,17,60,114263,13,0,0,40
3,9,4,3,1,4,1,38,37,271767,13,0,0,48
3,15,2,0,0,4,1,38,51,90363,10,15024,0,40
3,9,2,12,0,4,1,38,25,161027,13,5178,0,40
3,15,2,2,0,4,1,38,44,74680,10,5178,0,50
4,10,2,9,0,4,1,38,52,334273,16,99999,0,65
1,15,5,10,1,4,1,38,59,212600,10,0,0,40
3,9,2,9,0,4,1,38,32,204742,13,0,0,40
5,7,2,11,0,4,1,38,54,392286,12,0,0,50
3,15,2,6,0,2,1,38,41,267252,10,0,1902,40
6,10,2,9,0,4,1,38,60,165827,16,7688,0,60
3,9,2,3,0,4,1,38,38,87556,13,7688,0,55
3,10,0,3,1,4,0,38,53,82646,16,0,0,55
3,9,6,3,1,4,1,38,62,103344,13,10520,0,50
5,14,2,9,0,4,1,38,35,97277,15,0,0,65
3,9,2,9,0,4,1,38,52,146711,13,0,0,50
3,12,2,11,0,4,1,38,31,156743,14,0,0,76
3,12,2,9,0,4,1,38,46,144351,14,0,0,40
5,12,2,12,0,4,1,38,57,103529,14,0,0,38
3,12,2,3,0,4,1,38,32,348152,14,0,0,40
0,9,2,9,0,4,1,38,46,341762,13,7688,0,45
5,9,3,9,1,4,0,38,56,110238,13,0,0,40
3,9,1,9,5,4,0,38,24,188505,13,0,0,40
4,11,2,3,0,4,1,38,40,57233,9,0,0,60
3,11,2,6,0,4,1,38,39,195253,9,0,0,40
1,11,2,10,0,4,1,38,49,202467,9,0,0,40
3,11,2,0,0,4,1,38,44,167005,9,0,0,48
3,12,2,9,0,4,1,38,51,108435,14,0,0,47
1,11,2,10,0,4,1,38,45,304973,9,0,0,78
3,12,2,3,0,4,1,8,45,101452,14,15024,0,60
3,9,4,11,1,4,1,38,35,188888,13,0,0,40
3,15,2,2,0,4,1,38,59,98361,10,0,0,40
3,9,2,3,0,4,1,38,47,144351,13,0,0,45
3,12,2,3,0,4,1,38,51,338620,14,15024,0,60
3,8,2,3,0,4,1,38,62,210142,11,0,0,50
1,7,2,10,0,4,1,38,47,352614,12,0,0,40
3,9,2,3,0,4,1,38,46,428405,13,0,0,40
3,9,2,3,0,4,1,38,48,105838,13,0,0,45
4,15,2,12,0,4,1,38,57,106103,10,0,0,60
4,9,2,3,0,4,1,38,31,114937,13,0,0,55
3,15,2,13,0,2,1,38,33,287908,10,0,0,50
3,9,2,11,0,4,1,38,47,162034,13,0,0,60
3,10,2,9,0,4,1,38,30,186932,16,5178,0,75
3,11,2,2,0,4,1,38,31,113364,9,0,0,40
5,9,2,3,5,4,0,38,31,325355,13,0,1902,40
6,11,2,0,5,4,0,38,47,100818,9,0,0,40
3,11,2,2,0,4,1,38,48,182211,9,0,0,44
3,9,2,9,0,4,1,38,37,241174,13,0,0,99
3,7,2,11,0,4,1,38,38,168496,12,0,0,50
4,15,2,3,0,1,1,34,30,173858,10,0,1902,40
3,9,4,9,1,4,1,38,32,207201,13,0,0,45
3,8,2,3,5,4,0,38,42,175943,11,7298,0,35
3,11,2,2,0,4,1,39,42,236021,9,0,0,40
3,15,2,9,0,4,1,38,61,115023,10,0,0,50
3,15,2,3,5,4,0,38,41,352812,10,0,1902,40
3,9,2,9,0,4,1,38,49,54260,13,0,0,40
3,9,2,3,0,4,1,38,45,233511,13,0,1977,60
3,14,2,9,0,4,1,38,58,172618,15,0,0,45
3,9,2,9,0,4,1,38,36,174717,13,7688,0,40
3,11,6,0,1,4,0,10,67,224984,9,15831,0,16
3,10,2,9,0,4,1,38,61,423297,16,0,0,40
3,11,2,11,0,4,1,38,47,339863,9,0,0,45
3,9,4,11,1,4,1,38,27,178778,13,0,0,80
0,11,2,2,0,4,1,38,39,382859,9,0,0,40
3,9,2,12,0,4,1,38,47,149700,13,15024,0,40
3,9,2,3,0,4,1,38,49,62546,13,0,0,40
3,15,0,11,4,4,0,38,43,142444,10,0,0,55
4,15,2,9,5,4,0,39,45,121836,10,0,0,40
3,11,2,3,5,4,0,38,46,202560,9,0,0,40
3,9,2,2,0,4,1,38,59,153484,13,15024,0,50
4,12,2,11,0,4,1,38,50,240374,14,0,0,40
3,12,2,3,0,4,1,38,43,456236,14,0,0,50
3,14,2,3,0,4,1,38,41,166662,15,0,0,50
3,11,2,7,0,4,1,38,39,167482,9,0,0,60
3,12,2,11,0,4,1,38,45,189792,14,0,0,40
3,9,2,9,0,4,1,38,40,104196,13,0,1887,40
4,9,2,11,0,4,1,38,53,148532,13,0,0,60
1,9,4,12,1,2,1,38,33,281784,13,0,1564,52
4,11,2,11,0,4,1,38,46,170850,9,0,0,50
6,1,6,7,4,4,0,38,61,159908,7,0,0,32
5,14,2,9,0,4,1,38,75,309955,15,0,2174,50
1,9,2,9,5,4,0,38,40,63042,13,0,0,40
7,9,2,14,0,4,1,38,61,116230,13,0,0,40
3,9,2,3,5,4,0,38,28,191088,13,0,0,40
3,7,2,9,5,2,0,38,47,162741,12,15024,0,40
3,9,2,3,0,4,1,38,32,103860,13,0,0,50
1,12,2,9,5,4,0,38,45,159816,14,0,1977,35
3,15,2,12,0,4,1,38,51,96586,10,0,0,40
5,12,2,3,0,4,1,25,48,379883,14,0,0,40
3,7,2,3,0,4,1,38,32,125856,12,0,0,60
3,9,2,3,0,4,1,38,50,124963,13,99999,0,55
3,9,4,9,3,4,0,38,28,190067,13,0,1564,40
3,15,2,12,0,4,1,38,59,246262,10,0,0,40
1,14,2,9,0,4,1,38,37,265038,15,0,0,60
3,9,2,11,0,2,1,38,48,182566,13,0,0,40
3,11,2,3,0,4,1,38,41,208470,9,0,0,40
3,9,2,3,0,4,1,38,62,167098,13,0,0,40
3,9,2,11,0,4,1,38,28,191355,13,0,0,45
3,9,2,6,0,4,1,38,27,31659,13,0,1887,60
6,11,2,3,0,4,1,38,42,83411,9,0,0,40
3,8,2,2,0,4,1,38,60,40856,11,0,0,46
3,12,2,9,0,4,1,38,58,115605,14,0,0,50
3,15,2,2,0,4,1,38,50,172511,10,0,0,40
3,11,2,6,0,4,1,38,36,184659,9,0,0,40
3,12,2,3,0,1,1,16,35,320451,14,0,0,65
3,8,0,2,4,4,1,38,40,124520,11,0,0,50
3,9,2,2,0,4,1,38,45,26502,13,0,0,72
3,9,2,3,0,4,1,38,50,211319,13,7298,0,50
4,15,0,3,1,4,1,38,52,415037,10,0,0,65
0,14,2,9,0,4,1,38,46,102308,15,15024,0,50
3,9,2,9,0,4,1,8,38,40955,13,0,0,40
0,12,2,0,0,4,1,21,62,258124,14,0,0,40
3,9,2,3,0,2,1,38,31,467579,13,0,1887,40
3,9,2,2,0,4,1,38,31,145139,13,0,0,40
1,12,2,9,0,4,1,38,45,188823,14,0,0,50
3,8,2,3,0,4,1,38,43,26915,11,0,0,45
3,12,2,9,0,4,1,38,48,109832,14,0,1902,40
4,9,2,11,0,1,1,39,39,116358,13,7688,0,40
4,10,2,9,0,2,1,38,49,94606,16,0,0,60
5,1,4,2,1,4,1,38,30,455995,7,0,0,45
3,9,4,0,1,4,1,38,25,198986,13,0,0,40
3,11,2,3,0,4,1,38,62,162825,9,0,0,40
3,7,2,3,0,4,1,38,37,125933,12,7688,0,50
6,10,2,9,0,4,1,38,38,104280,16,0,0,55
4,11,2,11,0,4,1,38,41,223671,9,0,1887,55
4,11,2,11,0,2,1,38,28,201186,9,99999,0,40
3,9,2,3,0,4,1,38,32,37210,13,0,0,45
0,7,2,7,0,4,1,38,52,291096,12,7298,0,40
3,8,2,9,0,4,1,38,47,408788,11,0,0,40
4,10,0,3,1,4,1,38,53,42924,16,14084,0,50
3,9,2,11,0,4,1,38,31,181091,13,0,0,40
0,9,2,9,0,4,1,38,49,128990,13,0,0,40
3,11,2,13,0,4,1,38,47,268022,9,0,0,55
1,12,0,9,1,4,1,38,59,176118,14,0,0,40
6,12,2,3,0,4,1,38,53,123011,14,0,0,60
1,11,2,0,5,1,0,2,36,130620,9,0,0,40
3,9,2,11,0,4,1,38,35,81232,13,15024,0,50
3,9,3,9,2,1,0,29,48,114561,13,0,0,36
3,15,2,0,0,4,1,38,39,33983,10,15024,0,40
5,9,2,11,0,4,1,38,52,194995,13,15024,0,55
3,11,2,2,0,4,1,38,48,155664,9,7688,0,70
0,10,5,9,4,2,0,38,43,211763,16,0,0,24
3,14,2,9,0,4,1,38,47,370119,15,0,0,50
3,11,2,13,0,4,1,38,41,174575,9,0,1887,45
3,11,4,3,1,4,1,8,44,207685,9,0,1564,55
4,7,2,9,0,4,1,38,45,84324,12,0,0,50
5,11,2,11,0,4,1,38,58,143731,9,0,0,72
3,9,2,9,5,4,0,38,38,266325,13,0,0,32
0,14,2,9,0,4,1,38,32,42900,15,15024,0,50
3,15,2,2,0,4,1,38,52,284329,10,0,0,45
3,11,2,2,5,4,0,38,44,92649,9,0,0,40
3,11,2,2,0,4,1,38,53,290688,9,0,0,52
3,12,4,9,1,4,1,38,43,427382,14,0,0,50
6,10,2,9,0,4,1,38,60,234854,16,0,1902,40
3,1,2,13,0,4,1,30,25,120238,7,5178,0,40
1,12,2,9,0,2,1,38,46,125457,14,0,0,38
3,15,2,11,0,4,1,38,32,185027,10,0,0,40
5,15,2,11,0,4,1,38,68,211584,10,0,0,40
7,5,2,14,0,4,1,38,62,160155,4,6418,0,40
5,8,2,2,0,4,1,38,57,24473,11,0,0,40
3,8,2,3,0,4,1,38,36,272944,11,0,0,60
3,11,2,2,0,4,1,38,58,314153,9,0,0,40
3,11,2,0,0,4,1,38,59,113959,9,0,0,45
3,14,2,9,0,4,1,38,40,166662,15,15024,0,45
3,9,2,9,0,4,1,38,56,345730,13,0,0,45
3,7,4,0,1,4,0,38,35,252897,12,14344,0,40
3,5,2,11,0,4,1,38,73,26248,4,0,0,30
3,9,2,3,5,4,0,8,90,88991,13,0,0,40
1,0,2,5,0,4,1,38,42,180985,6,99999,0,40
3,9,0,11,1,0,1,38,34,34862,13,0,1564,60
3,12,2,9,0,4,1,38,56,110003,14,0,0,40
5,7,2,0,5,4,0,38,25,136450,12,0,0,35
3,9,2,11,0,4,1,38,35,61343,13,0,0,40
3,15,2,9,0,4,1,38,30,157778,10,0,0,25
3,15,2,12,0,4,1,38,42,228320,10,0,0,50
3,9,2,3,0,4,1,39,52,266138,13,0,0,40
6,10,5,9,4,4,0,38,43,222978,16,0,0,40
3,9,2,3,0,4,1,38,60,131681,13,0,0,50
6,10,4,3,1,4,0,38,54,188809,16,0,0,50
3,14,2,9,0,4,1,38,41,268183,15,0,0,45
3,11,2,13,0,4,1,38,51,392286,9,0,0,40
3,15,2,2,0,4,1,38,59,233312,10,0,0,40
1,9,2,9,0,4,1,38,47,198660,13,0,0,40
3,11,5,7,4,4,0,31,24,82847,9,0,0,50
3,15,2,11,0,4,1,38,38,275223,10,7298,0,40
5,15,2,3,0,4,1,38,63,179981,10,0,0,60
3,11,2,5,0,4,1,38,39,207568,9,0,0,48
0,15,2,3,0,2,1,38,41,371382,10,0,0,40
3,15,2,9,0,4,1,38,27,221366,10,3103,0,50
7,11,0,14,1,4,1,38,64,159938,9,8614,0,40
3,9,4,11,1,4,1,38,46,192779,13,0,0,45
3,7,2,3,0,2,1,18,41,207578,12,0,0,50
3,11,2,2,0,4,1,38,55,314592,9,0,0,40
5,9,2,3,0,1,1,38,38,93206,13,0,1902,65
3,15,2,2,0,4,1,38,37,287031,10,5178,0,75
3,11,2,0,5,4,0,38,37,99151,9,0,0,40
1,15,2,0,0,4,1,38,45,311080,10,0,0,40
5,11,4,2,1,4,1,38,29,389857,9,0,0,50
3,11,6,11,1,4,0,38,58,118303,9,0,0,35
4,15,2,11,0,4,1,38,53,290640,10,0,0,50
3,11,2,13,0,4,1,38,51,175246,9,0,0,50
3,12,2,11,0,4,1,38,59,159724,14,7298,0,55
6,11,4,10,1,4,1,38,42,160369,9,0,0,40
3,15,2,9,0,4,1,38,27,155057,10,0,0,50
3,9,2,9,0,4,1,38,35,107125,13,0,0,16
3,12,2,3,0,4,1,39,51,145714,14,99999,0,50
6,15,2,0,5,4,0,38,41,293485,10,3103,0,40
6,9,2,9,5,4,0,38,58,223400,13,0,0,20
1,9,2,9,5,4,0,38,59,102442,13,0,0,45
3,9,2,3,0,4,1,38,31,236599,13,0,0,45
3,15,0,5,1,4,1,38,39,30673,10,0,0,50
3,9,2,9,0,4,1,38,43,111895,13,0,0,50
3,12,2,9,0,4,1,38,54,117674,14,0,0,40
3,11,2,13,0,4,1,38,41,207578,9,0,0,40
7,15,2,14,0,2,1,38,62,55621,10,0,0,35
3,11,2,2,0,4,1,38,50,31621,9,0,0,40
5,15,2,4,0,4,1,38,58,43221,10,0,2415,40
7,11,2,14,5,4,0,38,46,202560,9,0,0,40
3,12,4,11,1,4,1,38,39,150057,14,0,0,50
4,15,2,11,0,4,1,38,57,244605,10,0,0,50
3,11,2,3,0,2,1,38,50,150876,9,0,1887,55
3,11,2,11,0,4,1,38,47,329144,9,4386,0,45
3,9,4,9,1,4,1,38,37,116960,13,0,0,45
3,9,0,3,4,4,0,38,39,47871,13,0,0,50
3,15,4,6,1,4,1,8,34,295922,10,0,0,40
3,9,2,9,0,4,1,38,42,190179,13,99999,0,40
5,14,2,9,0,4,1,38,39,202027,15,0,1977,50
3,12,2,9,0,4,1,38,36,202662,14,0,0,40
3,15,2,5,0,2,1,38,37,360743,10,0,0,40
3,11,2,2,0,4,1,38,56,145574,9,0,0,40
3,9,2,3,0,4,1,38,58,310320,13,0,0,40
3,9,4,3,1,4,1,38,39,255503,13,0,0,40
3,9,2,9,0,4,1,38,41,352834,13,7688,0,55
3,15,2,6,0,4,1,38,36,99146,10,0,1887,40
3,15,2,2,0,4,1,38,30,231413,10,0,0,40
3,15,2,3,5,4,0,38,51,189762,10,0,0,15
3,9,2,3,0,4,1,38,36,175759,13,7298,0,50
3,6,2,2,0,2,1,38,57,136107,5,0,0,40
3,11,2,2,0,4,1,38,54,210736,9,0,0,40
3,11,2,6,0,2,1,38,52,358554,9,0,0,40
3,15,2,2,0,4,1,38,56,32446,10,0,0,40
3,8,0,3,1,4,1,38,28,119793,11,10520,0,50
4,14,2,9,0,4,1,38,35,135436,15,0,0,50
3,11,2,3,5,4,0,38,61,170262,9,15024,0,38
5,9,2,2,0,4,1,38,43,130126,13,0,0,40
3,9,2,3,0,4,1,38,56,161662,13,0,0,42
4,7,2,3,0,4,1,38,45,122206,12,0,0,50
5,14,2,9,0,4,1,38,36,408427,15,0,0,60
5,14,2,9,0,4,1,38,50,198581,15,0,0,50
3,15,0,9,1,2,1,10,34,103408,10,0,0,40
3,11,2,3,0,4,1,38,38,108726,9,0,0,40
3,11,2,0,5,4,0,38,31,180551,9,0,0,40
5,7,2,11,0,4,1,38,51,176240,12,0,0,40
3,2,2,9,0,4,1,38,56,70720,8,0,0,40
3,15,2,2,0,4,1,38,50,283676,10,0,0,40
3,11,2,6,0,4,1,38,38,117802,9,0,0,65
3,12,0,3,3,4,0,38,33,168981,14,14084,0,50
3,15,2,12,0,4,1,38,34,55176,10,0,0,40
3,11,2,0,5,2,0,38,27,169117,9,0,1887,40
3,9,2,3,0,4,1,38,52,236497,13,0,0,48
3,15,2,11,0,4,1,38,46,190115,10,0,1887,40
3,9,2,3,0,1,1,29,50,171225,13,0,0,40
0,8,2,2,0,2,1,38,44,201435,11,0,0,40
3,11,2,0,5,4,0,38,39,123945,9,0,0,40
3,15,2,3,5,4,0,38,53,346754,10,0,0,40
3,11,6,3,1,4,0,38,68,186350,9,0,0,10
3,9,2,11,0,4,1,38,54,249322,13,7688,0,50
3,15,2,5,0,4,1,4,67,264095,10,9386,0,24
1,7,2,10,0,4,1,38,48,407495,12,0,0,56
3,9,0,3,1,4,0,38,32,270968,13,0,0,50
3,9,2,3,0,4,1,38,57,127728,13,15024,0,50
7,10,4,14,1,4,1,38,51,172175,16,0,2824,40
3,9,2,3,0,4,1,38,40,79531,13,0,0,75
5,9,2,11,0,4,1,38,45,33234,13,0,0,40
3,11,2,6,0,4,1,38,47,168337,9,0,0,48
3,9,2,11,0,4,1,1,39,230329,13,0,0,40
4,14,2,9,0,4,1,38,50,158294,15,99999,0,80
3,9,2,12,0,4,1,38,35,105138,13,0,0,40
6,11,2,3,0,4,1,38,57,254949,9,0,0,40
5,8,4,3,1,4,1,38,59,140957,11,0,0,35
3,8,2,5,0,4,1,38,32,169589,11,0,0,40
3,9,2,9,0,4,1,38,55,198145,13,7298,0,40
3,9,2,3,0,4,1,38,43,145441,13,0,0,38
6,12,2,9,0,4,1,38,48,212954,14,15024,0,40
5,15,4,3,1,4,1,38,27,114225,10,0,0,60
1,11,2,13,0,2,1,38,41,183009,9,0,0,40
5,14,2,9,0,4,1,38,54,83311,15,0,0,30
4,10,2,9,0,4,1,38,42,443508,16,0,0,45
3,9,2,13,0,4,1,38,46,155890,13,0,0,40
3,15,2,13,0,4,1,38,22,401451,10,0,0,48
5,9,2,3,0,4,1,38,58,35551,13,0,0,70
3,12,2,11,0,4,1,38,51,221672,14,15024,0,50
3,10,2,9,0,4,1,39,52,178983,16,0,0,40
3,10,2,9,0,4,1,38,34,418020,16,0,0,50
3,15,0,2,1,4,1,38,45,148549,10,27828,0,56
3,11,2,0,0,4,1,38,49,236586,9,0,0,40
7,11,2,14,0,4,1,38,79,163140,9,0,0,40
4,15,2,3,0,4,1,38,46,326048,10,0,0,40
3,9,2,9,0,4,1,38,36,226947,13,0,0,40
5,14,2,9,0,4,1,38,62,162347,15,0,0,15
3,11,2,2,0,4,1,38,40,408717,9,0,0,40
3,9,2,0,5,4,0,38,31,240283,13,0,0,40
1,11,2,7,0,1,1,38,64,84737,9,0,0,35
4,15,2,2,0,1,1,38,49,86701,10,0,0,56
3,9,2,9,0,4,1,38,44,192381,13,0,1848,40
5,9,2,9,0,4,1,38,70,36311,13,20051,0,35
5,11,2,3,0,4,1,38,61,215591,9,0,1887,40
3,11,2,6,0,4,1,38,47,188081,9,0,0,40
6,9,2,9,0,4,1,38,33,121245,13,0,0,60
1,9,2,10,0,2,1,38,40,166893,13,0,0,40
5,5,2,4,0,4,1,38,73,102510,4,6418,0,99
3,9,2,11,0,4,1,38,40,240504,13,0,0,45
3,9,2,3,0,4,1,38,39,218490,13,0,1977,40
3,12,4,0,1,4,1,38,36,175360,14,13550,0,50
0,9,0,3,4,2,0,38,53,105788,13,0,0,50
1,15,0,13,1,4,1,38,42,248476,10,0,0,65
5,14,2,9,0,4,1,4,37,265266,15,0,0,40
3,9,2,3,0,4,1,38,27,112754,13,0,1485,60
5,12,6,3,4,4,0,39,48,162236,14,0,0,40
1,12,2,9,0,4,1,38,60,204062,14,0,0,48
3,8,2,2,0,4,1,38,44,79531,11,0,0,40
1,9,2,9,0,4,1,38,39,132879,13,0,1887,40
1,9,2,10,0,1,1,29,38,169104,13,0,0,40
3,15,2,13,0,4,1,38,51,171409,10,0,0,40
5,10,2,9,0,4,1,38,34,319165,16,0,0,50
3,15,2,2,0,4,1,38,41,156566,10,0,0,40
3,9,2,11,0,4,1,38,35,140564,13,0,0,40
4,14,2,9,0,4,1,38,45,151584,15,0,0,35
5,7,2,13,0,4,1,38,37,348960,12,0,0,50
3,11,2,13,0,4,1,38,47,168232,9,0,1887,45
4,7,2,3,0,4,1,38,47,201699,12,0,0,50
3,15,2,2,0,1,1,29,38,193961,10,0,0,40
4,9,2,3,0,4,1,38,78,385242,13,9386,0,45
3,11,2,2,0,4,1,38,46,235646,9,0,0,40
3,8,2,9,0,4,1,38,40,123306,11,0,0,40
3,15,2,3,0,4,1,38,59,38573,10,0,0,40
1,9,2,7,0,4,1,38,31,47276,13,0,0,38
5,15,2,5,0,4,1,38,42,162758,10,0,0,56
3,11,2,2,0,4,1,38,55,213615,9,0,0,40
5,15,0,3,1,4,1,38,61,392694,10,0,0,50
4,9,2,9,0,4,1,21,50,123429,13,0,0,45
3,12,2,9,0,4,1,38,53,254285,14,0,0,40
3,11,2,6,0,2,1,38,37,238311,9,0,0,36
3,12,2,3,0,4,1,38,49,281647,14,0,0,45
3,15,2,6,0,4,1,38,30,75167,10,0,0,40
5,12,2,9,0,4,1,38,55,248841,14,0,1977,40
3,12,2,3,0,4,1,38,37,112497,14,0,0,40
3,15,2,11,0,4,1,38,28,147560,10,0,1902,55
3,9,2,2,0,1,1,23,45,77085,13,0,0,40
4,10,2,9,0,4,1,38,41,495061,16,99999,0,70
3,9,4,0,1,4,1,38,33,129707,13,0,0,60
3,9,3,9,1,4,1,38,52,89041,13,0,0,30
3,12,2,9,0,4,1,38,42,384236,14,7688,0,40
0,15,2,3,0,4,1,38,43,214541,10,0,0,40
3,0,2,2,0,4,1,38,38,383239,6,3103,0,40
3,9,2,11,0,4,1,38,28,70034,13,0,0,45
3,11,2,3,0,4,1,38,55,106740,9,0,0,40
3,9,2,9,0,4,1,38,31,19302,13,0,0,40
3,12,2,3,0,1,1,18,43,242968,14,0,0,40
3,9,2,13,0,4,1,38,45,301802,13,0,0,50
3,7,2,9,0,4,1,38,44,157217,12,0,0,40
4,10,2,3,0,4,1,38,64,59145,16,0,1902,60
1,9,2,10,0,4,1,38,30,159773,13,0,0,45
3,9,2,9,0,4,1,38,51,118793,13,0,0,70
3,8,2,3,0,4,1,38,48,83444,11,0,0,43
4,9,2,11,0,4,1,38,37,30529,13,0,2415,50
1,12,2,9,0,4,1,38,39,203482,14,7298,0,40
0,11,2,12,0,4,1,38,41,355918,9,0,0,40
3,11,2,6,0,4,1,38,45,168262,9,0,1887,40
3,9,4,9,1,4,1,38,29,211482,13,0,0,50
7,9,2,14,5,4,0,38,31,85077,13,0,1902,20
1,9,2,9,5,4,0,38,46,180010,13,0,0,40
6,11,2,12,5,4,0,38,55,153451,9,0,1887,40
5,11,2,2,0,4,1,38,48,383384,9,0,0,40
6,9,2,3,0,4,1,38,44,175696,13,0,0,40
3,9,2,3,0,4,1,38,49,224393,13,0,0,55
3,11,2,2,0,4,1,38,42,192381,9,0,0,40
3,1,4,2,1,0,1,38,32,95885,7,13550,0,60
3,9,6,9,4,4,0,30,39,225330,13,0,0,50
3,5,6,3,1,4,1,38,71,196610,4,6097,0,40
5,12,2,11,0,1,1,39,35,193260,14,0,0,40
3,9,4,11,1,4,1,38,42,54202,13,10520,0,50
3,8,2,12,0,4,1,38,51,163948,11,0,0,40
3,9,2,3,0,4,1,38,53,288353,13,0,0,40
3,15,2,7,0,4,1,38,48,121124,10,0,0,40
3,11,2,3,0,4,1,38,40,219266,9,7688,0,50
0,9,2,0,0,4,1,38,40,121012,13,7298,0,48
3,7,2,12,0,4,1,38,32,286689,12,0,0,42
0,9,2,3,0,4,1,38,58,208640,13,0,0,40
5,12,2,3,0,4,1,38,37,120130,14,0,0,60
4,10,2,9,0,4,1,38,29,241431,16,0,0,35
0,9,2,9,0,4,1,38,30,314310,13,0,0,40
3,12,2,3,0,4,1,6,37,221850,14,0,0,50
3,9,2,3,5,4,0,38,42,240628,13,0,0,40
3,9,2,3,0,2,1,38,34,318641,13,0,0,45
3,9,2,12,0,4,1,38,39,129150,13,0,0,50
3,8,2,7,0,1,1,18,41,143003,11,7298,0,60
5,9,2,2,0,1,1,34,34,198664,13,15024,0,70
3,15,2,13,0,4,1,38,38,257250,10,7298,0,60
3,9,2,11,0,4,1,38,43,293176,13,0,0,40
1,9,2,9,0,4,1,38,40,163725,13,7688,0,40
3,7,2,9,0,4,1,38,36,203482,12,0,0,40
3,8,2,9,5,4,0,38,25,99126,11,7688,0,40
3,9,2,3,0,4,1,38,62,109190,13,15024,0,40
3,7,2,11,0,4,1,38,44,184105,12,4386,0,40
3,15,2,3,0,4,1,38,62,71751,10,0,1977,98
3,9,2,3,0,4,1,38,28,176683,13,5178,0,50
1,12,2,9,5,4,0,38,45,209482,14,0,0,45
3,15,2,13,0,4,1,38,44,214242,10,0,0,50
3,9,2,3,0,4,1,38,46,79874,13,0,0,53
5,9,2,3,0,4,1,38,66,104576,13,0,0,8
3,11,2,2,0,4,1,38,29,204984,9,0,0,40
3,12,2,11,0,4,1,38,54,57758,14,0,0,68
3,9,0,11,1,4,1,38,40,175935,13,14084,0,40
3,12,2,9,0,4,1,38,50,104501,14,0,0,40
1,9,2,9,5,4,0,38,37,593246,13,0,0,50
5,10,4,9,1,4,1,38,39,164593,16,4787,0,40
3,12,2,9,0,4,1,38,42,145711,14,0,1902,50
3,15,2,11,0,4,1,38,43,358199,10,3103,0,40
3,9,2,0,0,4,1,38,42,219591,13,0,0,55
1,9,2,9,5,4,0,38,53,205005,13,0,0,60
3,9,2,11,0,4,1,38,41,206948,13,0,0,40
3,9,2,11,0,4,1,38,36,143486,13,0,0,40
4,12,2,4,0,4,1,38,42,27187,14,0,0,60
3,14,2,3,0,4,1,38,42,252518,15,15024,0,40
3,15,2,0,0,4,1,38,41,279914,10,0,0,45
4,11,6,11,1,4,1,38,78,237294,9,0,0,45
3,8,2,12,5,4,0,38,43,112181,11,0,1902,32
3,9,2,11,0,4,1,38,32,209691,13,0,0,42
3,11,2,2,0,4,1,38,50,215990,9,0,0,40
4,15,2,11,0,4,1,38,61,139391,10,0,1902,35
3,12,0,3,4,4,1,38,45,187370,14,7430,0,70
3,12,2,9,0,4,1,38,31,473133,14,5178,0,40
5,11,4,3,1,2,1,38,60,205246,9,0,2559,50
3,7,4,3,1,4,1,38,28,201954,12,0,0,65
3,11,2,2,0,4,1,38,49,124672,9,0,0,40
3,11,2,11,0,4,1,38,37,223433,9,0,0,40
4,9,2,11,0,4,1,38,54,108435,13,0,0,50
3,11,2,2,0,4,1,38,35,241998,9,0,0,40
3,11,2,13,0,4,1,38,34,94413,9,0,0,40
3,9,2,3,0,4,1,38,33,392812,13,0,0,45
3,11,2,12,0,4,1,38,53,104879,9,0,0,40
3,9,2,11,0,1,1,34,49,137192,13,0,1977,50
3,15,2,3,0,4,1,38,51,259363,10,0,0,60
5,9,2,3,0,4,1,38,44,201742,13,0,2415,50
3,15,2,2,0,4,1,38,37,176967,10,0,0,50
3,15,2,13,0,4,1,38,54,284129,10,0,0,45
0,14,2,9,5,4,0,38,33,37546,15,0,0,40
3,12,2,11,0,4,1,38,49,423222,14,0,0,50
3,9,2,9,0,4,1,38,59,165922,13,15024,0,40
0,10,4,9,1,0,0,38,35,103214,16,0,0,60
3,9,2,7,5,1,0,29,34,122612,13,7688,0,50
3,15,2,10,0,2,1,38,50,226735,10,0,0,70
3,9,2,0,0,4,1,38,36,167482,13,0,0,40
3,12,2,3,0,4,1,38,41,204662,14,0,0,45
3,11,2,2,0,4,1,38,49,179869,9,0,0,40
3,11,2,12,0,4,1,38,38,247111,9,0,0,40
4,11,2,11,0,1,1,38,52,74712,9,0,0,40
4,14,2,9,0,1,1,35,57,180211,15,0,0,50
1,9,2,3,0,1,1,29,54,219276,13,0,0,40
3,12,2,3,0,4,1,38,44,99651,14,5178,0,40
3,9,2,9,0,4,1,38,52,235307,13,0,0,40
3,15,0,3,1,4,0,38,37,58337,10,0,0,40
3,9,2,11,0,4,1,38,57,124507,13,0,0,55
3,11,2,3,0,4,1,38,58,239523,9,0,0,45
5,11,2,13,0,4,1,38,59,309124,9,0,0,40
3,9,2,4,0,4,1,38,50,105010,13,0,0,45
3,1,2,9,5,4,0,38,44,175669,7,5178,0,36
3,15,2,11,0,1,1,38,50,297906,10,0,0,50
7,11,2,14,0,4,1,38,53,123011,9,0,0,40
3,9,2,3,0,4,1,38,41,170866,13,0,0,50
0,9,2,3,0,4,1,38,46,219967,13,0,0,40
6,9,2,3,5,4,0,38,35,119421,13,0,0,35
5,15,2,7,0,4,1,38,56,220187,10,0,0,45
3,15,2,13,0,4,1,38,50,198681,10,0,0,70
4,11,2,2,0,4,1,38,37,175360,9,0,0,40
3,11,2,11,0,4,1,38,52,217663,9,0,0,45
3,11,2,11,0,4,1,38,65,101104,9,9386,0,10
0,10,0,3,1,4,0,38,63,39181,16,0,2559,60
4,14,2,9,0,1,1,18,57,123053,15,15024,0,50
3,9,4,3,3,4,1,38,28,44767,13,0,0,50
5,1,2,3,0,4,1,38,38,43712,7,0,1887,45
3,7,2,4,0,4,1,38,44,379919,12,0,0,60
1,9,2,3,0,2,1,38,29,220656,13,0,0,40
5,12,2,9,0,4,1,38,36,223789,14,0,0,45
7,9,2,14,5,4,0,38,32,335427,13,0,0,20
4,12,2,3,0,4,1,38,59,31359,14,15024,0,80
3,11,2,13,0,4,1,38,58,147989,9,0,0,40
3,11,2,2,0,4,1,38,37,239171,9,0,0,40
1,12,2,10,0,4,1,38,57,198145,14,0,0,14
1,14,2,9,0,4,1,38,50,172175,15,0,0,40
3,9,2,3,0,4,1,38,50,98975,13,15024,0,40
3,12,2,3,0,4,1,38,47,102308,14,99999,0,50
3,9,2,9,0,4,1,38,39,184801,13,0,0,40
3,11,2,6,0,4,1,38,26,233777,9,0,0,40
3,8,2,2,0,4,1,38,55,236520,11,0,0,40
3,9,2,9,0,4,1,38,46,70754,13,0,0,40
3,9,4,2,1,4,1,38,26,176729,13,0,0,45
3,11,2,13,0,4,1,38,32,154120,9,7298,0,40
5,15,2,3,0,4,1,38,70,143833,10,0,2246,40
0,7,2,0,0,4,1,38,49,195437,12,0,0,60
3,9,2,3,0,4,1,38,30,232356,13,0,0,40
3,9,2,9,0,4,1,38,43,274731,13,0,0,40
3,15,2,13,0,4,1,38,38,48779,10,0,0,40
3,12,2,3,0,4,1,38,48,141511,14,0,0,40
3,9,2,11,0,4,1,38,57,314153,13,0,1887,55
1,12,5,3,4,2,1,38,42,267252,14,0,0,45
5,12,2,9,5,4,0,38,51,205100,14,0,0,30
3,9,4,9,1,4,1,38,29,133696,13,8614,0,45
3,12,4,11,1,4,1,38,39,141584,14,0,2444,45
3,12,2,3,0,4,1,38,40,221172,14,0,0,65
3,15,2,2,0,4,1,38,45,54744,10,0,1848,40
5,0,2,11,0,4,1,38,38,122493,6,0,1887,40
3,9,2,9,5,4,0,38,36,183902,13,0,0,4
1,11,2,7,5,4,0,38,47,194360,9,0,0,7
3,9,2,3,0,4,1,38,41,92775,13,0,0,60
3,12,2,9,0,4,1,38,37,50837,14,0,0,45
5,9,2,0,5,4,0,38,38,243484,13,0,0,28
3,9,2,11,0,4,1,38,46,268022,13,0,0,40
4,11,2,2,0,4,1,38,39,543042,9,5178,0,50
0,9,2,4,0,4,1,38,51,97934,13,5178,0,40
3,9,2,12,0,4,1,38,40,247880,13,0,0,40
3,11,2,0,5,4,0,38,51,139347,9,7688,0,40
3,11,2,13,0,4,1,38,31,213179,9,0,0,60
3,15,2,0,5,4,0,38,36,143774,10,0,0,12
5,14,2,9,0,4,1,39,39,218490,15,0,2415,50
3,12,2,9,0,2,1,38,38,229700,14,0,0,40
3,14,2,9,0,4,1,38,61,119684,15,15024,0,20
3,15,2,0,0,4,1,38,26,250038,10,0,0,40
4,15,2,3,0,4,1,38,34,353927,10,0,0,40
3,11,2,2,0,4,1,38,59,193335,9,0,0,40
5,12,2,3,0,4,1,38,53,100109,14,0,1977,40
6,15,2,10,0,4,1,38,55,157639,10,0,0,40
4,12,0,11,1,4,1,38,46,235320,14,0,0,60
3,9,2,3,0,4,1,38,43,131899,13,0,0,40
3,9,2,2,3,4,1,38,36,186808,13,0,0,40
0,11,2,0,0,4,1,38,46,78022,9,0,0,40
3,11,2,11,0,4,1,38,47,114459,9,0,0,40
0,14,4,9,1,1,0,1,38,37683,15,99999,0,57
1,12,0,10,1,2,1,38,47,193012,14,0,0,50
3,10,2,9,0,1,1,2,48,143098,16,0,1902,40
5,11,2,4,0,4,1,38,51,94432,9,0,0,55
0,7,2,3,0,4,1,38,64,301383,12,9386,0,45
3,9,2,3,0,4,1,38,39,154641,13,0,0,45
3,12,0,9,3,4,0,38,34,141118,14,0,0,60
3,9,4,2,1,4,1,38,71,182395,13,11678,0,45
3,2,2,9,0,4,1,4,40,236110,8,0,0,40
3,9,2,9,0,4,1,38,38,312271,13,0,0,50
1,15,2,3,0,4,1,38,44,24982,10,0,0,40
3,11,2,2,0,4,1,38,43,74581,9,0,0,48
3,11,2,0,5,4,0,38,27,311446,9,5178,0,40
3,11,2,6,0,4,1,21,56,329059,9,0,0,40
3,9,2,11,0,4,1,38,47,362835,13,0,0,60
5,11,2,2,0,4,1,38,38,77820,9,0,0,40
3,11,2,0,5,4,0,38,26,244372,9,0,0,52
4,2,6,11,1,4,1,38,79,97082,8,18481,0,45
4,9,2,3,0,4,1,38,60,105339,13,7298,0,60
3,11,2,2,0,4,1,38,34,182926,9,0,0,43
3,15,2,9,0,4,1,38,36,129150,10,0,0,20
3,10,2,9,0,4,1,38,40,146908,16,0,0,60
3,15,0,12,1,4,1,39,43,183765,10,0,0,40
3,9,2,9,0,4,1,38,30,93884,13,0,0,45
3,9,4,3,1,4,1,38,26,279833,13,0,2258,45
0,9,2,3,0,4,1,38,50,98980,13,7298,0,40
3,11,0,11,1,4,1,38,40,116632,9,0,0,60
7,15,2,14,0,4,1,38,61,139391,10,99999,0,30
3,9,2,9,5,4,0,4,41,237452,13,0,0,15
7,9,2,14,5,4,0,38,27,216479,13,0,0,24
3,9,2,0,0,4,1,38,28,51461,13,0,1887,40
3,9,2,11,0,4,1,38,34,37676,13,0,0,50
3,12,2,3,0,4,1,38,57,159319,14,0,0,50
3,15,2,12,0,4,1,38,38,209609,10,0,0,40
5,15,2,11,0,4,1,38,57,95280,10,99999,0,45
1,9,2,9,5,4,0,38,43,265698,13,0,0,45
4,14,2,9,0,4,1,38,59,146477,15,0,0,40
5,15,2,11,0,4,1,38,68,133736,10,20051,0,40
1,12,2,3,0,4,1,38,46,114160,14,0,1902,45
3,15,2,5,0,4,1,38,40,187802,10,0,1887,40
4,8,2,2,0,4,1,38,48,30575,11,0,0,70
3,11,2,12,0,4,1,38,50,50178,9,0,0,40
5,11,2,11,0,4,1,38,32,115066,9,0,0,60
3,15,2,0,0,4,1,38,28,223751,10,0,0,40
4,9,2,3,0,4,1,38,62,354075,13,0,0,50
3,12,2,9,0,4,1,38,39,76417,14,0,0,40
3,8,2,9,0,4,1,38,33,119913,11,0,0,40
3,11,2,2,0,4,1,38,37,549174,9,0,0,50
7,9,2,14,5,3,0,35,30,33811,13,0,0,40
3,12,4,9,3,4,0,38,25,185942,14,0,0,40
3,7,0,2,4,4,1,38,35,287701,12,0,0,45
3,8,2,12,5,4,0,38,38,137707,11,0,0,40
4,15,2,11,5,4,0,1,56,187355,10,0,0,60
3,9,2,9,0,0,1,38,38,33105,13,0,0,70
3,9,2,3,0,4,1,38,33,199227,13,0,0,55
3,9,2,13,0,4,1,38,44,181762,13,15024,0,55
3,15,2,11,0,4,1,38,41,806552,10,0,0,50
3,10,2,3,0,4,1,1,41,150755,16,15024,0,50
3,8,2,9,0,4,1,38,62,69867,11,7298,0,50
3,9,2,9,0,4,1,38,38,219546,13,0,0,40
3,12,2,3,0,4,1,38,31,183043,14,0,1977,48
1,14,2,3,0,4,1,38,42,209752,15,0,0,55
7,7,0,14,1,4,0,38,48,175653,12,14084,0,40
3,11,2,6,0,4,1,38,49,196707,9,7298,0,43
5,14,2,9,0,4,1,38,37,180150,15,0,0,45
3,9,2,7,0,4,1,38,66,151227,13,0,0,40
3,11,2,2,0,4,1,38,52,89534,9,0,0,40
3,11,6,3,4,4,1,38,67,166187,9,0,0,38
4,11,2,3,0,4,1,21,42,188738,9,0,1977,60
3,11,2,11,0,4,1,38,54,93605,9,0,1848,40
3,11,2,3,0,4,1,38,39,387068,9,0,0,40
3,8,2,2,0,4,1,38,37,219546,11,4386,0,44
3,10,2,9,0,4,1,38,41,220531,16,0,0,50
5,14,2,9,0,4,1,38,42,201908,15,99999,0,50
7,9,2,14,5,4,0,38,44,109912,13,0,0,16
3,9,2,12,0,4,1,38,41,175674,13,0,0,40
3,15,2,3,0,4,1,38,37,125167,10,0,0,60
3,7,2,9,0,4,1,38,40,195394,12,7688,0,40
3,8,2,6,0,4,1,38,38,66686,11,0,0,40
3,9,2,3,0,4,1,38,44,325461,13,0,1902,50
3,9,0,3,1,2,0,38,49,120629,13,27828,0,60
3,11,2,13,0,4,1,38,36,36423,9,0,0,25
3,11,2,13,5,4,0,38,31,123397,9,5178,0,35
5,14,2,9,0,1,1,35,44,149943,15,0,0,60
5,11,3,13,2,1,1,18,29,341672,9,0,1564,50
3,15,2,5,0,4,1,38,33,392812,10,0,0,50
4,11,2,3,0,4,1,38,57,51016,9,0,0,60
4,12,2,3,0,4,1,38,37,196123,14,0,0,70
4,9,2,11,0,4,1,38,43,304906,13,0,0,45
1,9,0,12,1,4,0,8,40,197012,13,8614,0,40
3,11,2,11,0,4,1,38,33,125762,9,0,0,44
3,9,2,3,0,4,1,38,45,82797,13,0,0,45
1,11,2,3,0,4,1,38,36,142573,9,0,0,45
3,9,2,3,0,4,1,38,47,28035,13,0,0,50
6,2,2,12,5,4,0,38,31,350651,8,0,0,40
3,14,2,9,0,4,1,38,44,146906,15,0,0,50
5,11,2,0,5,4,0,38,58,331474,9,0,0,20
4,9,2,2,0,4,1,38,57,33725,13,0,0,50
3,11,6,2,4,4,1,25,58,275859,9,8614,0,52
3,14,2,11,0,4,1,38,37,151835,15,0,0,45
4,9,2,11,0,4,1,38,29,187450,13,0,0,50
3,15,2,0,5,4,0,38,41,372682,10,0,0,40
3,7,2,6,0,2,1,38,58,156040,12,0,1848,40
1,9,2,3,0,4,1,38,68,242095,13,20051,0,40
3,11,2,2,0,4,1,38,53,153052,9,0,0,40
3,9,2,9,5,4,0,38,43,345789,13,15024,0,50
3,9,2,11,0,4,1,38,60,238913,13,0,0,46
3,12,2,3,0,4,1,38,46,102569,14,15024,0,65
3,12,2,3,0,4,1,38,43,102180,14,0,0,50
3,9,4,3,1,4,1,38,36,178815,13,8614,0,40
6,11,2,7,0,2,1,38,46,238648,9,7298,0,40
3,15,2,0,5,2,0,38,47,166181,10,0,0,48
4,9,2,11,0,4,1,38,66,249043,13,5556,0,26
0,9,2,0,0,4,1,38,36,186934,13,0,1848,55
3,9,2,13,0,4,1,29,39,201410,13,0,1977,45
3,7,2,3,0,4,1,38,36,220585,12,0,0,50
5,9,2,3,0,4,1,38,60,282066,13,0,1977,45
3,15,2,6,0,4,1,38,37,280966,10,0,0,50
3,15,2,3,0,4,1,38,54,170562,10,0,0,48
3,7,2,3,0,4,1,38,50,195844,12,0,0,50
3,11,2,2,0,2,1,38,40,377322,9,0,0,40
3,15,2,3,0,4,1,38,38,32528,10,0,0,40
3,14,2,9,0,4,1,38,33,140206,15,0,0,40
1,9,2,3,0,4,1,25,48,378221,13,0,0,60
3,11,2,0,5,4,0,38,36,189382,9,0,0,40
3,14,2,9,0,4,1,38,39,150480,15,0,0,55
3,9,2,11,0,4,1,38,40,175674,13,0,0,50
3,10,2,9,0,4,1,38,47,141511,16,0,0,60
3,9,2,3,5,4,0,38,31,127610,13,0,0,50
3,15,2,13,0,4,1,38,46,33842,10,3103,0,40
0,15,2,3,0,4,1,38,39,30916,10,0,1902,50
0,15,1,0,5,4,0,38,34,436341,10,0,0,40
3,9,2,9,0,4,1,38,36,174938,13,0,1887,50
3,14,2,9,0,4,1,38,47,354148,15,99999,0,48
3,12,4,0,1,4,0,21,38,353263,14,0,0,50
3,9,2,9,0,4,1,38,44,207578,13,0,0,35
1,9,2,10,0,4,1,38,50,163998,13,0,0,44
0,15,2,12,0,4,1,38,29,309778,10,0,0,40
3,11,2,7,0,4,1,38,43,190786,9,0,0,40
6,7,2,12,0,4,1,38,31,124020,12,0,0,40
3,9,2,3,0,4,1,38,37,183800,13,0,0,40
3,15,2,12,0,4,1,1,55,98746,10,0,0,50
0,15,2,3,0,4,1,38,46,140664,10,0,0,48
1,15,2,10,0,4,1,38,45,192793,10,0,0,40
0,12,2,3,0,4,1,38,36,106297,14,0,0,40
5,11,0,3,1,4,0,38,51,111283,9,99999,0,35
3,8,2,0,0,4,1,38,44,172032,11,7298,0,51
5,14,2,9,0,4,1,38,31,108468,15,0,0,60
3,11,2,6,0,4,1,38,37,278576,9,0,0,60
5,8,2,11,0,4,1,38,79,84979,11,0,0,20
3,9,2,3,0,2,1,38,36,659504,13,0,0,45
3,15,2,2,0,4,1,38,44,136986,10,0,0,60
5,9,2,11,0,4,1,38,46,131091,13,0,1902,40
3,11,2,2,0,4,1,38,36,180667,9,0,1887,60
6,11,4,13,1,4,0,38,41,108945,9,14344,0,40
3,9,2,11,5,4,0,38,34,101345,13,0,0,40
3,9,2,3,0,4,1,38,63,213095,13,0,0,50
3,10,2,9,0,1,1,35,42,139012,16,0,0,40
1,9,2,9,0,4,1,38,46,141944,13,0,0,38
3,10,2,9,0,4,1,38,48,276664,16,0,1902,50
3,14,2,11,5,0,0,34,42,119359,15,15024,0,40
3,12,2,9,0,4,1,38,52,110748,14,0,0,50
3,15,2,3,0,4,1,4,33,267859,10,0,0,40
5,11,2,11,0,4,1,38,58,165315,9,0,0,35
3,8,2,2,0,4,1,38,37,198841,11,0,0,40
3,15,2,2,0,4,1,38,31,240771,10,4386,0,50
3,9,2,9,0,4,1,38,37,119098,13,0,0,50
6,8,2,9,0,4,1,38,53,151580,11,4386,0,40
7,15,2,14,5,4,0,38,34,166545,10,7688,0,6
3,9,2,11,0,4,1,38,30,271710,13,7298,0,50
5,14,2,9,0,4,1,38,53,33304,15,0,0,38
3,8,2,13,0,4,1,38,37,359001,11,15024,0,50
3,12,4,0,1,4,0,38,58,142924,14,0,0,24
4,15,2,3,0,4,1,38,74,228075,10,20051,0,25
3,15,2,12,0,1,1,38,45,81132,10,0,0,55
3,9,4,11,1,4,1,38,33,229732,13,0,0,45
1,12,2,3,0,4,1,38,61,144723,14,7298,0,60
3,7,2,11,5,3,0,38,29,148431,12,7688,0,45
3,11,2,2,0,4,1,38,45,114459,9,0,0,50
3,9,2,9,0,4,1,38,31,159123,13,0,0,60
3,0,2,3,0,4,1,38,40,198316,6,0,0,40
1,15,4,10,3,4,0,38,27,229223,10,0,0,40
3,15,2,3,0,4,1,38,46,164749,10,0,0,40
3,9,2,11,0,4,1,38,38,607848,13,0,0,40
3,15,2,3,0,4,1,38,46,393715,10,15024,0,50
3,11,2,11,0,4,1,38,50,143953,9,0,0,65
3,7,2,3,0,4,1,38,54,90363,12,0,0,40
3,12,4,11,1,4,1,38,40,53727,14,0,0,50
3,11,2,2,0,4,1,38,43,186144,9,0,0,40
6,10,2,9,0,4,1,38,45,101299,16,0,0,40
3,11,2,6,0,4,1,38,41,32121,9,0,0,40
3,1,2,2,0,4,1,38,27,160786,7,0,1902,40
5,15,2,3,0,4,1,38,48,370119,10,0,0,40
3,2,2,13,0,2,1,38,57,548256,8,7688,0,40
1,9,4,0,1,4,0,38,42,175642,13,99999,0,40
5,1,2,4,0,4,1,38,51,127149,7,0,0,45
5,10,2,9,5,4,0,38,49,182752,16,0,0,35
3,6,2,7,0,4,1,38,45,223999,5,0,1848,40
1,9,2,9,0,4,1,38,42,100793,13,0,0,60
7,12,2,14,0,4,1,38,30,159589,14,0,0,46
3,8,2,3,0,4,1,38,38,76317,11,0,0,55
1,12,2,9,0,4,1,38,44,124692,14,0,0,35
3,9,2,0,0,4,1,38,47,102569,13,0,0,40
3,10,0,9,2,4,1,38,50,145333,16,10520,0,50
5,11,2,3,0,4,1,38,30,146161,9,0,1887,50
3,11,2,2,0,4,1,38,31,265706,9,7298,0,40
3,14,0,9,1,4,1,38,39,216149,15,0,0,70
3,9,2,3,0,1,1,38,43,180303,13,0,0,50
1,9,2,3,0,4,1,38,51,110327,13,0,0,40
3,1,0,0,1,4,1,38,54,235693,7,0,0,40
3,9,0,9,1,4,1,38,45,197038,13,0,0,50
1,12,2,9,5,4,0,38,42,138077,14,0,0,38
3,9,2,2,0,4,1,38,45,36006,13,0,0,45
3,0,2,13,0,4,1,38,46,369538,6,0,0,40
4,14,2,9,0,4,1,38,47,181130,15,99999,0,50
7,9,2,14,0,4,1,38,69,254834,13,10605,0,10
0,14,2,9,0,1,1,39,43,156996,15,0,2415,55
3,14,2,3,5,4,0,23,41,331651,15,0,0,50
3,11,2,0,5,4,0,38,35,401930,9,0,1887,42
4,12,4,3,1,4,0,9,34,174215,14,4787,0,45
3,11,2,11,0,4,1,4,33,315143,9,0,0,40
5,11,2,13,0,4,1,38,39,208109,9,0,0,60
0,11,2,12,0,4,1,38,67,65475,9,0,0,40
3,9,2,9,0,4,1,21,43,144778,13,0,0,55
3,0,5,13,4,2,1,38,54,378747,6,0,0,45
4,9,2,11,0,1,1,34,50,120781,13,0,0,60
3,9,0,11,1,2,1,38,61,298400,13,4787,0,48
3,11,0,9,4,4,0,38,51,137253,9,0,0,40
5,14,2,9,0,4,1,38,66,182470,15,0,0,25
4,11,5,4,1,4,1,38,57,107617,9,0,0,60
4,9,2,11,0,1,1,39,44,116358,13,0,0,50
3,0,2,2,3,3,1,38,42,367533,6,0,0,43
3,14,2,9,0,4,1,38,74,188709,15,99999,0,50
3,8,2,9,0,4,1,38,34,209691,11,4386,0,50
3,9,2,11,0,4,1,38,54,169719,13,3103,0,40
3,9,2,9,0,4,1,20,40,115932,13,0,0,60
3,11,2,2,0,4,1,38,44,224658,9,0,0,45
1,8,2,12,5,4,0,26,29,376302,11,0,0,35
5,9,2,11,0,4,1,38,66,140456,13,0,0,40
3,11,2,2,0,4,1,38,47,195978,9,0,0,40
3,15,0,9,1,4,1,38,47,329144,10,0,0,48
4,15,2,3,0,4,1,10,50,132716,10,0,0,50
3,11,2,7,0,2,1,38,43,160943,9,0,0,40
3,14,2,3,5,4,0,38,33,235847,15,0,0,40
0,15,2,3,0,4,1,38,71,422149,10,20051,0,40
6,15,2,10,0,4,1,38,48,31141,10,0,1902,40
3,11,2,2,0,4,1,38,53,281425,9,0,0,40
3,15,2,2,0,4,1,38,44,310255,10,0,0,60
0,9,2,9,0,1,1,38,32,82393,13,0,0,56
3,11,4,2,1,4,1,38,31,226696,9,0,0,50
3,4,2,2,0,3,1,32,53,195813,3,5178,0,40
3,9,2,9,0,1,1,23,36,123983,13,0,0,55
3,6,2,6,0,4,1,38,37,147258,5,0,0,50
7,9,2,14,0,4,1,38,63,222289,13,7688,0,54
4,11,2,9,5,4,0,8,67,171564,9,20051,0,30
0,7,2,7,0,1,1,38,64,86837,12,0,0,40
3,15,2,13,0,4,1,38,53,89587,10,7298,0,45
1,15,2,2,0,4,1,38,37,365430,10,5178,0,40
3,9,2,3,0,4,1,38,53,129525,13,0,0,50
3,12,2,3,5,4,0,38,54,37289,14,0,0,55
4,11,2,11,0,4,1,38,43,225165,9,0,0,55
0,11,2,2,0,4,1,38,59,190541,9,0,0,40
5,14,2,9,0,4,1,38,46,366089,15,15024,0,40
3,11,2,7,5,4,0,38,29,51944,9,4386,0,40
3,9,6,9,4,4,0,38,30,163604,13,0,0,55
7,9,2,14,5,2,0,39,27,251854,13,0,0,35
3,8,4,0,3,4,0,38,35,127306,11,14344,0,40
3,15,2,3,0,4,1,38,42,366180,10,0,0,55
3,9,2,9,0,4,1,38,47,61885,13,15024,0,50
5,9,2,3,0,4,1,38,36,182898,13,7298,0,40
6,9,2,3,0,4,1,38,48,118330,13,5178,0,40
0,8,2,12,0,4,1,38,33,26543,11,0,0,40
3,15,2,0,0,4,1,38,31,84130,10,0,0,50
3,15,2,0,5,4,0,38,52,389270,10,0,0,35
3,15,2,11,0,4,1,38,35,240389,10,0,0,43
3,10,2,9,0,4,1,38,39,190297,16,99999,0,55
3,11,2,7,0,1,1,23,45,81534,9,0,0,84
3,9,2,0,0,4,1,38,56,116143,13,5178,0,44
1,11,0,2,1,4,1,38,64,190660,9,0,0,40
3,9,2,12,0,4,1,38,36,58343,13,3103,0,42
1,15,2,9,0,4,1,38,45,318280,10,7688,0,50
3,7,2,9,0,4,1,38,33,217460,12,0,0,40
5,15,2,0,5,4,0,38,30,166961,10,0,0,20
5,12,2,3,0,4,1,38,70,124449,14,0,2246,8
3,9,2,11,0,4,1,38,30,235271,13,0,0,40
3,7,2,3,0,4,1,38,46,121124,12,15024,0,50
4,15,2,3,0,4,1,38,59,169982,10,15024,0,60
3,2,2,11,0,4,1,38,45,197240,8,7688,0,40
3,14,2,9,0,4,1,38,26,291968,15,0,1977,40
0,8,2,12,0,4,1,38,46,349230,11,0,1848,40
5,11,2,4,0,4,1,38,54,46704,9,0,0,60
3,1,2,3,0,4,1,38,28,105817,7,0,0,50
3,15,2,12,0,4,1,38,40,163455,10,0,0,55
3,12,2,3,0,4,1,38,37,126569,14,0,1977,40
1,11,2,2,0,4,1,38,45,56841,9,0,0,40
0,15,2,10,0,4,1,38,53,90127,10,0,0,60
0,12,2,9,0,4,1,38,48,435503,14,0,0,40
6,9,2,3,0,4,1,38,45,103406,13,0,1977,60
3,1,0,2,3,4,0,38,54,225307,7,0,0,50
3,11,2,2,0,4,1,38,36,286115,9,0,0,40
3,9,4,3,1,4,1,38,50,187830,13,0,0,50
3,14,0,9,1,4,1,38,46,45363,15,0,2824,40
4,9,2,3,0,4,1,38,41,220821,13,7688,0,40
4,12,2,3,0,4,1,38,46,110457,14,0,0,55
5,14,2,9,0,4,1,38,43,193494,15,0,0,60
4,9,2,3,0,4,1,38,58,113806,13,7688,0,30
3,11,2,6,0,4,1,38,33,123291,9,0,0,84
1,15,2,10,0,4,1,38,50,226497,10,0,0,52
3,11,2,11,0,4,1,38,35,282979,9,5178,0,50
3,9,0,0,1,4,1,38,36,166549,13,0,0,55
3,9,2,3,0,4,1,38,39,224566,13,0,0,60
3,8,6,9,1,4,1,38,73,183213,11,25124,0,60
3,9,0,5,1,4,1,38,47,150768,13,0,1564,51
3,9,2,11,5,4,0,38,36,176634,13,0,0,35
3,9,4,12,1,4,0,38,30,509500,13,4787,0,45
3,11,2,13,0,4,1,38,32,209103,9,0,0,20
3,8,2,2,0,4,1,38,52,144361,11,0,1902,40
3,7,4,3,1,4,0,38,27,244402,12,0,0,40
3,11,2,5,0,4,1,38,42,155972,9,0,0,40
3,9,2,2,0,4,1,38,49,291783,13,0,0,40
3,14,2,9,0,4,1,38,43,462180,15,99999,0,60
3,15,2,2,0,4,1,38,31,308540,10,0,0,40
3,15,2,0,0,2,1,22,37,140713,10,0,0,40
1,15,2,10,0,4,1,38,53,216931,10,4386,0,40
4,14,2,9,0,4,1,38,59,253062,15,0,0,55
3,11,2,6,0,4,1,38,32,231413,9,0,0,40
1,12,2,9,0,4,1,38,53,197054,14,0,0,40
3,11,1,7,5,4,0,38,35,30565,9,0,0,40
3,2,2,2,0,4,1,38,38,241998,8,7688,0,40
5,11,2,3,5,4,0,38,58,196403,9,0,0,10
6,9,2,9,0,1,1,39,43,506329,13,15024,0,40
3,1,2,2,0,4,1,38,41,428499,7,0,1485,50
5,11,2,2,0,4,1,38,31,182177,9,0,1902,40
1,8,2,10,0,4,1,38,54,129972,11,0,0,38
4,9,2,3,0,4,1,38,31,203488,13,0,0,50
3,11,2,2,0,4,1,38,47,128796,9,0,0,40
3,8,2,9,0,4,1,38,40,55395,11,0,0,40
7,15,4,14,1,4,1,38,48,151584,10,8614,0,60
3,15,2,7,5,4,0,38,35,322171,10,0,0,40
3,9,2,11,0,4,1,38,59,227856,13,0,0,37
3,5,2,13,0,4,1,38,63,266083,4,0,0,60
4,8,2,3,2,4,1,38,43,150533,11,0,0,50
0,15,0,3,4,4,1,38,44,244054,10,0,0,60
3,15,2,0,0,4,1,38,50,238959,10,0,0,45
6,12,4,9,1,4,1,38,51,172022,14,0,0,40
3,8,2,2,0,4,1,38,50,94391,11,0,0,50
1,11,2,3,0,4,1,38,50,153064,9,5178,0,40
5,9,2,2,0,4,1,38,37,36214,13,0,0,65
5,9,4,11,1,4,1,38,45,319122,13,14084,0,45
3,15,2,2,0,4,1,38,34,155151,10,0,0,40
3,15,2,11,0,4,1,29,39,24106,10,0,0,40
3,9,4,3,1,4,1,38,32,133861,13,13550,0,48
3,11,4,11,1,4,1,38,53,149650,9,0,2559,48
3,9,2,9,0,4,1,38,48,182541,13,15024,0,45
3,9,2,11,0,4,1,38,68,195868,13,20051,0,40
0,9,4,0,1,4,1,38,45,168232,13,0,0,55
3,9,4,3,4,4,1,38,24,145964,13,0,0,40
3,11,2,12,0,4,1,38,51,153870,9,0,0,40
3,14,2,9,0,4,1,38,47,323798,15,15024,0,55
3,9,4,9,1,4,0,38,45,167187,13,0,0,40
3,11,2,11,0,4,1,38,42,230684,9,5178,0,50
3,9,2,9,0,4,1,38,25,122175,13,0,0,45
5,9,2,9,0,4,1,38,37,241998,13,0,0,5
3,15,4,9,1,4,1,38,52,279129,10,0,0,37
3,15,2,2,0,4,1,38,47,155659,10,7688,0,55
0,9,2,0,5,1,0,29,41,19914,13,0,0,40
3,15,2,0,0,4,1,38,61,115023,10,0,0,40
3,9,2,9,0,1,1,38,32,101709,13,0,0,40
3,2,2,11,0,4,1,38,63,250068,8,0,0,40
3,12,2,3,0,4,1,38,36,280169,14,0,0,50
3,9,4,9,1,4,1,39,39,144608,13,0,0,40
7,11,2,14,0,4,1,38,60,141580,9,0,0,50
3,11,2,3,0,4,1,38,37,170174,9,0,0,46
3,10,2,9,0,4,1,38,56,314149,16,0,0,50
0,15,2,0,5,4,0,38,55,31728,10,0,0,40
3,15,2,11,0,4,1,38,43,83411,10,0,0,50
3,11,2,3,0,4,1,38,46,193047,9,0,0,40
1,9,2,9,5,4,0,38,60,259803,13,0,0,45
3,15,2,11,0,4,1,38,47,181307,10,99999,0,60
5,9,2,0,5,4,0,38,52,140985,13,99999,0,30
3,9,2,3,0,4,1,38,43,130126,13,15024,0,50
3,15,2,3,0,4,1,38,40,175696,10,0,0,45
3,15,2,11,0,4,1,38,25,213412,10,0,0,40
3,11,2,2,0,4,1,38,49,54772,9,3103,0,45
4,15,2,3,0,4,1,38,44,56651,10,7688,0,45
3,7,2,3,0,4,1,38,58,280309,12,5178,0,60
7,9,2,14,0,4,1,38,69,323016,13,99999,0,40
3,1,0,13,1,4,1,38,45,172822,7,0,2824,76
1,10,0,9,1,4,0,38,53,216691,16,10520,0,40
3,9,2,9,0,4,1,38,32,212276,13,0,0,60
3,12,2,9,5,4,0,38,47,98012,14,7688,0,40
3,11,2,11,0,4,1,38,41,351161,9,0,1848,45
3,11,2,7,0,4,1,10,53,290640,9,0,0,50
3,9,2,11,0,4,1,38,66,196674,13,0,0,15
1,9,2,10,5,2,0,38,44,189956,13,15024,0,40
3,10,2,9,0,4,1,38,40,145160,16,0,0,40
3,15,2,0,5,4,0,38,46,99086,10,0,0,40
3,15,2,3,0,4,1,38,52,110563,10,0,0,40
3,9,0,3,1,4,1,38,45,297884,13,0,0,40
3,9,2,9,0,4,1,38,41,120277,13,0,0,40
3,7,2,11,0,4,1,38,37,109133,12,0,1977,45
3,12,4,3,1,4,1,38,33,100882,14,0,0,40
3,12,2,3,0,4,1,38,50,237868,14,0,0,50
3,9,3,3,1,4,1,38,40,126701,13,0,0,40
4,15,2,13,0,4,1,38,54,172175,10,0,0,40
1,11,2,13,0,2,1,38,53,608184,9,0,0,40
1,9,0,3,1,4,0,38,50,425804,13,0,0,40
1,12,2,3,0,4,1,38,60,227332,14,0,0,40
4,11,2,3,0,4,1,38,67,73559,9,9386,0,50
3,9,2,11,0,4,1,38,26,169121,13,0,0,48
5,11,0,3,4,4,0,38,49,107597,9,14084,0,30
3,0,2,2,0,4,1,38,59,97168,6,0,0,40
3,12,2,9,0,4,1,38,44,155930,14,7688,0,55
5,14,2,9,0,4,1,38,50,341797,15,0,0,50
1,12,2,9,0,4,1,38,44,145246,14,0,0,44
3,11,2,2,0,4,1,38,42,373469,9,0,0,40
5,11,2,4,0,4,1,38,65,139960,9,10605,0,60
6,12,2,9,0,4,1,38,42,160369,14,0,0,50
6,8,2,10,0,4,1,38,29,198493,11,0,0,40
3,12,2,3,0,4,1,38,45,266860,14,15024,0,50
0,8,0,9,4,4,1,38,60,237317,11,4934,0,40
6,10,2,9,5,4,0,39,38,110426,16,7688,0,40
4,9,2,3,0,4,1,38,55,298449,13,0,2415,50
3,15,2,3,0,4,1,38,52,210736,10,3103,0,55
3,15,2,0,5,4,0,38,40,360884,10,7298,0,40
7,8,2,14,5,2,0,38,46,177305,11,0,0,35
3,9,3,2,1,4,1,39,39,165106,13,0,1564,50
3,15,2,2,0,2,1,38,41,424478,10,0,0,45
3,9,2,5,0,4,1,21,59,189721,13,0,0,40
5,12,6,9,1,4,1,38,67,148690,14,18481,0,2
3,9,0,9,1,4,0,38,60,125019,13,8614,0,48
4,9,2,9,0,4,1,38,39,172538,13,0,0,50
5,11,2,13,0,4,1,38,32,410615,9,0,1887,60
3,9,2,11,0,4,1,38,32,195602,13,0,1977,45
5,15,2,9,5,4,0,38,33,422960,10,0,0,60
1,14,2,9,0,4,1,38,43,188291,15,15024,0,45
5,11,2,13,0,4,1,38,50,163948,9,0,0,40
3,9,4,12,1,4,1,38,63,64544,13,0,0,40
3,11,2,2,0,4,1,38,55,101468,9,3103,0,40
3,12,2,9,5,4,0,38,40,99604,14,15024,0,24
3,7,2,2,0,4,1,38,58,194733,12,0,0,40
3,11,2,2,0,4,1,38,38,208358,9,0,0,40
3,9,2,3,0,4,1,38,30,183284,13,0,0,50
3,9,2,11,0,4,1,38,33,251120,13,7688,0,50
3,9,2,3,0,4,1,39,34,317809,13,0,0,50
3,11,2,9,5,4,0,38,50,31014,9,0,0,40
3,12,2,3,5,4,0,38,44,151985,14,0,0,24
3,10,4,9,1,4,0,38,35,406051,16,0,0,80
3,12,3,3,1,4,1,38,67,212705,14,0,0,55
3,8,2,12,0,4,1,38,35,103986,11,0,0,40
3,15,2,3,0,4,1,38,44,203761,10,0,0,45
7,15,2,14,0,4,1,38,58,266792,10,99999,0,40
0,15,2,0,0,4,1,4,30,321990,10,7298,0,48
3,11,2,11,0,4,1,38,52,108914,9,0,0,40
4,12,2,9,0,4,1,38,44,191712,14,0,2415,55
3,11,2,13,0,4,1,38,44,176063,9,0,0,50
4,9,4,9,1,4,1,38,31,467108,13,0,0,45
3,11,2,5,0,4,1,38,55,193130,9,0,1887,40
3,12,2,9,0,4,1,38,48,148995,14,0,0,55
1,11,2,0,5,4,0,38,50,117496,9,7298,0,30
3,11,0,3,4,4,0,38,43,52498,9,0,0,40
3,9,2,9,0,4,1,38,56,247337,13,0,0,50
3,9,2,12,0,4,1,38,41,171546,13,0,0,45
3,10,2,9,0,4,1,38,59,146391,16,0,0,50
1,7,2,3,0,4,1,38,46,165484,12,0,0,44
3,9,2,0,0,4,1,38,53,95469,13,0,1902,40
3,11,2,2,0,4,1,38,47,205730,9,0,0,56
3,11,2,6,0,4,1,38,29,383745,9,0,1887,30
3,15,2,0,5,3,0,25,44,225879,10,0,0,30
3,8,2,12,0,4,1,38,56,177271,11,0,0,40
3,9,2,0,0,4,1,38,45,31339,13,0,0,45
3,9,2,9,5,1,0,29,36,130620,13,0,0,35
3,8,2,12,5,4,0,38,32,208180,11,0,0,24
0,15,2,0,0,4,1,38,29,142712,10,0,0,40
3,12,2,9,0,4,1,38,41,116825,14,0,0,55
6,9,2,3,0,2,1,38,48,201177,13,0,0,40
3,0,2,6,0,4,1,38,47,178341,6,0,0,46
4,11,2,3,0,4,1,38,39,135500,9,0,1977,40
4,7,2,11,0,4,1,38,37,183800,12,0,1887,40
3,11,2,6,0,4,1,38,40,203761,9,0,0,40
3,15,2,2,0,4,1,38,38,161141,10,0,0,48
3,11,2,2,0,4,1,38,34,181091,9,7688,0,40
0,8,4,9,1,4,0,38,43,105936,11,13550,0,40
0,15,4,3,1,2,1,38,36,192443,10,13550,0,40
3,12,2,9,0,4,1,38,51,22211,14,0,1902,60
3,15,2,9,0,4,1,38,47,199058,10,0,0,40
3,9,2,11,0,4,1,38,47,160440,13,0,0,55
3,15,2,7,0,4,1,38,47,76034,10,0,0,57
1,12,2,9,0,4,1,38,55,107308,14,0,0,40
5,3,2,3,0,4,1,21,53,145419,2,7688,0,67
1,12,2,9,5,4,0,38,44,193425,14,4386,0,40
1,15,2,4,0,4,1,38,41,89172,10,0,0,40
3,9,2,0,5,4,0,38,51,87205,13,7688,0,20
3,15,2,2,0,4,1,38,25,238964,10,0,0,60
3,15,2,11,0,4,1,38,63,137843,10,7298,0,48
3,9,2,3,0,4,1,38,59,182460,13,0,0,60
3,15,2,9,5,4,0,38,43,124436,10,0,0,40
3,11,2,6,0,4,1,38,53,228500,9,0,0,40
3,9,2,9,0,4,1,38,34,150324,13,0,0,40
3,14,2,9,0,4,1,38,37,167415,15,0,0,60
3,11,2,6,0,4,1,38,51,166934,9,0,0,40
3,12,2,3,0,4,1,38,50,204447,14,15024,0,65
3,11,2,2,0,4,1,38,50,33304,9,0,0,40
4,15,6,3,1,4,1,38,53,137815,10,0,0,40
3,9,4,3,2,4,1,38,32,207668,13,0,2444,50
3,11,2,2,0,4,1,38,49,98092,9,0,0,40
6,11,2,10,0,2,1,38,52,142757,9,0,0,40
4,8,2,3,0,2,1,38,41,114967,11,0,0,40
3,9,2,3,0,4,1,38,44,209174,13,0,0,70
3,9,4,9,3,4,0,38,23,102942,13,0,2258,40
5,11,2,11,0,4,1,38,33,427474,9,0,0,60
4,5,2,2,0,4,1,38,66,112376,4,0,0,40
5,0,2,2,5,4,0,39,58,147653,6,0,1977,35
5,9,2,11,0,4,1,38,38,280169,13,7298,0,50
1,9,2,9,0,4,1,38,38,86643,13,0,0,45
5,9,2,9,0,1,1,38,38,146042,13,3103,0,60
5,11,2,12,0,4,1,38,49,102110,9,0,0,30
3,9,4,11,1,4,1,39,38,152237,13,0,0,45
0,7,2,9,0,4,1,38,40,199303,12,0,0,40
0,9,5,9,1,4,1,38,58,244830,13,4787,0,40
3,11,4,2,2,0,1,38,37,116358,9,27828,0,48
4,9,2,3,0,1,1,23,50,302708,13,7688,0,50
1,15,2,10,0,4,1,38,36,137314,10,0,0,60
3,9,4,9,1,2,1,38,33,295589,13,0,0,50
3,8,2,7,5,2,0,38,35,204590,11,0,0,40
6,10,2,9,5,4,0,38,33,220066,16,0,0,48
3,9,2,9,0,4,1,38,52,128378,13,0,0,40
3,9,2,9,0,4,1,39,63,339755,13,0,0,50
3,11,2,2,0,4,1,38,59,176647,9,0,0,40
3,8,2,3,0,4,1,38,36,86459,11,0,1887,50
5,14,2,9,0,4,1,38,32,37232,15,7688,0,45
1,15,0,3,1,4,1,38,47,81654,10,0,0,56
3,11,2,2,0,2,1,38,42,124792,9,7688,0,45
5,15,2,2,0,4,1,38,32,129497,10,0,0,55
3,9,6,3,4,4,1,38,58,111625,13,8614,0,40
4,11,2,3,0,4,1,38,47,96798,9,0,0,80
3,15,2,3,0,4,1,38,34,430554,10,0,0,50
3,9,2,12,5,4,0,38,48,108557,13,99999,0,40
3,8,2,3,5,4,0,38,35,187089,11,0,0,42
1,10,2,9,5,4,0,38,46,398986,16,0,1902,52
3,9,2,0,0,4,1,38,35,183800,13,0,0,40
4,15,2,3,0,4,1,38,52,260938,10,0,0,60
3,8,2,2,0,4,1,38,29,389713,11,0,0,40
3,12,2,3,0,4,1,38,55,208451,14,0,0,40
7,7,2,14,0,2,1,38,55,270228,12,7688,0,40
3,10,4,9,1,4,0,38,60,101096,16,0,0,65
3,11,2,13,0,4,1,38,39,236391,9,0,0,50
3,9,4,3,1,4,1,38,26,248612,13,0,0,70
3,7,4,9,1,4,0,38,29,236436,12,8614,0,40
3,9,2,7,0,4,1,38,34,243165,13,0,0,30
4,10,2,4,0,4,1,38,77,84979,16,20051,0,40
5,12,2,11,0,4,1,38,50,68898,14,7688,0,55
3,15,2,13,0,4,1,38,60,198170,10,0,0,40
3,9,2,11,0,4,1,38,26,22328,13,0,0,40
4,11,2,3,0,4,1,38,25,148888,9,0,0,60
4,12,2,3,0,4,1,38,53,55139,14,0,0,40
7,12,2,14,5,4,0,38,42,212206,14,0,1887,48
3,15,2,9,0,4,1,38,45,252079,10,0,0,50
4,9,2,11,0,4,1,38,55,392325,13,99999,0,60
6,10,2,9,0,4,1,38,40,174283,16,0,1887,50
3,12,4,11,4,4,1,38,34,265706,14,0,0,60
4,9,2,9,0,4,1,38,58,190763,13,0,0,40
1,12,2,9,0,4,1,38,55,209535,14,0,0,40
3,1,2,5,0,4,1,38,28,183151,7,7688,0,40
5,9,2,11,0,4,1,38,33,272359,13,7298,0,80
5,8,2,3,0,4,1,38,34,34572,11,0,0,60
3,9,2,11,0,4,1,38,30,226443,13,0,0,50
3,7,4,7,1,4,0,38,35,356238,12,0,0,80
5,15,3,4,1,4,0,38,56,39380,10,27828,0,20
0,15,2,9,0,4,1,38,41,356934,10,0,0,44
3,9,2,3,0,1,1,16,30,328242,13,0,0,40
3,12,2,3,0,4,1,38,45,145636,14,0,1977,43
4,9,2,11,0,4,1,38,38,299036,13,0,0,55
5,11,2,2,0,4,1,38,36,89622,9,0,0,80
3,15,2,3,0,4,1,38,54,343242,10,0,0,44
3,11,2,2,0,4,1,38,30,460408,9,0,0,40
3,9,2,3,0,4,1,38,36,230329,13,0,0,50
3,15,2,9,0,4,1,38,44,191814,10,0,0,45
3,7,2,9,0,4,1,38,47,386136,12,0,0,40
3,9,4,9,1,4,1,38,41,152529,13,0,0,40
3,2,2,6,0,4,1,38,52,232132,8,0,0,45
3,11,2,3,0,4,1,38,35,105821,9,5178,0,40
3,10,2,9,0,4,1,38,48,173243,16,0,0,45
5,11,2,4,0,4,1,38,68,69249,9,0,0,50
3,12,2,3,0,4,1,38,44,60414,14,0,0,40
1,12,2,9,5,4,0,38,48,317360,14,0,0,40
3,12,0,3,1,4,1,38,54,162238,14,0,0,50
3,12,4,9,1,4,1,38,35,87556,14,0,0,45
3,11,2,9,0,4,1,38,50,183173,9,99999,0,40
1,11,2,3,0,4,1,38,57,47392,9,0,0,40
3,15,0,2,4,4,1,38,46,358585,10,0,0,40
3,9,5,11,1,4,0,38,33,377283,13,0,0,50
7,11,2,14,0,4,1,38,65,76043,9,0,0,1
3,15,2,2,0,4,1,38,46,110171,10,7688,0,40
3,11,2,2,0,4,1,38,43,163455,9,0,0,40
0,9,2,3,0,4,1,38,55,145401,13,0,0,40
4,5,2,2,0,4,1,38,48,184787,4,0,0,50
6,12,2,9,0,4,1,38,37,239409,14,0,0,60
6,11,4,13,1,0,1,38,27,23740,9,0,0,38
3,12,2,9,0,4,1,38,26,164488,14,0,1887,40
3,7,2,9,0,4,1,38,28,189530,12,0,0,40
3,12,2,11,0,4,1,38,35,224512,14,0,0,55
7,15,2,14,0,4,1,38,70,410980,10,0,0,10
3,11,0,2,1,4,1,38,52,38795,9,0,0,40
1,12,6,9,4,2,0,38,68,233954,14,0,0,40
3,9,2,3,0,4,1,38,37,86551,13,0,0,50
3,11,4,11,1,4,1,38,35,241998,9,4787,0,40
3,8,2,11,0,4,1,38,41,204235,11,0,0,40
0,11,2,13,0,2,1,38,48,215389,9,0,0,40
3,14,2,2,0,4,1,38,39,173476,15,7688,0,40
3,8,0,9,1,4,0,38,38,217349,11,14344,0,40
3,8,2,2,0,4,1,38,44,377018,11,0,0,40
3,0,2,11,5,1,0,23,56,99894,6,0,0,30
3,15,4,0,1,4,0,38,47,198769,10,0,0,40
3,9,4,9,1,2,0,38,31,178623,13,14084,0,60
0,15,0,9,4,4,0,38,41,106982,10,0,0,40
3,11,2,0,0,2,1,38,45,203653,9,7298,0,40
4,9,2,11,0,4,1,38,52,114758,13,15024,0,50
3,12,2,3,0,4,1,38,36,199439,14,0,0,45
4,14,2,11,0,4,1,38,52,81436,15,0,0,40
4,9,2,3,0,4,1,38,44,352971,13,0,0,45
3,15,2,11,0,4,1,38,53,375134,10,0,0,60
3,9,2,11,0,4,1,38,36,206521,13,0,0,60
3,7,2,12,0,4,1,38,41,171615,12,0,0,45
5,14,2,9,0,4,1,38,64,149698,15,0,0,40
3,10,2,9,0,3,1,38,49,133969,16,0,0,50
3,15,2,0,0,2,1,38,25,253267,10,0,1902,36
3,12,2,0,0,4,1,38,37,202027,14,7688,0,50
5,14,0,9,1,4,1,38,53,321865,15,0,0,60
7,12,2,14,5,4,0,38,52,92968,14,15024,0,40
6,9,2,3,0,4,1,38,43,126701,13,0,0,35
5,9,2,4,0,4,1,38,41,197176,13,0,0,75
0,15,2,0,0,4,1,32,45,81487,10,0,0,40
3,14,2,9,0,4,1,38,37,189878,15,0,0,50
3,11,2,13,0,4,1,38,48,159726,9,0,0,55
3,9,2,2,0,1,1,29,35,202397,13,0,0,40
3,9,2,2,0,4,1,38,36,241998,13,0,0,50
6,11,2,0,0,4,1,38,65,215908,9,0,2174,40
3,11,2,6,0,4,1,38,48,212120,9,0,0,40
3,12,5,3,1,4,1,19,37,109133,14,27828,0,60
0,15,2,13,5,4,0,38,41,253770,10,7298,0,40
3,1,2,2,0,4,1,38,52,138944,7,0,0,40
3,9,2,3,0,4,1,38,39,280570,13,3103,0,50
3,9,2,3,0,4,1,38,49,177211,13,0,0,50
4,11,2,3,0,4,1,38,28,31717,9,0,0,45
3,15,2,3,0,4,1,38,49,296849,10,0,0,40
3,8,5,2,2,4,1,38,44,185798,11,0,0,48
3,9,2,2,0,4,1,38,52,298215,13,0,0,50
5,15,2,2,0,4,1,38,36,409189,10,0,0,40
1,12,2,9,5,4,0,8,39,170382,14,0,0,50
3,1,2,13,0,4,1,38,48,195437,7,0,0,40
1,8,2,10,0,4,1,38,50,191130,11,0,0,40
6,12,2,11,0,4,1,38,49,423222,14,99999,0,80
4,10,2,3,0,4,1,38,70,272896,16,0,0,40
3,9,2,12,5,4,0,38,32,127875,13,0,0,40
3,11,2,2,0,2,1,38,46,403911,9,0,1902,40
3,9,2,7,5,1,0,23,40,177027,13,7688,0,52
1,9,0,9,1,4,0,38,46,230979,13,4787,0,25
3,9,2,9,0,4,1,38,41,137126,13,0,1977,45
0,15,2,3,0,4,1,38,44,113597,10,0,0,55
5,8,2,11,0,4,1,38,47,26145,11,0,0,40
0,9,2,3,0,2,1,38,58,497253,13,0,0,40
5,5,2,11,0,4,1,38,38,282461,4,0,0,35
7,9,2,14,0,4,1,21,65,149131,13,0,0,40
3,11,2,0,0,4,1,38,48,449354,9,4386,0,45
3,15,2,11,0,4,1,38,60,96099,10,0,0,40
3,15,2,3,0,4,1,38,45,175925,10,0,0,60
3,15,2,9,0,2,1,22,34,300681,10,0,0,40
3,11,2,2,0,4,1,38,41,92733,9,0,0,40
0,11,2,0,0,4,1,8,37,32528,9,0,0,40
1,15,2,12,0,4,1,38,36,113337,10,0,0,42
3,15,2,9,0,4,1,33,47,387468,10,0,0,40
3,14,2,9,5,4,0,38,40,198873,15,15024,0,30
1,9,2,0,0,4,1,38,37,160910,13,7298,0,40
5,14,0,9,4,4,0,38,42,199143,15,7430,0,44
3,15,2,3,0,4,1,38,47,191978,10,0,0,40
3,1,2,7,0,4,1,38,61,72442,7,0,0,40
3,9,2,7,0,4,1,38,26,178140,13,0,0,45
3,11,2,0,5,4,0,38,58,354024,9,0,0,40
3,12,2,9,0,4,1,38,40,154374,14,7688,0,40
3,9,2,11,0,4,1,38,33,132601,13,0,0,55
3,15,2,12,0,4,1,38,66,210825,10,0,0,40
1,15,2,10,0,4,1,38,36,251091,10,0,0,40
0,12,2,3,0,4,1,38,55,35723,14,0,0,60
3,12,2,3,0,4,1,38,60,151369,14,0,0,60
4,12,0,3,4,1,1,18,42,23510,14,0,2201,60
5,15,2,13,0,4,1,38,48,296066,10,0,0,50
3,10,2,3,0,1,1,23,44,148138,16,15024,0,40
3,15,2,12,0,4,1,38,59,127728,10,0,0,40
4,11,2,11,0,4,1,38,57,199768,9,0,1902,30
3,14,0,9,1,4,1,38,44,212894,15,0,0,55
3,14,2,9,0,4,1,38,30,167990,15,0,0,60
3,12,2,9,0,4,1,38,44,151089,14,0,1887,60
6,15,2,9,0,2,1,38,34,177331,10,4386,0,40
5,11,2,4,0,4,1,38,36,36270,9,0,1977,65
3,14,2,9,0,1,1,18,39,198654,15,0,2415,67
3,15,2,2,0,4,1,38,58,104333,10,0,0,40
3,15,2,9,0,4,1,38,40,442045,10,0,0,40
7,11,2,14,5,4,0,38,40,253370,9,0,0,35
3,9,4,11,1,4,1,38,34,213226,13,0,0,65
5,9,2,3,0,4,1,38,58,450544,13,0,0,40
3,11,2,2,0,4,1,38,43,195258,9,0,0,40
3,11,2,3,5,4,0,38,35,953588,9,0,0,40
1,12,0,3,1,4,0,38,52,194788,14,4787,0,60
4,9,2,11,0,4,1,38,43,155293,13,0,0,60
6,9,2,9,5,4,0,38,34,216283,13,0,0,45
3,9,2,2,0,1,1,0,37,355856,13,0,0,40
3,9,2,9,0,4,1,38,47,355320,13,15024,0,40
1,8,2,10,0,4,1,38,36,223433,11,0,0,53
3,9,2,9,0,4,1,38,44,151089,13,0,1902,50
6,12,2,9,0,4,1,38,51,285747,14,0,1977,60
3,0,2,13,0,4,1,38,59,31782,6,0,0,45
3,7,2,2,0,4,1,38,27,263614,12,0,0,45
3,9,2,11,0,4,1,38,29,74500,13,0,0,40
7,12,2,14,0,4,1,38,55,389479,14,0,0,50
3,15,2,6,0,4,1,38,37,152307,10,0,0,40
1,11,2,10,0,2,1,38,35,300681,9,7298,0,35
0,9,2,9,0,4,1,38,57,140711,13,0,0,40
3,10,2,9,0,1,1,36,31,136398,16,0,0,50
4,14,2,9,0,4,1,38,50,175070,15,0,0,45
5,9,2,4,0,4,1,38,43,34007,13,0,0,70
3,9,2,4,0,4,1,41,35,81280,13,0,0,65
1,9,2,10,0,2,1,38,33,220430,13,0,0,70
1,9,2,0,5,4,0,10,36,380614,13,0,0,35
3,12,2,3,0,4,1,1,33,192002,14,7298,0,60
7,12,2,14,0,4,1,38,62,378239,14,0,0,2
3,9,2,9,0,4,1,38,73,336007,13,0,2246,40
3,15,2,2,0,4,1,38,26,222539,10,0,0,40
3,9,2,5,0,4,1,38,35,202027,13,7298,0,35
3,15,2,6,0,4,1,38,32,26803,10,0,0,84
3,11,2,13,0,4,1,38,42,344624,9,0,1902,50
3,11,2,2,0,4,1,38,54,185407,9,7688,0,40
5,11,2,4,0,4,1,38,35,176101,9,0,0,80
3,9,2,9,5,4,0,38,41,58880,13,7688,0,10
3,7,2,12,0,4,1,38,40,285787,12,0,0,40
3,15,2,12,0,4,1,38,46,173243,10,5178,0,40
3,9,2,0,5,4,0,38,42,227397,13,0,0,40
5,9,2,2,0,4,1,38,49,111066,13,0,0,50
3,15,2,2,0,4,1,38,31,172304,10,0,0,50
3,8,2,13,0,4,1,38,31,86492,11,0,0,30
3,12,2,9,5,4,0,38,90,206667,14,0,0,40
5,11,4,2,1,4,1,38,30,115932,9,99999,0,50
1,9,4,9,3,4,1,38,46,148995,13,4787,0,45
3,12,2,9,0,4,1,39,39,99146,14,0,0,40
5,11,2,5,0,4,1,38,38,185325,9,0,0,40
4,9,2,11,0,4,1,38,49,38819,13,0,0,50
3,7,2,9,5,4,0,38,37,380614,12,0,0,13
3,9,2,11,0,4,1,38,44,320984,13,0,0,60
3,8,2,3,0,4,1,38,29,53434,11,0,0,60
4,8,2,11,0,4,1,38,56,24127,11,0,0,54
3,9,2,11,0,4,1,38,66,117746,13,0,0,50
4,8,2,3,0,4,1,38,58,89922,11,15024,0,40
3,9,2,9,0,4,1,38,62,69867,13,0,0,55
3,9,2,9,0,4,1,38,41,320744,13,0,0,40
3,12,2,3,0,4,1,38,50,138852,14,15024,0,50
3,9,2,3,0,4,1,38,43,91959,13,0,0,45
3,9,2,11,0,4,1,38,36,139364,13,0,0,50
3,9,2,9,0,4,1,38,34,153326,13,0,0,40
3,12,4,11,1,4,0,38,59,154100,14,27828,0,45
3,7,2,0,0,4,1,38,60,367695,12,0,0,40
3,11,2,11,0,4,1,38,46,185385,9,0,0,65
3,15,2,3,0,4,1,38,39,80324,10,0,1977,62
3,9,4,3,3,4,0,38,32,317378,13,10520,0,40
6,14,2,9,5,4,0,38,37,76767,15,0,0,39
3,12,2,0,0,4,1,38,42,172297,14,0,1902,40
3,12,4,9,1,4,1,38,40,213821,14,0,0,40
3,9,4,0,1,4,1,38,28,378460,13,10520,0,60
3,12,2,9,0,1,1,16,27,298635,14,0,0,40
3,11,2,2,0,4,1,38,50,48358,9,7688,0,40
6,9,2,3,0,4,1,38,47,199512,13,0,0,40
3,15,2,9,0,0,1,38,40,96509,10,0,0,40
3,11,2,0,0,4,1,38,62,226733,9,0,0,40
7,12,2,14,0,4,1,38,40,351161,14,0,0,60
3,9,2,11,0,4,1,38,35,186934,13,0,0,50
4,9,2,3,0,4,1,38,54,129432,13,15024,0,40
3,9,4,9,3,4,1,38,26,102476,13,10520,0,64
0,9,2,3,0,1,1,38,44,68729,13,0,0,40
3,11,2,2,0,4,1,38,55,141326,9,0,0,40
3,9,4,9,1,4,1,38,30,347166,13,13550,0,45
1,11,2,10,0,4,1,38,34,213722,9,0,0,57
0,15,2,0,0,2,1,38,34,199934,10,0,0,40
7,8,2,14,5,4,0,38,65,117162,11,0,0,56
3,11,2,2,0,4,1,38,47,115613,9,0,0,50
3,15,4,9,1,2,1,38,39,121590,10,4787,0,40
3,15,4,0,1,4,0,38,53,126368,10,0,0,50
3,11,2,11,0,4,1,38,50,185846,9,0,0,55
5,9,2,11,0,4,1,38,46,102308,13,0,2415,40
5,14,2,9,0,4,1,38,56,94156,15,0,1977,50
3,9,2,9,0,4,1,38,50,145409,13,15024,0,40
3,15,2,6,0,4,1,38,45,408773,10,0,0,40
3,15,2,11,0,4,1,38,45,155489,10,0,0,60
6,9,2,0,0,4,1,38,44,185832,13,0,0,46
3,9,2,9,0,4,1,38,60,43235,13,0,0,50
1,15,2,3,0,4,1,38,25,334267,10,0,0,40
3,11,2,3,0,4,1,38,43,64631,9,15024,0,50
3,12,2,9,0,4,1,38,46,196858,14,0,0,35
0,11,2,0,0,2,1,38,53,271544,9,0,1977,40
0,11,2,13,0,2,1,38,47,192894,9,0,0,50
1,9,2,0,0,4,1,38,37,397877,13,0,0,40
3,15,0,0,4,4,0,38,51,115066,10,0,2547,40
5,11,2,2,0,4,1,38,35,170174,9,7298,0,60
1,8,2,10,0,4,1,38,45,127678,11,0,0,60
5,11,2,9,0,4,1,38,29,116207,9,0,0,65
3,11,2,0,0,4,1,38,59,144071,9,0,0,40
3,12,2,3,0,4,1,38,42,124692,14,0,0,40
3,11,2,2,0,4,1,38,47,147236,9,0,0,40
3,11,2,2,0,4,1,38,49,192894,9,0,0,40
3,11,2,5,0,4,1,38,45,241350,9,0,0,48
3,15,2,3,0,4,1,1,52,186303,10,15024,0,55
3,15,2,12,5,4,0,38,40,237671,10,0,0,40
3,9,2,3,0,4,1,38,33,169496,13,0,0,50
3,11,2,2,0,4,1,25,37,412296,9,0,0,35
1,12,2,3,0,4,1,38,49,37353,14,0,0,40
3,12,4,9,1,4,1,38,39,180477,14,0,0,60
3,9,2,3,0,4,1,38,30,111415,13,0,0,45
3,9,2,3,0,4,1,38,47,284871,13,0,1887,40
3,11,2,11,0,4,1,38,52,163998,9,99999,0,45
5,11,2,4,0,4,1,38,54,33863,9,0,0,60
5,15,2,3,2,4,1,38,29,104423,10,4386,0,45
3,11,2,3,0,4,1,38,51,279156,9,7298,0,40
3,12,2,9,0,4,1,38,35,185556,14,0,1887,40
0,9,2,3,0,4,1,38,53,84278,13,0,0,48
3,11,2,3,5,4,0,38,40,114580,9,0,0,24
3,11,2,0,0,4,1,38,36,185405,9,0,0,50
1,11,2,2,0,4,1,38,51,349431,9,4386,0,40
3,9,0,10,1,2,1,38,32,155232,13,0,0,60
3,9,4,9,1,4,1,38,43,182437,13,0,0,45
1,10,2,9,0,4,1,38,49,358668,16,0,0,45
3,9,2,3,0,4,1,38,45,126141,13,0,0,40
3,14,5,9,1,4,1,38,46,249686,15,0,0,50
3,9,2,3,0,4,1,38,54,185407,13,0,0,60
3,9,2,2,0,4,1,38,34,163110,13,0,0,45
3,9,2,9,0,4,1,38,30,159187,13,0,1902,55
4,15,2,3,0,4,1,38,60,181196,10,0,0,40
3,9,2,10,0,4,1,38,29,168138,13,0,0,40
5,11,2,4,0,4,1,38,44,172479,9,15024,0,60
6,9,2,2,0,4,1,38,64,111795,13,0,0,45
3,15,2,3,0,4,1,10,31,364657,10,0,0,50
3,7,2,7,5,4,0,38,35,272476,12,0,0,35
0,15,0,3,4,2,0,38,36,47310,10,0,0,40
3,11,2,9,0,4,1,38,41,163287,9,7688,0,43
1,12,2,9,5,4,0,38,46,324561,14,0,0,45
3,15,2,5,0,4,1,38,43,154076,10,0,0,40
3,15,2,13,0,4,1,38,24,233499,10,0,0,40
3,3,2,2,0,2,1,13,54,167552,2,0,0,40
6,10,2,3,0,4,1,38,54,103179,16,0,1902,50
0,15,0,0,1,4,1,38,38,172571,10,0,0,40
3,11,2,7,0,4,1,38,34,226296,9,0,0,40
3,15,2,9,0,2,1,13,54,179291,10,0,0,56
3,12,2,9,0,1,1,18,30,122889,14,0,0,50
3,8,2,9,0,4,1,38,45,276087,11,0,0,24
4,11,2,7,0,4,1,38,69,106395,9,0,0,40
7,11,2,14,0,4,1,38,48,193047,9,0,0,40
3,15,2,4,0,4,1,38,39,348521,10,0,2415,99
3,15,2,6,0,4,1,38,40,222756,10,0,0,40
3,15,2,2,0,4,1,38,57,204751,10,0,0,40
3,15,2,13,0,4,1,38,59,258579,10,3103,0,35
3,7,2,11,0,4,1,38,42,369131,12,0,0,55
3,15,2,11,0,4,1,38,58,34788,10,0,1887,40
3,9,2,9,0,4,1,38,45,55720,13,0,0,40
3,15,2,11,5,4,0,38,38,186145,10,0,0,40
5,9,2,11,0,4,1,38,42,96524,13,0,0,40
3,14,2,9,0,4,1,38,46,28419,15,99999,0,50
3,9,0,11,4,4,1,38,44,101214,13,0,0,44
1,12,4,9,1,4,0,38,42,213019,14,0,0,40
3,10,5,3,4,4,1,38,45,207540,16,0,0,40
3,9,2,3,0,4,1,38,40,107306,13,0,0,40
4,15,2,3,0,4,1,38,71,118119,10,20051,0,50
3,11,2,13,0,4,1,38,26,210714,9,0,0,52
3,9,2,3,0,4,1,38,51,99185,13,0,0,60
1,7,2,3,0,2,1,38,41,396467,12,0,0,50
3,12,2,3,0,4,1,38,50,158680,14,0,0,50
3,11,2,6,0,4,1,38,53,218630,9,0,0,40
4,11,2,3,0,4,1,38,32,99309,9,0,0,40
3,11,2,3,0,4,1,38,58,147707,9,15024,0,60
0,9,3,3,1,4,1,38,47,44257,13,0,0,60
4,15,2,3,0,4,1,38,51,194995,10,0,0,45
6,9,2,3,0,4,1,38,42,345969,13,0,0,48
3,11,2,3,0,4,1,38,50,161438,9,0,0,50
5,11,2,11,3,4,0,38,46,176319,9,7298,0,40
4,9,2,9,0,4,1,38,58,258883,13,0,0,60
3,12,2,9,0,4,1,39,47,202812,14,0,0,40
3,9,6,11,1,4,1,38,68,225612,13,0,0,35
3,14,2,9,0,4,1,38,46,203067,15,0,0,40
5,6,2,2,0,4,1,38,40,155106,5,0,0,40
1,9,2,0,5,4,0,38,52,100226,13,0,0,40
3,9,2,3,0,4,1,38,40,63503,13,0,0,40
3,8,2,13,0,4,1,38,33,220362,11,0,0,84
1,9,2,9,0,4,1,38,32,209900,13,0,0,65
5,9,0,9,2,4,1,38,32,173854,13,0,0,35
4,12,2,11,0,4,1,38,51,124963,14,0,0,40
3,11,4,13,1,4,1,38,69,182862,9,15831,0,40
1,9,6,9,1,4,0,38,55,31365,13,0,0,40
3,8,2,2,0,4,1,38,45,148171,11,15024,0,40
3,11,2,13,0,4,1,38,50,107265,9,0,0,50
7,9,2,14,5,4,0,38,43,109912,13,0,0,7
1,9,2,9,5,4,0,38,47,183486,13,0,0,50
0,12,2,9,0,4,1,38,36,153066,14,0,0,40
4,9,2,4,0,4,1,38,62,56248,13,0,2415,60
3,11,2,12,0,4,1,38,65,105252,9,0,0,40
5,14,2,9,0,4,1,38,46,168195,15,0,1902,45
4,9,2,11,0,4,1,38,47,239321,13,0,0,40
3,9,2,9,5,4,0,38,29,137476,13,0,0,35
6,9,2,9,0,4,1,38,38,203628,13,0,0,45
6,11,2,10,0,4,1,38,36,37931,9,0,0,48
3,15,2,0,0,4,1,38,26,108542,10,0,0,40
3,9,2,12,5,4,0,38,27,253814,13,0,0,40
3,11,2,6,0,4,1,38,45,421412,9,0,0,45
4,11,2,3,0,4,1,38,51,183173,9,0,0,70
3,7,4,9,1,4,1,38,43,397280,12,0,0,50
0,15,2,2,0,4,1,38,46,332727,10,0,0,40
3,9,2,3,5,4,0,38,29,85572,13,0,0,42
1,15,2,10,0,4,1,38,35,211073,10,0,0,61
1,12,2,9,5,2,0,38,43,92374,14,0,0,35
3,9,2,9,0,4,1,38,30,196385,13,15024,0,35
5,8,2,9,5,4,0,38,40,175943,11,0,1977,15
0,12,2,3,0,4,1,38,41,36651,14,0,1848,40
3,15,0,3,1,4,1,38,48,190072,10,0,0,50
0,11,2,2,0,4,1,38,44,320071,9,0,0,40
3,9,2,9,0,4,1,38,25,306908,13,0,0,45
3,9,2,11,0,4,1,38,44,198096,13,7688,0,40
4,9,2,3,0,4,1,38,54,298215,13,0,0,50
3,9,2,3,0,4,1,38,38,368140,13,0,0,50
0,9,2,3,5,4,0,38,47,202560,13,0,0,40
4,9,2,9,0,4,1,38,38,308686,13,0,0,70
4,1,2,13,0,4,1,38,60,90915,7,0,0,40
4,14,2,9,0,4,1,38,40,191429,15,15024,0,40
3,11,2,13,0,0,1,38,47,89146,9,0,0,40
1,15,2,10,5,4,0,9,32,29235,10,0,0,40
3,11,2,0,0,4,1,38,54,141663,9,0,0,40
3,12,4,3,1,4,0,38,32,118551,14,0,0,45
1,10,2,3,0,4,1,38,52,35092,16,0,0,40
5,11,2,3,0,4,1,38,59,178353,9,0,0,50
5,11,2,13,0,4,1,38,54,103179,9,0,0,60
3,11,2,3,0,4,1,38,39,243409,9,0,0,60
3,11,2,0,5,4,0,38,34,162442,9,0,0,20
4,12,2,11,0,4,1,38,53,155983,14,0,0,65
7,9,2,14,5,4,0,38,34,170276,13,0,0,10
3,12,0,12,4,2,0,38,42,210275,14,4687,0,35
3,8,2,2,0,4,1,38,26,112754,11,0,0,65
4,10,2,9,0,4,1,38,48,287647,16,7688,0,55
3,12,0,3,4,2,0,38,39,150061,14,15020,0,60
5,10,3,9,1,4,1,38,74,173929,16,0,0,25
5,1,6,7,4,4,0,11,56,62539,7,0,0,65
3,9,4,9,1,4,0,38,29,157612,13,14344,0,40
3,11,2,2,0,4,1,38,59,31137,9,0,0,40
3,9,4,3,1,4,1,38,30,116138,13,27828,0,60
7,9,2,14,0,4,1,38,48,355890,13,0,0,55
3,9,2,9,5,4,0,38,58,136841,13,99999,0,35
3,11,2,6,0,4,1,38,46,155489,9,0,0,43
3,11,2,3,0,4,1,38,81,177408,9,0,2377,26
5,9,6,9,1,4,0,38,59,188003,13,0,0,50
1,9,2,3,0,4,1,38,46,65535,13,0,0,48
4,15,2,3,0,4,1,38,49,58359,10,15024,0,50
3,9,2,11,0,4,1,38,32,255424,13,0,0,60
3,9,2,3,0,4,1,38,40,124692,13,0,0,40
3,9,2,12,0,4,1,38,31,288566,13,0,0,43
4,12,2,3,0,4,1,38,52,89041,14,15024,0,60
3,14,2,9,0,2,1,38,46,269045,15,0,0,40
0,9,2,3,0,4,1,38,47,323798,13,0,0,40
3,9,2,9,0,4,1,38,55,463072,13,0,0,60
3,15,0,0,4,4,0,38,37,270059,10,25236,0,25
3,11,2,2,0,4,1,38,55,117299,9,7688,0,40
0,9,2,9,0,4,1,38,41,153132,13,0,0,38
3,9,4,3,1,4,0,38,29,175738,13,0,0,45
3,8,2,2,0,4,1,38,48,155659,11,7688,0,40
3,15,2,11,0,4,1,38,41,153031,10,0,0,65
0,8,2,10,0,4,1,38,44,469454,11,7298,0,48
3,12,2,3,0,4,1,9,31,176185,14,0,0,60
3,10,2,9,0,4,1,38,52,160703,16,0,0,65
5,14,2,9,0,4,1,38,44,163985,15,0,0,32
3,11,2,13,0,4,1,38,35,186183,9,15024,0,80
3,8,4,3,1,4,1,11,27,128730,11,10520,0,65
3,11,2,3,0,4,1,38,37,215503,9,4386,0,45
3,8,2,9,0,4,1,38,44,226129,11,0,0,50
3,9,2,3,0,4,1,38,34,175856,13,3103,0,55
5,11,2,11,5,4,0,38,38,423616,9,0,0,24
4,10,2,9,0,4,1,38,53,100029,16,0,0,40
3,15,2,3,0,4,1,38,33,204494,10,0,0,56
3,12,2,3,0,2,1,38,45,154308,14,0,0,40
3,9,2,3,5,4,0,38,28,100829,13,0,0,50
3,8,2,2,0,4,1,38,38,203169,11,0,0,50
3,11,2,13,0,4,1,38,48,233511,9,0,0,50
3,9,2,9,0,4,1,38,62,94318,13,0,0,50
3,11,2,6,0,4,1,38,30,190511,9,0,0,40
4,11,2,11,0,4,1,38,41,125831,9,0,1887,55
3,10,2,3,0,4,1,38,52,167794,16,0,0,38
4,15,2,11,0,4,1,38,36,186035,10,0,0,60
3,15,2,3,5,4,0,38,34,191856,10,7298,0,40
5,11,2,7,5,4,0,38,31,252752,9,0,2415,40
5,15,2,2,0,4,1,38,69,204645,10,9386,0,72
3,12,2,9,0,4,1,38,39,186183,14,0,0,40
3,2,2,2,0,2,1,39,42,337629,8,0,0,60
3,12,0,9,1,4,0,38,52,168001,14,0,0,40
3,12,2,11,0,4,1,9,28,319768,14,0,0,45
3,9,2,3,0,4,1,38,34,209101,13,5178,0,55
3,9,2,9,0,4,1,38,50,171924,13,0,0,43
3,9,2,0,5,4,0,38,26,391349,13,0,0,40
3,12,4,9,1,1,0,35,35,285102,14,0,0,40
3,11,2,2,0,4,1,38,57,178353,9,0,0,50
3,11,2,3,0,4,1,38,56,179781,9,0,0,40
3,7,2,2,0,4,1,38,41,177305,12,0,0,60
3,9,2,11,0,4,1,38,27,185670,13,0,0,60
0,11,2,0,5,4,0,38,43,233851,9,0,0,40
3,9,2,9,0,4,1,20,68,104438,13,0,0,40
3,8,0,3,1,4,1,38,45,102147,11,0,0,40
3,15,2,11,0,4,1,38,30,231826,10,0,0,40
3,15,2,2,0,4,1,38,42,78765,10,3103,0,45
3,11,2,13,0,4,1,38,33,162572,9,0,0,55
0,11,2,2,0,4,1,38,45,102569,9,0,0,40
3,11,2,2,0,4,1,38,41,194360,9,0,1887,40
4,15,2,3,0,4,1,38,49,191277,10,15024,0,50
0,12,4,0,1,4,0,38,52,37289,14,0,0,40
1,10,2,3,0,4,1,38,38,286405,16,0,1887,50
3,15,2,11,0,4,1,38,43,60001,10,0,0,40
3,11,2,11,0,4,1,38,33,217460,9,0,0,60
5,9,2,11,0,4,1,38,40,243636,13,0,0,50
6,11,2,4,0,4,1,38,55,169482,9,0,0,40
1,15,4,10,1,2,0,38,39,183620,10,0,0,40
3,15,2,3,0,4,1,38,51,197656,10,0,0,45
5,11,2,4,0,4,1,38,57,35561,9,0,0,60
3,9,0,3,1,4,1,8,34,156464,13,0,0,85
3,11,2,2,0,4,1,38,46,201699,9,0,0,40
3,11,2,4,0,4,1,38,55,349910,9,0,0,45
4,14,0,9,4,4,1,38,45,208802,15,25236,0,36
6,14,0,9,4,2,1,38,45,190406,15,25236,0,36
3,11,2,2,0,2,1,38,35,263081,9,0,0,60
3,8,2,3,5,4,0,38,36,115834,11,7298,0,55
3,9,2,9,0,4,1,38,51,95946,13,0,0,50
1,9,2,11,0,1,1,29,35,302149,13,7298,0,40
5,11,2,11,0,4,1,38,58,61474,9,0,0,55
3,12,2,3,0,2,1,38,57,141570,14,0,1977,40
3,9,2,3,5,4,0,38,40,225660,13,0,0,45
5,11,2,3,0,4,1,38,31,210164,9,0,0,40
3,15,2,9,0,4,1,38,40,409922,10,7298,0,40
7,14,4,14,1,4,1,38,65,224472,15,25124,0,80
3,9,2,9,0,4,1,38,31,144949,13,0,0,40
3,11,2,2,0,4,1,38,40,147206,9,0,0,40
3,9,2,9,0,4,1,38,38,187870,13,7298,0,50
3,15,2,3,0,4,1,38,36,41017,10,0,0,52
3,15,2,2,0,4,1,38,44,245317,10,0,0,56
3,15,2,9,5,1,0,38,30,89625,10,0,0,5
4,15,2,3,0,4,1,38,36,180477,10,0,0,50
3,12,4,9,1,4,0,38,34,190385,14,0,0,40
3,9,2,0,0,1,1,29,46,192963,13,0,2415,35
4,9,2,11,0,4,1,38,34,209538,13,0,0,50
6,11,2,0,0,4,1,38,48,122066,9,0,0,35
3,15,2,3,0,4,1,38,55,255364,10,0,0,60
5,14,2,9,0,4,1,38,34,192259,15,0,0,35
1,9,2,9,0,4,1,38,41,34987,13,0,0,35
3,9,2,3,0,4,1,38,35,214816,13,0,0,40
3,9,2,12,0,4,1,38,42,127314,13,0,0,45
5,9,2,9,0,4,1,38,59,165315,13,99999,0,43
3,9,2,3,0,4,1,38,57,190997,13,0,0,50
3,9,4,3,1,4,0,38,56,188856,13,8614,0,55
5,14,2,9,0,4,1,38,46,198759,15,0,2415,80
3,11,2,3,5,4,0,38,28,167336,9,0,0,45
3,9,2,3,0,4,1,38,42,303155,13,0,0,50
3,15,2,9,5,4,0,38,33,168030,10,7298,0,21
3,11,2,7,0,2,1,38,47,230136,9,0,0,60
1,11,2,2,0,4,1,38,50,124963,9,0,1977,35
3,12,2,3,0,4,1,38,40,111483,14,0,0,50
1,12,2,9,0,4,1,38,30,211654,14,0,0,40
3,11,2,13,0,0,1,38,52,282674,9,0,0,40
6,9,4,9,1,4,1,38,23,287988,13,10520,0,40
5,9,2,11,0,4,1,38,47,122307,13,0,1887,40
4,11,2,11,0,4,1,38,58,174864,9,0,0,55
3,15,2,2,0,4,1,38,46,423222,10,3103,0,60
3,12,2,9,0,4,1,38,43,214781,14,5178,0,40
3,9,2,9,0,4,1,38,58,111394,13,0,0,40
3,4,2,13,0,4,1,38,54,53833,3,0,0,40
3,11,0,12,4,4,1,38,59,277034,9,0,0,60
3,11,2,11,0,4,1,38,39,106961,9,0,0,40
3,15,2,3,0,4,1,38,44,33521,10,0,0,40
6,11,2,7,5,0,0,38,53,105728,9,0,0,28
3,11,0,3,1,4,1,38,55,171242,9,0,0,60
3,15,0,2,4,4,1,38,29,54932,10,0,0,35
3,9,2,11,0,4,1,38,30,227146,13,0,0,40
5,12,2,9,0,4,1,38,55,157486,14,7298,0,40
1,15,2,10,0,4,1,38,49,329144,10,0,0,44
0,11,2,0,0,4,1,38,30,266463,9,0,0,40
3,8,2,12,0,4,1,38,28,176683,11,0,0,70
5,9,2,12,0,4,1,38,37,607848,13,0,0,40
3,12,4,9,1,4,0,38,39,202937,14,0,0,40
0,9,2,0,0,4,1,38,32,83413,13,0,0,35
3,6,2,11,3,4,1,38,36,112497,5,0,0,50
3,9,2,11,0,4,1,38,30,97521,13,0,0,50
3,11,2,3,0,4,1,38,30,39054,9,0,0,65
3,12,2,12,0,4,1,38,57,170287,14,0,0,40
1,11,2,10,0,4,1,38,44,433705,9,0,0,52
3,11,2,5,0,4,1,38,42,165599,9,0,0,40
3,11,2,3,0,4,1,38,59,182460,9,0,0,30
3,9,3,9,1,4,1,38,48,344415,13,0,0,37
3,9,5,3,4,4,1,38,43,27766,13,0,0,60
3,9,2,3,0,1,1,23,41,22201,13,0,0,40
3,9,2,0,5,4,0,4,27,221436,13,0,0,40
6,9,2,9,0,2,1,38,46,55377,13,0,0,40
3,15,2,3,0,4,1,38,46,156926,10,0,0,60
3,9,2,0,0,4,1,38,55,160362,13,0,0,40
5,9,2,3,0,1,1,34,44,182771,13,0,0,48
3,11,2,2,0,4,1,38,34,55717,9,0,1848,50
5,11,2,2,5,2,0,38,35,462832,9,0,0,40
6,9,2,3,0,4,1,32,54,119565,13,0,0,40
3,12,2,9,0,4,1,38,42,169383,14,0,0,40
3,11,2,11,0,2,1,38,47,191957,9,0,0,40
7,14,4,14,1,1,1,23,35,98080,15,4787,0,45
6,12,2,3,0,4,1,38,53,197184,14,0,0,70
3,9,2,9,0,4,1,38,56,187295,13,0,0,40
3,15,2,0,5,4,0,38,28,233796,10,7298,0,32
3,11,2,6,0,4,1,38,50,97741,9,0,0,45
1,12,2,3,0,4,1,38,45,160173,14,7688,0,50
7,11,2,14,5,4,0,38,59,182836,9,0,0,40
3,14,2,9,0,4,1,38,50,172175,15,0,0,50
3,15,2,2,0,4,1,38,56,83922,10,0,0,40
3,9,2,0,0,4,1,38,33,154981,13,0,1902,50
5,11,2,2,0,4,1,38,50,401118,9,99999,0,50
3,15,0,3,1,4,1,38,39,98776,10,0,0,50
4,15,2,4,0,4,1,38,40,193524,10,0,0,40
6,10,2,9,0,4,1,38,59,192258,16,0,0,40
0,11,2,12,0,4,1,38,42,214838,9,0,0,30
4,10,2,9,0,4,1,38,54,147239,16,0,0,60
3,15,2,3,0,4,1,38,38,159179,10,0,1902,50
0,15,2,3,0,4,1,38,54,114674,10,0,0,40
5,12,4,3,1,1,1,38,41,95708,14,0,0,45
5,9,2,4,0,4,1,38,45,28497,13,0,1485,70
6,8,2,10,0,4,1,38,42,148316,11,0,0,40
3,15,2,2,0,4,1,38,53,304353,10,0,0,36
6,15,2,9,5,2,0,38,30,218640,10,0,0,40
3,14,2,9,0,1,1,39,40,79586,15,99999,0,40
3,9,2,3,5,4,0,38,28,175710,13,0,0,40
3,11,2,6,5,4,0,38,54,202115,9,0,0,40
1,14,2,0,0,1,1,29,56,216824,15,0,0,40
3,11,2,13,0,4,1,38,30,137076,9,0,0,40
3,15,2,2,0,4,1,1,36,152621,10,0,0,40
0,9,2,9,0,4,1,38,45,358242,13,0,0,45
3,9,2,9,5,4,0,38,39,184117,13,7688,0,20
1,9,2,10,0,2,1,38,28,149991,13,0,0,42
3,12,2,11,0,4,1,38,31,189759,14,0,0,40
3,10,2,9,0,4,1,38,43,58447,16,99999,0,55
6,14,2,9,0,4,1,38,32,111363,15,0,0,75
1,15,2,10,0,4,1,38,46,167159,10,0,0,70
5,9,2,9,0,4,1,38,31,177675,13,0,0,40
3,9,2,3,0,4,1,38,47,246739,13,99999,0,55
3,7,2,2,0,4,1,38,46,155489,12,0,0,44
5,11,2,4,0,4,1,38,51,156802,9,3103,0,60
3,12,2,2,0,4,1,38,50,168212,14,0,1902,45
3,11,2,2,0,4,1,38,36,187999,9,0,0,40
6,12,2,9,5,4,0,38,39,122011,14,5178,0,38
3,9,2,0,0,4,1,38,46,165953,13,0,0,45
6,10,2,9,0,4,1,38,53,231472,16,0,0,40
3,11,0,3,1,4,1,38,45,229967,9,13550,0,50
3,7,2,3,0,4,1,38,43,178780,12,0,0,45
4,11,4,3,1,4,1,38,51,210736,9,10520,0,40
3,15,2,11,0,4,1,38,34,113838,10,0,0,45
1,11,2,2,0,4,1,38,31,121055,9,0,0,70
3,11,2,0,5,4,0,38,37,67433,9,0,0,40
3,9,2,13,0,1,1,38,34,100669,13,0,0,40
3,1,2,2,0,4,1,38,46,155659,7,0,1902,40
1,12,2,3,0,4,1,38,41,32185,14,0,0,40
5,11,2,3,0,4,1,38,50,172281,9,7688,0,50
3,9,2,3,0,4,1,38,32,316589,13,0,0,40
4,8,2,2,0,4,1,38,39,143123,11,0,2415,40
3,11,2,13,0,4,1,38,44,210013,9,0,0,40
0,11,2,4,0,4,1,38,43,195897,9,7298,0,40
3,14,4,9,1,4,0,38,49,43206,15,0,0,55
3,11,2,13,0,4,1,38,37,202950,9,0,0,40
3,14,2,9,0,4,1,38,34,112115,15,0,1977,55
3,15,2,2,0,4,1,38,51,355954,10,0,0,60
3,11,2,11,0,4,1,38,40,48087,9,7298,0,45
3,11,2,11,5,4,0,38,32,387270,9,0,0,40
5,15,2,7,5,4,0,38,39,65738,10,0,0,15
4,8,6,11,1,4,0,38,68,52052,11,25124,0,50
3,9,3,3,1,4,0,38,48,166809,13,0,0,50
3,11,2,11,0,4,1,38,31,194901,9,0,0,50
4,9,2,3,0,4,1,38,41,149102,13,0,0,35
3,0,2,5,0,4,1,38,65,36209,6,0,0,22
3,11,2,2,0,4,1,38,34,305619,9,0,0,40
1,9,2,3,5,4,0,38,59,93211,13,0,0,22
1,15,0,3,4,4,1,38,49,219021,10,0,0,48
3,8,0,11,1,4,1,38,37,137229,11,0,0,45
3,15,2,2,0,4,1,38,48,212954,10,0,0,60
3,7,2,5,0,2,1,38,50,164198,12,15024,0,45
3,11,2,2,0,4,1,38,41,152958,9,0,0,40
4,7,2,11,0,4,1,38,54,119570,12,0,0,50
3,11,2,0,5,4,0,38,40,272343,9,0,0,40
3,11,2,13,0,4,1,38,50,145409,9,0,0,50
3,7,2,9,0,4,1,38,38,171150,12,0,0,40
3,14,0,9,1,4,1,38,37,82576,15,14084,0,36
1,12,2,3,0,4,1,38,60,165982,14,0,0,50
3,10,2,9,0,4,1,38,45,165484,16,0,0,50
1,12,2,9,5,4,0,38,28,168524,14,7688,0,35
3,14,2,2,0,4,1,38,62,205643,15,0,0,45
3,8,2,2,0,4,1,1,45,102559,11,0,0,40
3,9,2,3,0,4,1,38,47,60267,13,0,0,38
4,14,2,9,0,4,1,7,41,75742,15,0,0,45
3,12,2,9,5,1,0,2,34,88215,14,0,0,40
3,9,2,3,5,4,0,38,35,99357,13,0,1977,30
4,12,2,3,0,4,1,38,43,602513,14,0,0,50
0,8,2,0,0,4,1,38,46,97863,11,5178,0,40
3,7,6,3,1,4,0,38,59,308118,12,0,0,40
4,12,2,11,0,4,1,38,48,103713,14,0,0,40
3,11,2,13,0,4,1,38,55,162205,9,5178,0,72
4,11,2,3,0,4,1,38,61,187124,9,0,0,20
3,9,2,2,5,4,0,38,39,103260,13,0,0,30
3,9,0,3,1,4,0,38,39,191227,13,13550,0,50
4,10,2,3,5,4,0,38,48,382242,16,0,0,40
5,11,2,2,0,4,1,38,51,246820,9,7298,0,48
3,8,2,0,0,2,1,38,34,261799,11,0,0,45
3,14,4,9,1,4,0,38,38,111499,15,0,0,50
3,12,4,3,1,4,1,38,39,37314,14,0,0,50
3,9,2,3,0,4,1,1,47,156926,13,0,0,45
5,14,0,11,1,4,1,38,50,197054,15,0,0,50
5,11,2,4,0,4,1,38,64,36960,9,0,0,40
3,9,2,9,0,4,1,38,42,214503,13,0,0,44
5,12,0,3,1,4,1,38,53,284329,14,0,0,50
3,12,2,9,0,4,1,38,37,340614,14,0,0,50
3,15,2,3,0,4,1,38,57,61474,10,7688,0,45
7,8,2,14,0,4,1,38,47,99127,11,0,0,40
3,11,2,0,5,4,0,38,38,103925,9,0,0,40
0,15,2,0,0,2,1,38,40,346532,10,0,0,40
3,9,2,3,0,4,1,21,39,216256,13,0,0,60
1,12,2,9,0,4,1,38,40,153031,14,7298,0,35
4,9,2,11,0,4,1,25,32,275094,13,7688,0,55
3,15,0,2,1,4,1,38,53,200190,10,0,0,40
3,12,2,9,0,4,1,38,54,260052,14,0,0,40
3,11,2,2,0,4,1,38,49,139268,9,7298,0,40
3,9,2,9,0,1,1,29,31,167725,13,15024,0,48
3,9,2,3,0,4,1,38,53,94081,13,0,0,44
1,11,2,3,0,4,1,38,47,166863,9,0,0,40
3,15,2,9,0,4,1,10,52,104501,10,0,0,40
1,12,2,9,5,4,0,38,53,283602,14,15024,0,40
3,9,4,9,3,1,1,29,29,90934,13,0,0,64
3,9,2,11,0,4,1,38,61,162397,13,0,0,40
3,9,2,11,0,4,1,38,40,224658,13,0,0,45
3,15,2,2,0,4,1,38,53,139671,10,0,0,40
3,14,2,11,0,4,1,38,39,237713,15,0,2415,99
3,10,4,9,1,4,1,38,46,375606,16,0,0,40
3,9,2,11,0,4,1,38,34,203488,13,15024,0,40
3,11,4,9,1,4,1,38,38,112497,9,0,0,40
3,9,2,11,0,4,1,38,28,192384,13,0,0,40
3,12,4,9,1,4,1,38,49,43348,14,0,0,40
1,12,2,3,5,0,0,38,43,216070,14,0,0,50
3,8,2,11,0,4,1,38,30,218551,11,0,0,45
3,9,2,3,0,4,1,38,25,404616,13,0,0,40
5,12,2,11,5,4,0,38,41,186909,14,0,1902,35
3,9,2,3,0,4,1,38,65,105491,13,99999,0,40
3,9,2,2,0,4,1,38,39,138192,13,0,0,40
3,14,0,9,1,4,0,38,31,196791,15,0,0,45
3,15,2,11,0,4,1,8,44,219155,10,0,0,50
3,11,2,2,0,4,1,38,26,116991,9,0,0,40
3,11,2,2,0,4,1,10,34,107793,9,0,0,40
4,12,2,3,0,4,1,38,39,372525,14,0,0,60
3,11,2,13,0,2,1,38,39,176296,9,0,1887,40
3,8,2,13,0,4,1,38,32,90969,11,0,0,45
3,8,2,2,0,2,1,38,46,403911,11,0,0,40
3,15,4,0,3,4,0,38,33,134886,10,99999,0,30
3,9,2,9,0,4,1,38,45,144579,13,0,0,40
3,8,2,3,5,4,0,32,34,177596,11,0,0,40
3,9,2,9,0,4,1,38,29,133937,13,0,0,40
0,9,2,9,0,4,1,29,43,197069,13,0,0,40
0,14,2,9,0,4,1,38,61,151369,15,0,0,50
3,15,2,11,0,4,1,38,56,220187,10,0,0,45
3,12,0,3,1,4,1,38,57,317847,14,0,2824,50
3,7,2,3,0,4,1,38,36,98389,12,0,0,44
3,15,2,11,0,4,1,38,42,173704,10,0,1887,50
3,11,2,2,0,4,1,38,28,65078,9,0,0,40
3,9,0,7,4,4,0,8,28,410450,13,0,0,48
3,15,2,2,0,4,1,39,36,361888,10,0,0,40
0,10,2,9,0,4,1,38,33,331615,16,0,1848,40
3,11,2,2,0,4,1,38,54,202415,9,0,0,40
3,2,2,2,0,4,1,38,40,77247,8,0,0,50
3,9,2,9,0,4,1,38,45,155659,13,0,0,60
3,9,2,3,0,4,1,38,38,455379,13,0,0,63
3,14,2,9,0,4,1,38,36,185099,15,0,0,55
1,12,2,9,0,4,1,38,47,126754,14,0,0,40
7,2,2,14,2,4,0,38,19,200790,8,15024,0,40
1,15,4,10,3,4,1,38,23,197918,10,0,0,40
5,14,2,9,0,4,1,38,41,150533,15,0,0,50
6,14,2,0,0,4,1,38,69,50468,15,0,0,34
4,8,2,3,0,4,1,38,39,188069,11,0,0,60
3,7,2,3,0,4,1,38,51,233149,12,0,0,45
6,9,2,3,0,2,1,38,26,141838,13,0,0,40
4,14,2,9,0,4,1,38,57,37345,15,0,0,36
3,15,0,9,1,4,0,38,39,380614,10,0,0,45
5,11,2,9,0,4,1,38,30,404062,9,0,1977,15
3,1,2,5,0,2,1,38,37,219141,7,7688,0,40
0,9,2,3,0,4,1,38,46,20956,13,15024,0,40
3,9,2,3,0,4,1,38,62,98076,13,0,0,40
3,15,2,2,0,4,1,38,36,415578,10,0,0,40
0,9,2,9,0,4,1,38,47,96854,13,0,0,40
6,14,2,9,0,4,1,38,44,141858,15,15024,0,75
0,11,2,13,0,4,1,38,51,20795,9,7688,0,40
3,11,2,9,0,4,1,38,53,95519,9,0,0,42
3,12,5,9,1,4,1,38,35,186934,14,0,0,40
3,9,2,9,0,4,1,38,56,193453,13,0,1902,65
3,9,2,2,0,4,1,38,45,148995,13,15024,0,40
1,11,2,7,0,4,1,38,62,140851,9,0,0,40
3,12,2,3,0,4,1,38,36,198841,14,0,0,40
3,11,2,13,0,4,1,38,59,195820,9,0,0,40
3,9,2,3,0,4,1,38,38,204501,13,0,0,55
1,7,2,2,0,2,1,38,39,267893,12,7298,0,40
5,12,2,2,0,4,1,38,59,132925,14,0,0,40
3,11,2,0,0,4,1,38,34,170769,9,0,0,50
4,14,4,7,1,4,1,38,47,186410,15,0,0,60
3,9,2,11,0,4,1,38,42,212894,13,0,1887,40
3,9,2,11,0,4,1,38,49,124356,13,0,0,60
3,15,2,0,0,4,1,38,35,216473,10,0,0,50
0,7,0,3,4,4,1,38,33,137184,12,0,0,50
5,15,2,6,0,4,1,38,63,231105,10,0,0,35
3,15,0,13,1,4,1,38,40,34722,10,0,0,48
3,12,2,9,0,4,1,38,40,51290,14,0,0,50
3,15,2,12,0,4,1,38,34,198265,10,3103,0,40
3,15,2,2,0,4,1,38,34,160634,10,0,0,40
3,9,2,3,0,4,1,38,68,170376,13,0,0,40
3,9,2,9,0,4,1,38,35,105813,13,0,0,48
3,9,2,12,0,4,1,38,45,275995,13,0,0,50
3,10,2,9,0,4,1,38,50,43764,16,15024,0,50
3,8,2,3,0,4,1,38,46,278322,11,0,0,40
3,10,2,9,5,4,0,38,53,124076,16,99999,0,37
3,9,2,9,0,4,1,38,39,185099,13,0,0,48
3,9,2,11,0,4,1,38,40,89226,13,0,0,40
1,12,0,9,1,4,0,38,48,144122,14,0,0,40
4,11,2,3,0,4,1,38,54,162439,9,0,0,98
3,15,2,2,0,3,1,38,35,381583,10,0,0,45
3,15,0,13,4,4,1,38,40,326232,10,0,0,40
5,9,2,11,0,4,1,1,37,204501,13,0,0,20
3,15,2,0,0,2,1,38,33,549413,10,0,0,40
3,15,2,12,0,4,1,38,59,147989,10,0,0,50
3,15,2,6,0,2,1,38,37,415500,10,0,0,40
1,14,2,0,0,1,1,24,50,339547,15,0,0,40
3,11,2,6,0,4,1,38,27,224105,9,7298,0,40
1,11,2,2,0,4,1,38,39,89508,9,0,0,40
0,12,2,9,0,4,1,38,51,140516,14,0,0,40
3,9,4,11,1,4,1,38,30,159888,13,0,0,60
5,14,2,9,0,4,1,38,49,181307,15,15024,0,65
6,11,2,2,0,4,1,38,29,240738,9,0,0,40
7,9,2,14,0,4,1,38,49,271346,13,15024,0,60
4,11,2,3,0,4,1,38,52,134854,9,0,0,40
3,9,0,0,4,4,1,38,42,126701,13,9562,0,45
3,9,2,3,0,4,1,38,36,182863,13,0,0,50
4,9,2,6,0,1,1,39,54,304570,13,7688,0,40
3,11,2,4,0,4,1,38,58,248739,9,0,0,53
1,7,2,3,0,4,1,9,37,191364,12,0,0,40
5,10,2,9,0,4,1,38,41,174395,16,15024,0,55
3,9,2,11,0,4,1,38,63,383058,13,0,1848,40
3,9,2,3,5,4,0,38,37,178948,13,7688,0,45
3,15,2,3,0,4,1,38,45,34419,10,7298,0,40
5,10,2,11,0,4,1,38,66,427422,16,0,2377,25
3,15,4,7,3,4,1,38,22,127768,10,0,0,32
3,15,2,2,0,4,1,38,41,252986,10,0,0,48
3,14,0,9,1,4,1,38,44,130126,15,0,0,45
3,12,0,11,1,4,0,38,50,194231,14,0,0,40
4,9,2,3,0,4,1,38,49,197038,13,0,0,50
4,11,2,11,0,4,1,38,59,103948,9,0,0,60
3,9,2,3,0,4,1,38,45,90758,13,0,0,55
5,11,0,4,1,4,1,38,39,154641,9,8614,0,50
3,9,0,11,1,4,1,38,45,168038,13,0,0,60
3,12,2,3,0,4,1,11,58,146477,14,15024,0,40
1,11,6,0,4,4,0,38,66,188220,9,0,0,35
3,8,2,9,5,4,0,38,37,292855,11,0,1887,35
3,9,2,9,0,4,1,38,39,284166,13,0,1902,50
3,12,2,9,0,4,1,38,57,191318,14,0,0,40
4,9,2,4,0,4,1,38,44,357679,13,15024,0,65
3,8,2,2,0,2,1,38,56,117872,11,0,0,40
3,9,2,9,0,4,1,38,33,246038,13,0,0,40
5,8,2,4,0,4,1,38,36,147258,11,0,0,60
3,15,2,11,0,4,1,38,45,329144,10,0,0,40
3,9,2,9,5,4,0,38,39,103925,13,7688,0,32
0,11,2,0,0,4,1,38,44,184099,9,0,0,40
3,11,0,3,1,4,1,38,46,345073,9,0,0,48
4,15,2,11,0,4,1,38,36,306156,10,15024,0,60
5,12,2,9,0,4,1,38,70,37203,14,9386,0,30
3,9,2,0,0,4,1,38,76,199949,13,20051,0,50
5,15,4,9,1,1,1,38,24,83374,10,0,0,30
3,9,2,2,0,4,1,38,37,192939,13,0,0,40
3,11,2,6,0,4,1,38,40,30682,9,0,0,45
1,12,2,9,0,4,1,38,53,200190,14,0,1977,55
1,12,2,9,0,2,1,38,52,205767,14,0,0,40
3,7,2,3,0,4,1,38,31,211242,12,0,0,55
3,11,2,2,0,4,1,38,50,257126,9,0,0,40
3,11,2,0,0,4,1,38,33,138667,9,0,0,50
0,12,2,3,0,2,1,38,57,42298,14,15024,0,40
3,14,2,3,5,4,0,38,39,375452,15,15024,0,48
0,11,2,0,0,4,1,38,31,166626,9,0,0,40
3,11,2,6,0,4,1,38,39,177277,9,0,0,45
3,12,2,3,0,4,1,38,45,260490,14,0,0,50
3,11,2,6,5,4,0,38,23,65481,9,0,0,40
3,14,2,3,0,4,1,38,39,186130,15,0,0,55
4,11,2,3,0,4,1,38,47,350759,9,0,0,40
6,10,2,9,0,4,1,38,31,207505,16,0,1977,70
5,5,2,3,0,4,1,38,45,155489,4,0,0,65
3,1,2,3,0,4,1,38,50,197322,7,0,0,50
3,10,2,9,0,4,1,38,40,346189,16,0,0,40
3,9,2,3,0,4,1,38,55,98361,13,15024,0,55
7,0,2,14,0,4,1,38,64,178556,6,0,0,56
4,14,2,9,0,4,1,38,51,162943,15,0,0,40
3,15,2,9,0,4,1,38,30,19302,10,7688,0,40
3,8,2,9,5,4,0,38,36,215392,11,0,0,40
6,12,2,9,0,4,1,38,45,199326,14,0,0,45
3,14,2,3,0,4,1,38,45,175958,15,0,0,40
3,11,2,3,0,4,1,38,28,271466,9,0,0,45
0,11,2,0,0,4,1,38,49,229376,9,0,0,40
4,0,2,4,0,4,1,38,83,240150,6,20051,0,50
3,10,2,9,0,4,1,2,69,230417,16,0,0,40
3,11,2,3,0,4,1,38,71,152307,9,0,2377,45
5,12,2,11,0,4,1,38,42,269733,14,99999,0,80
3,9,4,9,1,4,1,38,32,340917,13,0,0,50
6,10,2,9,0,1,1,18,55,120781,16,0,0,40
3,0,2,13,0,4,1,38,48,107373,6,0,0,40
3,15,2,11,0,4,1,38,48,187505,10,0,0,50
6,12,2,3,0,4,1,38,53,58913,14,0,0,42
3,8,1,4,0,4,1,38,29,224421,11,0,0,44
1,9,2,9,0,4,1,38,31,153005,13,0,0,40
3,9,2,3,0,4,1,38,42,98211,13,15024,0,45
3,11,2,4,0,4,1,38,62,266624,9,6418,0,40
4,12,2,3,0,4,1,38,47,215620,14,15024,0,55
1,11,2,10,0,4,1,38,46,303918,9,7688,0,96
3,9,4,0,1,4,1,38,31,1033222,13,8614,0,40
3,8,2,12,0,4,1,38,60,109530,11,7298,0,40
0,11,2,0,0,4,1,38,72,217864,9,0,0,40
7,9,2,14,0,4,1,38,59,424468,13,0,0,40
1,15,2,10,0,4,1,38,32,199539,10,0,0,40
5,11,2,3,0,4,1,38,50,29231,9,0,0,45
3,9,2,3,5,4,0,38,32,212064,13,0,0,40
6,12,4,9,1,4,0,38,54,166774,14,0,0,45
3,11,2,3,0,4,1,38,65,95303,9,0,0,40
4,15,2,3,0,4,1,38,70,247383,10,0,0,40
3,12,2,3,0,4,1,38,53,229465,14,0,0,55
3,9,2,3,0,4,1,38,37,135436,13,0,1977,60
3,9,2,3,0,4,1,38,55,32365,13,0,0,45
3,12,2,9,0,4,1,38,49,155489,14,0,0,50
4,9,2,3,0,4,1,38,48,51579,13,0,0,60
3,15,0,2,1,4,1,38,41,40151,10,0,0,40
3,9,2,12,0,4,1,38,29,244721,13,0,0,35
1,12,2,9,0,4,1,38,47,228372,14,0,0,48
1,12,2,3,0,2,1,38,53,236873,14,0,0,40
3,9,2,11,0,4,1,38,56,181220,13,0,0,40
3,8,2,3,0,4,1,38,30,310889,11,0,0,50
3,11,2,11,0,4,1,38,64,212838,9,0,0,65
3,15,4,3,1,4,1,38,40,187702,10,0,0,50
3,9,0,3,4,4,1,38,54,115284,13,0,0,45
4,10,2,3,0,1,1,35,61,98350,16,0,0,40
7,11,2,14,0,4,1,38,62,81578,9,0,0,40
3,9,2,3,0,4,1,38,42,201466,13,0,0,45
0,12,6,11,4,4,1,7,51,254211,14,0,0,50
3,15,2,0,5,2,0,38,41,599629,10,0,0,40
3,9,2,3,0,4,1,38,44,98211,13,0,0,40
6,12,2,9,0,4,1,38,41,27305,14,0,0,40
3,11,2,2,0,4,1,38,35,216711,9,0,0,40
3,9,4,9,1,4,1,38,32,113364,13,0,0,40
7,15,2,14,0,4,1,38,70,148065,10,0,0,4
6,14,2,9,0,4,1,38,55,296991,15,15024,0,40
3,15,2,11,0,2,1,38,45,390368,10,15024,0,99
3,9,2,10,0,4,1,38,57,170411,13,0,0,40
3,8,2,6,0,4,1,38,70,141742,11,9386,0,50
3,11,2,11,0,4,1,38,56,204816,9,0,0,55
1,11,2,13,0,4,1,38,56,212864,9,0,0,40
3,9,2,9,0,4,1,38,41,214242,13,0,1887,40
5,14,2,9,0,4,1,38,69,240562,15,99999,0,40
3,15,2,11,0,4,1,38,56,204049,10,0,1848,50
3,12,4,9,1,4,0,38,42,331651,14,8614,0,50
3,8,2,12,5,4,0,38,41,213019,11,0,0,38
3,0,2,3,0,4,1,38,40,199599,6,0,0,40
4,9,2,11,3,1,0,29,43,82488,13,0,0,40
3,9,2,11,0,2,1,38,32,447066,13,15024,0,50
3,9,2,3,0,4,1,38,50,167065,13,0,0,40
0,11,2,3,0,4,1,38,40,219266,9,0,0,40
0,15,2,3,0,4,1,38,58,200042,10,15024,0,40
3,7,4,9,1,4,1,38,25,212793,12,0,0,50
3,11,2,6,0,4,1,38,33,112941,9,0,0,40
3,9,4,9,1,1,1,38,27,186454,13,13550,0,40
3,11,2,3,0,4,1,38,39,262841,9,0,0,50
3,8,2,2,0,4,1,38,55,37438,11,0,0,40
3,9,2,3,0,4,1,38,35,241998,13,0,0,45
3,9,2,3,0,1,1,29,57,135339,13,0,0,40
3,10,2,9,0,4,1,38,32,44675,16,0,0,65
6,12,2,9,0,1,1,2,60,69251,14,0,0,38
3,0,2,2,0,4,1,38,48,431513,6,0,0,65
6,12,2,9,0,4,1,38,36,183735,14,0,0,40
3,9,2,11,0,4,1,38,34,345705,13,0,1977,50
3,11,2,2,0,4,1,38,51,110747,9,0,1887,40
3,12,4,3,1,4,0,38,40,270147,14,0,0,40
3,15,2,2,0,4,1,38,51,145409,10,3103,0,48
3,15,2,2,0,4,1,38,38,65382,10,0,0,40
3,15,2,11,0,4,1,38,60,116707,10,7298,0,40
3,15,2,11,0,4,1,39,51,178054,10,0,0,40
1,11,2,12,5,4,0,38,48,242923,9,0,1848,40
0,9,2,9,0,4,1,38,40,75313,13,7688,0,66
4,9,2,3,0,4,1,38,71,66624,13,0,2392,60
5,11,0,11,1,4,1,38,35,115618,9,0,0,50
5,0,2,9,0,4,1,38,64,388625,6,0,0,10
3,7,4,11,1,2,1,38,36,225516,12,10520,0,43
5,11,4,11,2,1,1,38,26,68729,9,0,0,50
3,9,2,3,0,4,1,38,37,126954,13,0,0,50
3,9,2,2,0,4,1,38,50,128143,13,0,1887,50
3,15,2,2,0,4,1,38,47,185041,10,7298,0,40
3,9,2,9,0,4,1,38,37,348739,13,0,0,45
3,9,2,2,0,4,1,38,29,270421,13,0,0,50
7,11,2,14,0,4,1,38,63,221592,9,0,0,40
5,7,2,6,0,4,1,38,50,156951,12,3103,0,40
6,15,2,10,0,4,1,38,42,367292,10,0,0,40
4,15,2,3,0,4,1,38,32,345489,10,0,0,55
6,15,2,9,0,2,1,38,57,183657,10,0,0,35
3,12,2,11,0,4,1,38,50,163948,14,0,0,40
1,15,2,10,0,4,1,38,51,195844,10,0,0,40
1,9,2,0,0,4,1,38,51,387250,13,0,0,50
6,15,2,10,0,4,1,38,38,188303,10,7688,0,40
3,9,2,11,0,4,1,38,61,97128,13,0,0,45
3,9,2,2,5,2,0,38,42,203393,13,0,0,35
3,9,0,11,4,4,1,38,46,228372,13,0,0,40
3,11,2,13,0,4,1,38,28,132191,9,0,0,45
5,15,2,11,0,4,1,38,39,274683,10,7688,0,50
1,15,2,2,0,4,1,38,50,196307,10,7688,0,40
3,9,2,7,0,4,1,38,30,112358,13,0,0,60
3,7,2,2,0,4,1,38,44,174373,12,0,0,40
3,9,2,9,0,4,1,38,34,303867,13,0,0,40
3,15,2,0,5,4,0,38,46,202560,10,0,0,40
3,9,0,3,4,2,0,38,41,124956,13,0,0,90
3,11,2,2,0,4,1,38,59,118358,9,0,0,40
3,15,2,0,0,4,1,38,62,88055,10,0,0,60
3,9,0,3,1,4,1,38,38,682947,13,0,0,55
4,9,2,9,0,4,1,38,60,210827,13,7688,0,40
3,8,2,2,0,4,1,38,43,180096,11,0,0,50
3,10,2,9,0,4,1,38,59,81929,16,0,2415,45
3,11,2,2,0,4,1,38,31,144064,9,0,0,48
0,15,4,7,1,4,0,38,29,184723,10,0,0,40
3,11,2,2,0,4,1,38,56,265086,9,0,0,50
6,12,2,3,0,4,1,38,58,279878,14,0,0,40
3,12,2,3,0,4,1,38,41,104892,14,0,0,40
3,12,2,9,0,4,1,38,36,126675,14,0,1977,50
3,11,2,3,5,4,0,38,46,191389,9,0,0,28
3,12,2,9,5,4,0,38,42,183241,14,0,0,45
3,9,2,9,0,4,1,38,42,52781,13,7688,0,40
3,1,2,2,0,4,1,38,37,112271,7,0,0,40
3,9,0,11,4,2,0,38,46,164379,13,0,0,35
3,15,2,4,0,4,1,38,36,104858,10,0,0,56
3,9,4,3,1,4,0,38,35,162358,13,0,0,50
3,9,2,2,0,2,1,38,59,200700,13,0,0,48
3,15,2,3,0,4,1,38,31,352465,10,15024,0,50
3,9,2,3,0,4,1,38,40,107433,13,0,1977,50
3,11,2,11,0,4,1,38,33,296538,9,0,0,45
5,7,2,7,5,4,0,38,31,216283,12,0,0,35
3,0,2,6,0,2,1,38,43,184321,6,0,1887,40
5,12,2,11,0,4,1,38,55,322691,14,3103,0,55
0,15,2,0,0,4,1,38,55,321333,10,0,0,40
4,9,2,3,0,4,1,38,44,120277,13,99999,0,45
3,15,4,9,1,4,1,38,25,469572,10,8614,0,40
5,14,2,9,0,4,1,38,44,282722,15,99999,0,50
4,12,2,3,0,4,1,38,42,120277,14,0,0,40
3,9,2,3,0,4,1,38,30,202051,13,0,0,42
7,9,6,14,4,4,0,38,58,353244,13,27828,0,50
5,15,2,12,0,4,1,38,52,104501,10,0,0,60
3,15,2,2,0,4,1,38,37,73715,10,0,0,40
1,7,0,3,1,4,1,38,40,290660,12,8614,0,50
1,11,2,2,0,4,1,38,49,98738,9,0,0,40
3,8,2,9,5,4,0,38,49,309033,11,15024,0,60
3,11,2,13,0,4,1,38,32,171091,9,0,0,50
3,9,2,11,0,4,1,38,42,36271,13,0,0,40
3,15,2,2,0,4,1,38,46,269652,10,4386,0,38
1,15,2,10,0,4,1,38,39,193815,10,0,0,40
3,7,2,12,0,4,1,38,28,141957,12,0,1887,70
3,15,0,11,1,4,0,38,51,205100,10,0,0,45
5,12,2,9,0,4,1,38,47,235646,14,0,0,40
3,12,2,3,0,4,1,38,32,53277,14,0,0,60
4,7,2,11,0,4,1,38,63,96930,12,0,0,40
3,15,2,9,5,4,0,38,24,237341,10,0,0,40
3,0,2,13,0,4,1,38,61,143800,6,0,0,50
4,11,2,11,0,4,1,38,50,163921,9,0,0,48
3,9,2,11,0,4,1,38,36,68273,13,0,0,40
4,14,2,9,0,4,1,38,38,478829,15,99999,0,50
1,11,2,6,0,4,1,38,39,236391,9,0,0,38
3,11,2,2,0,4,1,38,42,106679,9,0,0,50
4,7,2,11,0,4,1,38,35,111319,12,0,1887,45
3,8,2,9,0,4,1,38,52,284329,11,15024,0,40
5,14,2,9,0,4,1,38,33,127894,15,0,0,60
3,11,2,2,0,4,1,38,61,71209,9,0,0,45
3,9,2,3,0,4,1,38,39,237943,13,99999,0,70
3,11,2,3,0,4,1,38,59,100313,9,0,1887,40
3,9,0,3,1,4,1,38,41,344624,13,0,0,50
3,11,2,2,0,4,1,38,37,105803,9,3103,0,45
1,11,2,10,0,4,1,38,38,37931,9,0,0,40
3,9,2,3,0,4,1,38,43,152958,13,7298,0,40
3,11,2,3,0,2,1,38,28,312372,9,15024,0,40
3,12,2,3,0,4,1,38,50,206862,14,0,0,65
3,9,2,3,0,4,1,38,45,242391,13,0,0,60
5,10,2,9,0,4,1,38,46,353012,16,0,1902,50
3,9,2,0,5,4,0,38,38,203138,13,0,0,50
0,14,2,3,0,4,1,38,55,305850,15,15024,0,40
5,9,2,3,0,4,1,38,55,141807,13,0,0,40
3,15,2,11,0,4,1,38,47,266860,10,0,0,65
3,10,0,9,4,4,1,38,62,195343,16,15020,0,50
3,1,2,5,0,4,1,38,46,185291,7,0,0,45
3,9,2,11,0,4,1,18,46,229737,13,0,0,50
3,10,2,9,0,1,1,35,35,161637,16,0,1902,40
4,12,2,3,0,4,1,38,41,94113,14,0,0,60
4,14,2,9,0,4,1,38,42,277488,15,15024,0,65
3,9,2,13,0,4,1,38,46,273575,13,15024,0,40
6,9,2,0,0,4,1,38,41,47902,13,0,0,50
3,9,2,12,0,4,1,38,50,128798,13,0,0,40
5,12,2,11,0,4,1,38,50,145419,14,7688,0,45
3,15,2,3,0,4,1,38,31,201122,10,0,0,40
3,15,2,11,0,4,1,38,50,167886,10,0,0,40
5,15,2,2,0,4,1,38,56,403072,10,0,0,50
3,9,2,12,0,4,1,38,42,226902,13,0,0,45
3,12,6,3,1,4,0,38,59,99131,14,0,0,40
3,9,2,11,0,4,1,38,32,553405,13,99999,0,50
1,11,2,10,0,4,1,38,52,186117,9,0,0,56
3,14,4,9,1,4,0,38,39,347960,15,14084,0,35
1,8,2,3,0,4,1,38,60,195453,11,0,0,60
5,14,2,9,5,4,0,38,40,237293,15,15024,0,40
1,8,2,2,0,4,1,38,44,171589,11,7688,0,40
5,10,2,9,0,4,1,38,45,176814,16,15024,0,40
1,12,2,9,0,4,1,38,51,133336,14,15024,0,40
7,0,2,14,0,4,1,38,65,191380,6,9386,0,50
3,9,2,3,0,4,1,38,37,128715,13,0,0,60
3,11,2,6,0,4,1,38,31,202729,9,0,0,40
3,8,2,12,0,4,1,38,53,277471,11,0,0,40
3,9,2,11,0,4,1,38,43,171841,13,0,0,40
3,15,5,3,1,4,1,38,36,111128,10,0,0,60
5,10,2,9,0,4,1,38,61,84409,16,0,0,40
5,6,2,4,0,4,1,38,66,274451,5,0,0,25
3,15,2,4,0,4,1,38,31,246439,10,7298,0,50
5,11,2,13,0,4,1,38,67,123393,9,6418,0,58
6,9,2,3,0,4,1,38,59,349910,13,10605,0,50
6,10,2,9,5,4,0,38,34,56964,16,0,0,50
3,9,2,3,0,4,1,9,29,370509,13,0,0,50
3,15,2,3,0,4,1,38,41,115932,10,99999,0,50
6,15,0,0,1,2,1,38,43,164790,10,0,0,50
3,9,0,7,1,1,1,38,31,100252,13,99999,0,70
3,7,5,3,4,4,0,38,32,170154,12,25236,0,50
7,9,2,14,5,4,0,38,39,361838,13,0,0,6
6,8,2,9,0,4,1,38,41,283917,11,0,0,35
3,9,2,3,0,4,1,38,51,159755,13,7688,0,40
3,14,2,9,0,4,1,38,31,340880,15,0,0,60
3,9,2,9,0,4,1,38,40,145441,13,0,0,40
3,9,2,9,0,4,1,38,53,31588,13,0,0,52
3,15,2,2,0,4,1,38,56,189975,10,0,1902,60
6,10,2,3,0,4,1,38,51,231495,16,7688,0,55
3,12,2,3,0,4,1,38,44,186916,14,0,0,50
4,11,2,3,0,4,1,38,49,213140,9,0,1902,60
3,11,0,2,1,2,1,38,47,176893,9,8614,0,44
3,15,5,2,1,4,1,38,53,313243,10,0,2444,45
5,8,2,3,5,4,0,38,48,52240,11,0,0,25
6,14,2,9,0,4,1,38,61,186451,15,0,1902,40
5,9,2,3,0,1,1,2,45,160724,13,0,0,45
3,15,2,9,5,4,0,38,32,222205,10,0,0,40
3,15,2,3,0,4,1,38,43,273230,10,0,0,50
3,11,2,2,0,4,1,38,39,99527,9,0,0,40
3,9,2,9,0,4,1,38,67,89346,13,0,0,40
3,9,2,3,0,4,1,38,29,53271,13,0,0,40
3,9,4,2,3,4,1,38,28,31493,13,0,0,40
3,7,2,9,0,4,1,38,32,195891,12,0,0,45
3,15,2,5,0,4,1,38,26,211424,10,0,0,40
3,9,4,9,1,0,0,38,22,233955,13,14344,0,40
5,15,2,11,0,1,1,29,44,361280,10,0,0,80
7,12,2,14,0,4,1,38,50,123044,14,0,0,60
3,9,2,9,0,4,1,38,38,165472,13,0,0,40
3,9,2,9,0,4,1,38,39,99452,13,0,0,50
3,15,2,2,0,4,1,38,51,230858,10,0,1977,60
7,15,2,14,0,4,1,38,62,191118,10,7298,0,40
3,9,2,9,0,4,1,38,28,138692,13,0,1887,40
4,9,2,3,0,4,1,38,83,153183,13,0,2392,55
3,12,2,3,0,4,1,38,44,104196,14,0,0,45
5,14,2,11,0,4,1,38,60,176839,15,0,0,45
3,15,2,2,0,4,1,38,52,114971,10,0,0,40
4,9,2,11,0,4,1,38,73,191540,13,0,0,50
6,10,4,3,1,4,0,38,54,137065,16,0,0,40
3,8,2,2,0,4,1,38,35,225860,11,0,0,40
3,9,2,3,0,4,1,38,29,100764,13,0,0,45
1,11,2,0,5,4,0,38,63,150079,9,0,0,35
3,11,2,11,0,4,1,38,52,174964,9,0,0,40
3,9,2,0,0,4,1,38,46,91608,13,0,0,40
1,11,0,12,4,4,1,38,52,187830,9,4934,0,36
5,9,4,3,1,4,1,38,25,368115,13,13550,0,35
3,9,2,11,0,4,1,38,54,343242,13,0,0,40
3,9,2,11,0,4,1,38,35,77146,13,0,0,45
5,9,2,9,5,4,0,38,33,134886,13,0,0,50
4,9,2,3,0,4,1,38,40,218558,13,0,0,45
3,9,2,3,0,4,1,38,38,207568,13,5178,0,40
5,9,2,11,0,4,1,38,54,200960,13,0,0,50
3,12,2,11,0,4,1,39,42,187720,14,15024,0,50
3,11,2,6,0,4,1,38,51,153486,9,0,0,45
0,11,2,0,0,4,1,38,51,174102,9,0,0,40
3,11,2,11,0,4,1,38,40,137142,9,0,0,40
3,12,2,3,0,4,1,38,31,263561,14,0,0,40
3,11,2,2,0,4,1,38,43,113324,9,0,1902,40
5,14,2,9,0,4,1,38,42,185129,15,0,1887,40
3,11,2,5,0,4,1,38,51,61270,9,0,0,40
4,12,0,3,1,1,1,23,39,124685,14,0,0,99
7,6,2,14,0,4,1,38,63,310396,5,5178,0,40
3,8,2,3,0,4,1,38,52,400004,11,0,0,40
3,15,2,9,0,4,1,38,47,278322,10,7688,0,40
6,14,2,9,0,4,1,38,60,352156,15,0,0,40
5,14,2,3,0,4,1,38,50,132716,15,99999,0,50
3,15,2,11,0,4,1,38,68,218637,10,0,2377,55
3,14,0,9,1,4,1,38,30,207937,15,10520,0,50
4,14,2,9,0,4,1,38,48,54190,15,15024,0,40
4,15,2,3,0,4,1,38,53,134793,10,15024,0,50
3,15,2,11,0,4,1,38,50,174655,10,0,0,45
3,9,2,11,0,4,1,38,39,257942,13,0,0,60
1,15,2,9,0,4,1,38,55,253062,10,0,0,40
3,9,2,11,0,4,1,38,46,368561,13,0,0,55
3,9,0,9,1,4,1,38,50,94885,13,0,0,45
3,11,2,13,0,4,1,38,32,90705,9,0,0,60
3,15,2,13,0,4,1,38,48,168283,10,0,0,45
6,12,2,9,0,4,1,38,34,204461,14,0,0,50
3,9,2,3,0,4,1,38,41,149102,13,0,0,60
3,9,6,11,1,4,1,38,81,98116,13,0,0,50
6,12,2,9,0,4,1,38,49,122066,14,0,0,45
3,9,0,9,1,4,1,38,46,84402,13,0,0,45
3,11,2,3,5,4,0,38,35,150042,9,0,0,40
1,12,2,9,5,4,0,38,29,177398,14,0,0,40
5,15,2,3,0,4,1,38,52,129311,10,0,0,95
6,11,2,13,0,4,1,38,32,119033,9,0,0,40
1,9,2,10,0,4,1,38,46,121124,13,15024,0,40
3,11,2,2,0,4,1,38,26,206307,9,0,0,40
4,9,2,9,0,4,1,38,41,236021,13,15024,0,40
0,15,2,0,0,4,1,38,57,170603,10,0,0,40
3,15,2,11,0,4,1,38,52,74275,10,7298,0,45
5,9,2,3,0,4,1,38,35,112271,13,0,0,50
3,9,4,3,1,4,1,38,49,126754,13,0,0,45
3,8,2,2,0,4,1,39,47,267205,11,0,0,60
3,11,2,3,5,4,0,38,32,105650,9,0,0,50
5,15,2,11,5,4,0,38,57,152030,10,0,0,25
3,9,2,9,0,4,1,38,41,55854,13,0,0,56
6,9,2,3,0,4,1,38,42,190044,13,15024,0,50
1,9,2,12,0,4,1,38,37,108320,13,0,0,45
6,10,2,9,0,4,1,38,48,106377,16,0,0,65
3,11,2,11,0,4,1,38,49,187454,9,99999,0,65
3,12,2,11,0,4,1,38,54,68985,14,0,0,55
3,11,2,2,0,4,1,38,53,23698,9,0,0,46
3,15,2,12,0,4,1,38,42,139126,10,0,0,40
3,15,2,2,0,4,1,38,36,77820,10,0,0,40
3,9,2,3,0,4,1,38,62,232308,13,0,0,40
3,12,2,3,0,1,1,39,47,120781,14,15024,0,40
1,12,2,9,5,4,0,38,37,196529,14,0,0,45
4,11,2,11,0,4,1,38,35,175769,9,0,0,65
3,15,2,13,0,4,1,38,50,279461,10,0,0,40
5,14,0,9,1,4,1,38,29,69132,15,99999,0,60
6,12,2,9,5,4,0,38,29,159782,14,0,0,45
3,14,2,9,0,4,1,38,31,209101,15,0,0,25
0,15,2,9,0,4,1,38,45,201127,10,0,0,56
1,11,2,0,5,4,0,38,53,155314,9,0,0,40
3,11,2,12,0,4,1,39,41,185145,9,0,0,45
6,11,2,10,0,4,1,38,48,353824,9,0,0,72
3,11,2,6,0,4,1,38,48,188432,9,3103,0,46
3,9,2,3,0,4,1,38,68,117236,13,20051,0,45
3,9,2,3,0,4,1,38,36,269318,13,0,0,50
3,15,2,6,0,4,1,38,34,179877,10,0,0,40
3,11,2,2,0,4,1,38,37,120590,9,0,0,45
3,11,2,13,0,4,1,38,47,159726,9,0,0,85
3,12,2,3,0,4,1,38,33,55291,14,0,0,40
3,12,2,9,0,4,1,38,57,112840,14,0,0,55
5,15,2,2,0,4,1,38,25,259299,10,3103,0,50
6,11,2,13,0,4,1,38,24,197731,9,0,0,49
3,12,2,3,0,4,1,38,51,162238,14,0,1887,47
3,11,2,9,0,4,1,38,51,53833,9,0,0,46
3,15,2,2,0,4,1,38,42,433170,10,0,0,60
4,10,2,9,0,4,1,38,58,182062,16,0,0,24
5,9,2,9,0,4,1,38,45,420986,13,0,0,40
3,0,0,9,4,4,1,38,54,288992,6,14344,0,68
4,14,2,9,0,4,1,38,50,167793,15,0,2415,60
5,15,2,3,0,4,1,38,37,188563,10,4386,0,50
3,9,2,6,0,4,1,38,43,196545,13,0,1902,40
3,15,2,0,2,4,0,38,50,23686,10,0,0,35
6,10,0,9,1,4,0,38,39,183092,16,0,0,40
3,9,2,9,0,4,1,38,52,162238,13,0,0,38
3,9,2,3,0,4,1,38,44,227065,13,0,0,40
4,15,2,11,0,4,1,38,46,285335,10,0,0,60
5,14,2,9,0,4,1,38,72,285408,15,0,2246,28
3,14,2,3,0,4,1,38,48,107231,15,99999,0,50
3,15,2,2,0,4,1,38,54,143822,10,0,0,45
3,11,2,11,0,4,1,38,41,37869,9,0,1902,40
3,15,6,0,4,4,0,38,57,121362,10,0,2258,38
3,15,2,11,0,4,1,38,44,165492,10,0,0,40
5,9,2,11,0,4,1,38,63,344128,13,0,0,50
3,7,0,3,4,4,0,38,54,103580,12,0,0,55
6,10,2,9,0,1,1,39,55,117357,16,0,0,70
7,12,2,14,0,4,1,38,62,141218,14,0,0,30
1,9,2,10,0,4,1,38,46,207677,13,0,0,40
3,9,2,3,0,4,1,1,45,246891,13,0,0,72
7,11,2,14,0,4,1,38,61,202106,9,0,1902,40
3,9,2,3,0,4,1,38,38,229015,13,0,0,50
3,9,2,9,5,4,0,38,28,130067,13,0,0,40
3,15,2,11,5,4,0,38,39,333305,10,0,0,45
3,15,2,11,0,4,1,38,62,247483,10,0,0,40
3,15,2,6,0,2,1,38,34,199934,10,7298,0,40
4,1,2,3,0,4,1,38,65,66360,7,6418,0,35
3,9,2,0,0,4,1,38,30,167309,13,0,1902,40
3,9,2,6,0,4,1,38,44,192878,13,0,0,40
5,9,2,3,0,1,1,2,53,135339,13,7688,0,20
3,9,2,11,0,4,1,38,41,149909,13,7688,0,50
3,11,2,0,5,4,0,38,43,105936,9,0,0,35
3,12,0,3,4,4,1,38,55,125000,14,0,0,40
3,15,2,10,0,4,1,38,58,100313,10,0,1902,40
3,6,2,11,0,2,1,38,57,342906,5,0,0,55
1,9,2,9,0,4,1,38,40,150755,13,99999,0,75
3,7,2,3,0,4,1,38,40,199900,12,0,1848,55
3,11,2,11,0,4,1,38,49,189498,9,0,0,50
3,11,2,2,0,4,1,38,27,210498,9,5178,0,40
3,12,2,3,0,4,1,38,53,123011,14,0,0,45
3,11,2,9,0,4,1,38,37,38948,9,0,0,50
3,9,4,11,1,4,1,38,43,115932,13,0,0,60
3,9,2,9,0,4,1,38,46,265105,13,0,0,50
5,9,2,9,0,4,1,38,49,175622,13,0,0,40
3,14,2,9,0,4,1,38,35,258339,15,0,0,55
3,11,2,11,0,4,1,38,33,133503,9,0,1977,45
3,15,2,2,0,4,1,38,45,194698,10,0,0,40
1,8,4,10,1,4,1,38,29,302422,11,0,1564,56
4,15,2,2,0,4,1,38,49,246739,10,0,0,45
3,11,2,2,0,4,1,38,47,187440,9,5178,0,40
3,8,2,9,0,4,1,38,37,249208,11,0,0,48
3,7,2,11,0,4,1,38,47,201699,12,5178,0,50
0,11,2,12,0,4,1,9,53,177647,9,0,0,40
3,9,2,0,0,4,1,38,40,192344,13,0,0,40
3,15,2,11,0,4,1,38,41,175674,10,0,0,40
5,0,2,2,0,4,1,38,29,160786,6,0,0,35
3,9,2,9,0,4,1,38,40,209547,13,0,0,60
0,9,2,3,0,4,1,38,29,244473,13,7688,0,40
3,11,2,13,0,4,1,38,43,200355,9,0,0,70
3,12,2,9,0,4,1,38,44,54310,14,7298,0,40
3,11,2,9,0,4,1,38,40,146908,9,0,1902,40
4,8,2,11,0,4,1,38,37,51264,11,0,0,40
3,9,2,11,0,4,1,38,39,49020,13,3103,0,48
3,12,4,3,1,4,0,38,37,178100,14,0,0,40
3,11,2,6,0,4,1,4,47,145041,9,0,0,40
3,10,2,9,5,4,0,38,40,46990,16,0,1977,20
3,9,0,11,1,2,1,38,48,149210,13,0,0,40
3,8,2,12,0,4,1,38,50,185407,11,0,0,38
3,8,2,2,0,4,1,38,23,41721,11,0,0,55
3,9,2,9,0,4,1,38,43,206139,13,0,0,50
3,5,4,4,1,4,1,25,33,224258,4,0,0,40
3,12,4,3,1,4,1,38,31,240441,14,0,1564,40
5,15,2,9,5,4,0,38,40,406811,10,0,0,40
3,11,0,2,4,2,1,38,55,171467,9,0,0,48
3,11,2,11,0,4,1,38,38,119177,9,0,0,55
7,12,2,14,0,4,1,30,79,76641,14,20051,0,40
5,15,2,2,0,4,1,19,47,190072,10,0,0,40
3,11,2,2,0,4,1,38,50,104501,9,0,0,40
3,10,4,9,1,4,1,38,45,148995,16,99999,0,30
3,11,2,0,5,4,0,38,31,139822,9,0,0,40
3,15,2,2,0,4,1,38,42,255667,10,0,0,50
3,9,2,9,0,0,1,38,51,215404,13,15024,0,40
3,11,2,13,0,4,1,38,41,425049,9,0,0,50
5,14,0,9,4,4,1,38,42,29320,15,0,0,60
3,12,2,9,0,4,1,38,46,197332,14,7688,0,46
3,15,2,2,0,4,1,38,44,147206,10,7688,0,45
3,11,0,3,1,4,0,38,43,185057,9,0,0,30
3,2,2,0,5,2,0,38,45,168598,8,3103,0,40
3,10,2,9,0,4,1,38,33,115496,16,0,0,60
3,15,2,3,5,4,0,38,36,185744,10,0,0,35
3,1,2,2,0,4,1,38,36,186035,7,5178,0,40
3,11,2,3,5,4,0,38,38,117312,9,15024,0,40
4,11,2,3,0,4,1,38,52,234286,9,15024,0,40
3,9,0,11,1,4,1,38,46,364548,13,8614,0,40
4,10,2,9,0,4,1,38,50,283676,16,15024,0,60
3,9,2,9,0,4,1,10,36,218490,13,0,0,45
1,12,2,9,0,4,1,38,49,269527,14,7298,0,40
4,5,2,2,0,4,1,39,50,201689,4,0,1977,63
3,0,2,2,0,4,1,38,32,180284,6,0,0,40
1,9,4,9,1,4,1,38,40,27444,13,0,0,50
3,15,2,3,0,4,1,38,56,143266,10,0,0,40
3,14,4,9,1,4,0,38,51,197163,15,0,2559,50
6,12,2,3,0,4,1,38,44,193524,14,0,1902,40
5,14,0,9,1,4,1,38,51,124963,15,0,0,80
3,11,2,2,0,4,1,38,53,97005,9,0,0,46
0,9,2,3,0,4,1,32,56,277420,13,0,0,40
3,14,4,9,4,4,1,10,29,82242,15,27828,0,45
3,9,2,9,0,4,1,38,33,178429,13,0,0,40
3,14,2,9,0,4,1,39,47,185866,15,0,0,60
5,14,2,9,0,4,1,38,64,219661,15,0,0,9
3,11,0,13,1,4,1,38,40,321856,9,0,0,60
3,8,6,3,4,1,0,38,60,139586,11,0,0,40
3,2,2,11,0,4,1,38,32,419691,8,0,0,40
3,11,2,7,5,4,0,38,27,131310,9,0,0,40
3,11,2,6,0,4,1,38,52,81859,9,0,0,48
3,9,2,3,0,4,1,38,35,166416,13,0,0,50
4,12,2,11,0,4,1,38,46,216414,14,0,1977,60
0,11,2,0,0,4,1,38,54,27432,9,0,0,40
3,12,2,3,0,4,1,38,45,102308,14,15024,0,60
7,9,2,14,5,3,0,39,38,94559,13,7688,0,50
6,10,2,9,0,4,1,10,34,366198,16,0,0,45
5,11,2,11,0,4,1,38,45,210364,9,15024,0,80
5,15,2,11,0,4,1,25,41,375574,10,0,0,60
3,11,2,7,5,4,0,38,60,166330,9,99999,0,40
3,15,2,3,0,4,1,38,59,231377,10,0,1848,45
3,9,2,6,0,4,1,38,45,178319,13,0,0,40
1,8,4,10,1,2,0,38,36,174640,11,0,0,60
3,7,4,12,1,2,1,8,36,337039,12,14344,0,40
3,9,2,3,0,4,1,38,40,153238,13,0,1902,32
3,11,2,7,5,4,0,38,47,175990,9,0,0,30
5,9,2,11,0,4,1,38,49,219718,13,15024,0,40
3,11,6,2,4,4,1,38,53,99185,9,0,0,40
3,11,2,2,0,4,1,38,50,65408,9,0,0,50
3,9,2,12,0,1,1,38,31,173279,13,0,0,40
7,15,2,14,5,4,0,38,52,318351,10,0,0,40
5,15,2,3,0,4,1,38,41,157686,10,0,0,40
3,7,6,12,4,4,1,38,45,277434,12,0,0,40
3,11,2,13,0,4,1,38,50,268553,9,7298,0,40
3,15,2,11,0,4,1,38,54,104501,10,15024,0,40
3,9,2,2,0,4,1,38,53,180439,13,0,0,40
4,10,2,9,0,4,1,38,51,100029,16,15024,0,40
3,12,2,3,0,4,1,38,54,215990,14,0,1887,44
6,11,2,2,0,4,1,38,32,111567,9,0,0,49
3,9,2,3,0,4,1,38,49,83610,13,7688,0,66
3,10,2,3,0,4,1,38,54,182314,16,0,1977,50
3,11,0,2,1,0,1,38,34,27494,9,0,0,48
4,9,2,3,0,4,1,38,56,109856,13,15024,0,50
3,15,2,2,0,4,1,38,43,117158,10,0,0,45
3,11,0,2,1,4,1,38,59,110820,9,0,0,38
4,15,2,3,0,4,1,38,68,182131,10,10605,0,20
3,9,2,11,0,4,1,38,41,204415,13,0,0,48
6,12,2,9,0,4,1,39,68,202699,14,0,2377,42
6,10,2,9,0,4,1,38,38,321943,16,0,0,40
3,12,2,12,0,4,1,38,48,287480,14,0,0,40
3,11,2,9,0,4,1,38,62,213321,9,0,0,40
3,15,2,9,0,4,1,38,56,178353,10,0,0,40
3,0,2,2,0,4,1,38,58,160662,6,0,0,40
3,11,2,0,0,2,1,38,43,245056,9,0,0,40
3,12,2,9,5,4,0,38,39,134367,14,0,1977,24
3,8,2,3,0,4,1,38,51,673764,11,0,0,50
1,12,2,9,0,4,1,38,45,287920,14,0,0,50
3,9,2,11,0,4,1,38,51,289572,13,7688,0,50
5,11,2,3,0,4,1,38,47,185673,9,0,0,50
3,9,4,11,1,4,1,38,30,121142,13,0,0,40
3,15,5,13,4,4,1,38,43,334991,10,4934,0,51
3,9,2,11,0,4,1,38,44,174283,13,0,0,50
3,15,2,2,0,4,1,38,33,176992,10,0,0,40
4,9,2,11,0,4,1,38,50,304955,13,0,0,60
1,15,4,10,1,4,1,38,40,147372,10,0,2444,40
3,7,2,9,0,4,1,38,49,225454,12,0,0,45
5,9,2,3,0,4,1,38,41,144002,13,0,0,60
5,15,2,13,0,4,1,38,57,225913,10,0,0,45
4,14,2,9,0,4,1,38,49,229737,15,99999,0,37
3,15,5,11,1,4,1,38,41,274363,10,0,0,80
0,9,2,3,0,4,1,38,45,76008,13,0,0,50
1,7,2,3,5,4,0,38,42,186909,12,0,0,45
3,11,2,2,0,4,1,38,45,102771,9,0,1887,40
5,11,2,11,0,4,1,38,58,248841,9,15024,0,40
3,11,2,2,0,4,1,38,34,123270,9,0,0,40
3,11,0,12,1,4,1,38,44,222596,9,0,0,50
3,7,4,5,1,2,1,39,22,119592,12,0,2824,40
3,9,2,9,0,4,1,38,46,186172,13,3103,0,40
4,14,2,9,0,4,1,38,56,98418,15,99999,0,40
3,9,4,3,1,4,1,38,36,329980,13,27828,0,40
7,15,2,14,0,1,1,29,35,195946,10,0,0,40
0,15,2,12,0,4,1,38,40,73883,10,0,0,40
3,7,2,3,0,4,1,38,52,175714,12,0,0,55
3,12,2,9,0,3,1,19,36,52327,14,0,0,40
3,11,2,0,5,4,0,38,29,47429,9,0,0,40
1,9,2,9,5,4,0,38,53,248834,13,0,0,50
4,9,2,11,0,4,1,38,43,117158,13,15024,0,60
1,12,4,9,1,4,1,38,47,216657,14,0,0,35
1,9,2,10,0,4,1,38,30,154950,13,0,0,72
3,12,3,11,1,4,0,38,28,192283,14,0,0,80
1,9,2,9,5,2,0,38,38,172855,13,0,1887,40
3,15,2,9,0,4,1,38,43,339814,10,5178,0,40
3,12,2,9,0,4,1,38,46,110171,14,15024,0,50
3,15,2,13,0,4,1,38,26,94477,10,7298,0,55
6,0,2,13,0,4,1,38,53,153486,6,0,0,40
3,11,2,5,0,4,1,38,43,144371,9,0,0,42
3,15,2,12,0,4,1,38,24,186213,10,0,0,50
3,8,2,13,0,4,1,38,32,183304,11,0,0,99
1,7,2,10,0,4,1,38,35,182570,12,0,0,40
1,14,4,9,1,4,0,38,53,131258,15,0,0,50
3,11,2,4,0,4,1,38,50,20795,9,0,0,60
3,9,0,2,1,4,1,38,32,53206,13,0,0,50
3,10,2,9,0,4,1,38,64,98586,16,0,0,60
3,9,2,9,5,4,0,38,26,181920,13,0,0,45
3,15,4,0,1,4,0,38,39,209867,10,13550,0,45
4,12,2,9,0,1,1,18,35,79586,14,0,0,40
3,9,2,11,0,4,1,38,40,53835,13,0,0,50
1,14,2,9,0,1,1,29,46,14878,15,0,0,40
3,15,2,0,0,4,1,38,49,280525,10,0,0,45
1,9,4,10,1,4,0,38,38,194630,13,4787,0,43
6,11,0,2,3,4,1,38,48,120131,9,8614,0,40
5,15,2,3,0,4,1,38,60,27886,10,0,0,40
3,15,2,3,0,4,1,38,52,123011,10,0,0,45
3,11,2,13,5,4,0,38,36,306567,9,0,0,40
1,9,2,9,0,1,1,29,46,187749,13,0,0,40
3,8,0,11,1,4,0,38,30,373213,11,0,0,40
3,12,2,3,0,4,1,38,67,105252,14,0,0,40
3,15,2,2,0,4,1,38,35,454843,10,0,0,40
3,9,2,3,0,4,1,38,43,212894,13,15024,0,50
3,14,2,13,0,2,1,38,59,354037,15,15024,0,50
3,9,2,3,5,4,0,38,33,36539,13,0,0,40
3,10,2,9,0,4,1,38,46,456062,16,0,2415,55
0,12,2,1,0,4,1,38,46,344415,14,0,1887,40
4,15,2,11,0,4,1,38,54,206964,10,0,1977,40
7,10,2,14,0,4,1,1,67,150264,16,0,0,20
3,9,2,11,0,4,1,38,62,588484,13,0,0,20
3,15,2,2,0,4,1,38,36,153066,10,0,0,50
3,9,2,6,0,4,1,38,52,150393,13,0,0,40
3,9,2,2,0,4,1,38,53,177705,13,0,0,44
3,9,2,3,0,4,1,38,41,138975,13,7688,0,45
3,12,2,13,0,4,1,38,54,176240,14,7688,0,60
5,9,2,3,0,4,1,38,55,185195,13,0,0,40
3,10,2,9,0,4,1,38,31,147284,16,0,1977,99
3,9,2,0,0,4,1,38,25,264012,13,0,0,45
3,15,2,13,0,4,1,38,46,321327,10,7298,0,45
4,9,2,3,5,1,0,39,45,108100,13,99999,0,25
3,12,2,3,0,4,1,38,58,170108,14,0,0,40
1,9,2,4,0,1,1,38,45,348172,13,7298,0,40
3,9,2,11,0,4,1,38,38,809585,13,0,0,40
5,9,2,11,0,4,1,38,36,67728,13,0,0,50
1,12,2,9,0,4,1,38,47,149700,14,15024,0,35
3,15,2,0,5,2,0,38,43,393354,10,0,0,38
3,8,2,2,0,4,1,38,37,226947,11,0,0,40
6,15,2,3,5,4,0,38,36,86805,10,7298,0,39
5,11,2,2,0,4,1,38,48,353012,9,0,1902,40
3,15,2,0,0,2,1,38,40,64980,10,0,0,55
5,9,4,9,1,2,1,38,28,227890,13,0,0,50
3,11,2,3,0,4,1,38,40,445382,9,0,0,40
3,15,2,11,0,4,1,38,53,163678,10,0,0,40
3,11,2,13,0,4,1,38,51,163826,9,0,0,40
3,12,2,9,0,4,1,38,49,185385,14,0,0,50
1,14,2,9,0,4,1,38,31,178449,15,0,0,40
3,11,2,12,0,2,1,38,46,380162,9,0,0,40
5,12,2,3,0,4,1,38,41,100800,14,7298,0,70
3,9,4,3,1,4,1,38,30,162572,13,0,0,70
4,15,2,11,0,4,1,38,37,190759,10,0,0,60
6,15,2,10,0,2,1,38,46,164023,10,0,0,70
3,12,2,3,0,4,1,38,51,172046,14,0,1977,50
3,9,2,3,0,4,1,38,33,182926,13,15024,0,50
4,9,2,3,0,4,1,38,47,362835,13,0,0,50
6,12,2,9,0,4,1,38,48,44434,14,0,0,61
3,9,2,11,0,4,1,38,38,102945,13,0,0,52
3,1,2,2,0,4,1,38,24,235071,7,0,0,50
3,11,2,6,5,4,0,38,42,93770,9,0,0,40
3,15,2,0,5,4,0,38,31,124569,10,0,0,40
3,11,2,0,5,4,0,38,46,31432,9,3103,0,52
5,15,2,0,0,4,1,38,61,221884,10,0,0,50
4,12,2,9,0,4,1,38,50,160107,14,0,0,55
3,9,2,2,0,4,1,38,43,167265,13,0,0,84
3,9,2,3,5,4,0,38,26,100147,13,0,0,45
1,10,2,9,5,2,0,38,51,166461,16,0,0,40
3,11,2,6,0,4,1,38,31,137444,9,0,0,40
3,15,2,12,5,4,0,38,61,219886,10,0,0,40
3,9,2,12,0,4,1,38,44,112262,13,5178,0,40
3,11,2,11,0,4,1,38,56,213105,9,0,0,36
5,9,2,9,0,4,1,38,69,58213,13,20051,0,45
3,11,2,0,5,4,0,38,38,215419,9,0,0,36
3,9,2,3,0,4,1,38,33,341187,13,0,0,50
3,15,2,12,0,4,1,38,56,220187,10,0,0,45
5,11,2,3,0,4,1,38,68,166083,9,0,0,40
3,12,2,9,0,4,1,38,28,109001,14,0,0,38
3,15,4,13,1,4,1,38,25,242700,10,10520,0,50
3,9,2,3,5,4,0,38,39,188503,13,0,0,60
3,8,2,9,0,4,1,38,46,208872,11,0,0,40
3,11,4,2,1,4,1,38,33,348592,9,0,0,40
3,9,4,11,1,4,0,38,38,237608,13,0,2444,45
5,10,2,9,0,4,1,38,67,217892,16,10605,0,35
3,11,2,6,0,4,1,38,60,325971,9,7688,0,40
3,11,2,9,0,4,1,38,29,208577,9,0,0,40
3,12,2,9,0,4,1,38,65,344152,14,5556,0,50
6,9,2,4,0,4,1,38,41,33126,13,0,0,40
3,15,2,13,0,2,1,38,33,189368,10,0,0,40
1,10,2,9,5,4,0,38,52,155141,16,0,0,40
3,9,2,9,0,4,1,38,39,245053,13,0,0,50
3,15,2,3,5,4,0,38,40,284303,10,7688,0,40
5,11,2,11,0,4,1,38,51,183173,9,0,0,40
4,9,2,3,0,4,1,4,47,120131,13,0,0,50
3,14,2,9,0,4,1,38,34,226443,15,0,0,55
3,11,2,11,0,4,1,38,49,246183,9,0,0,40
4,12,2,3,0,4,1,38,71,38822,14,99999,0,40
3,9,2,3,5,4,0,38,32,273241,13,0,0,40
4,14,2,9,0,4,1,38,57,125000,15,0,0,35
7,10,2,14,0,0,1,38,62,68461,16,0,0,40
3,9,4,3,1,4,1,38,39,129573,13,0,0,50
3,9,2,6,0,4,1,38,37,179481,13,0,0,40
5,9,2,11,0,4,1,38,40,173716,13,0,0,45
4,15,2,11,0,4,1,4,38,244803,10,0,1485,60
3,9,2,11,0,4,1,38,51,124963,13,0,0,40
4,14,0,9,1,4,1,38,51,54342,15,27828,0,60
6,9,4,9,1,4,1,38,39,171482,13,0,0,40
3,15,3,2,4,4,1,38,39,38312,10,0,0,40
3,11,2,2,0,4,1,38,47,119939,9,0,0,40
3,15,2,13,0,4,1,38,40,83953,10,0,0,50
6,11,2,2,0,4,1,38,43,101383,9,0,0,40
0,7,2,0,0,4,1,38,44,251305,12,0,0,40
1,9,2,10,0,4,1,38,46,200947,13,0,0,40
5,12,2,9,0,4,1,38,53,46704,14,0,0,50
0,10,2,9,0,1,1,2,64,175534,16,0,0,40
1,12,2,9,0,4,1,38,54,173050,14,7688,0,40
3,10,6,9,1,4,1,38,64,43738,16,0,0,80
6,9,2,9,0,4,1,38,49,324791,13,0,0,50
3,11,2,2,0,4,1,38,29,152951,9,0,0,40
3,14,2,11,0,4,1,38,47,175958,15,0,0,45
4,8,0,9,1,4,1,38,59,141326,11,0,0,50
6,12,2,0,0,0,1,38,42,74334,14,0,0,40
3,12,0,3,1,4,1,38,44,236746,14,10520,0,45
3,15,2,9,0,4,1,38,60,282923,10,7298,0,40
0,9,0,12,1,4,1,38,44,29591,13,0,2258,40
3,12,2,9,0,4,1,38,33,594187,14,0,0,45
1,11,2,10,0,4,1,38,52,152795,9,0,0,52
4,14,2,9,0,4,1,38,45,311231,15,0,1485,50
3,11,2,6,0,4,1,38,31,114691,9,0,0,40
1,9,2,9,0,4,1,38,43,113324,13,0,0,40
3,9,2,3,0,4,1,38,46,251474,13,0,0,60
3,9,2,9,0,4,1,38,53,151411,13,0,0,45
3,9,2,9,0,4,1,38,40,210648,13,0,0,44
3,9,2,3,0,4,1,38,32,255885,13,0,0,43
3,15,2,3,0,4,1,38,44,147265,10,0,0,40
3,9,4,11,1,2,1,38,47,262244,13,0,0,60
3,11,4,3,4,4,1,38,54,329733,9,0,0,40
3,11,2,2,0,4,1,39,27,405765,9,0,0,40
3,9,0,3,1,4,0,38,32,177792,13,0,0,48
4,9,2,11,0,4,1,38,79,183686,13,0,0,20
0,9,2,3,5,0,0,38,50,32801,13,0,0,40
3,15,2,13,0,4,1,38,45,174533,10,7298,0,50
3,9,2,11,0,4,1,38,66,186324,13,0,0,5
5,14,2,9,0,4,1,38,39,195253,15,0,0,45
3,9,2,11,0,4,1,38,32,168854,13,0,1848,50
3,11,2,11,0,4,1,38,34,73161,9,0,0,40
5,10,4,9,1,4,0,38,37,137527,16,0,2559,60
3,15,2,11,0,4,1,38,43,198965,10,0,0,38
3,5,2,3,0,4,1,38,53,278114,4,0,0,40
5,11,2,2,0,4,1,8,44,127482,9,7298,0,50
4,9,2,3,0,4,1,38,48,81513,13,0,0,50
3,11,2,0,5,4,0,38,37,329026,9,0,0,40
3,15,2,12,0,2,1,38,34,209449,10,0,0,40
3,15,2,0,0,4,1,38,46,422813,10,0,0,40
5,10,2,9,0,4,1,38,50,167728,16,0,0,60
3,9,2,12,0,1,1,18,27,207352,13,0,0,40
3,8,2,12,0,4,1,38,35,241306,11,0,0,40
5,11,2,11,0,4,1,38,60,106118,9,0,0,70
1,9,2,9,0,4,1,38,56,381965,13,15024,0,40
3,10,2,9,0,4,1,39,55,175942,16,0,1977,55
3,15,2,12,0,4,1,38,55,193374,10,0,0,40
1,15,2,3,0,4,1,38,45,334039,10,0,0,40
3,9,2,3,0,4,1,38,32,113504,13,0,0,40
3,9,2,11,0,4,1,38,41,222596,13,15024,0,45
5,14,0,9,4,4,1,38,36,112497,15,25236,0,40
4,9,2,3,0,4,1,38,65,115922,13,0,0,40
7,11,2,14,0,4,1,38,59,375049,9,0,0,41
1,15,2,10,0,4,1,38,33,182971,10,0,1887,40
6,9,2,3,0,4,1,38,50,276241,13,0,0,40
6,15,2,9,0,4,1,38,49,175109,10,0,0,50
3,12,2,3,0,1,1,18,34,99872,14,3103,0,40
7,15,2,14,0,4,1,39,48,353824,10,0,0,40
3,8,2,11,0,4,1,38,47,34248,11,0,0,40
6,15,2,10,0,4,1,38,54,198741,10,0,0,40
3,11,2,3,0,4,1,38,34,381153,9,0,0,40
3,1,2,7,5,2,0,38,46,100067,7,0,0,35
3,7,0,11,1,4,1,38,34,208785,12,0,0,50
3,8,2,2,0,4,1,38,47,431515,11,0,0,40
3,9,2,3,0,4,1,38,36,272944,13,0,1887,40
3,15,2,7,0,1,1,38,39,80638,10,0,0,84
0,14,2,9,0,4,1,39,64,388594,15,15024,0,45
4,12,2,11,0,4,1,38,57,376230,14,99999,0,40
3,12,2,0,0,4,1,23,36,145576,14,0,1977,40
3,11,2,2,0,4,1,38,32,158291,9,0,0,50
3,9,2,11,0,4,1,38,27,193898,13,0,0,45
3,9,2,11,0,4,1,38,37,105021,13,0,0,50
5,10,2,9,0,4,1,38,38,239045,16,0,0,50
3,15,2,6,0,4,1,38,45,20534,10,0,0,84
3,15,2,9,0,4,1,38,34,252646,10,7298,0,50
3,14,2,9,0,4,1,38,32,132601,15,0,0,40
4,14,2,9,0,4,1,38,64,185912,15,99999,0,35
4,9,2,3,0,1,1,35,41,93227,13,0,1977,60
3,15,2,11,5,4,0,38,27,300783,10,0,0,42
5,10,2,9,0,4,1,1,34,213887,16,0,0,32
3,15,2,11,0,4,1,38,54,145098,10,0,0,40
3,8,2,12,0,4,1,38,48,123075,11,0,0,40
3,14,2,9,0,4,1,38,40,188291,15,0,0,40
3,9,2,9,0,1,1,29,35,193961,13,0,0,40
1,10,2,9,0,4,1,38,36,52532,16,0,1887,50
5,11,2,4,0,4,1,38,59,75804,9,0,0,65
5,9,2,3,5,4,0,38,31,162442,13,0,0,40
3,15,2,0,3,2,0,38,39,344743,10,0,0,50
3,9,4,0,3,4,0,38,26,176795,13,0,0,40
3,15,2,0,0,4,1,38,51,137815,10,7298,0,40
3,11,2,6,0,4,1,38,39,336880,9,0,0,40
0,15,2,0,0,4,1,38,61,229062,10,0,1887,40
3,9,4,11,1,4,0,38,29,124680,13,13550,0,35
3,7,2,12,0,4,1,38,41,136419,12,0,0,75
1,9,2,9,5,2,0,38,41,189956,13,0,0,40
3,15,2,0,5,4,0,38,59,139344,10,0,0,40
1,12,4,9,1,4,0,38,54,286342,14,0,0,32
4,9,2,7,0,1,1,19,32,124919,13,0,0,50
1,12,2,9,5,4,0,38,51,155118,14,0,0,70
3,15,2,11,0,4,1,38,35,206951,10,0,0,40
6,12,2,0,0,4,1,38,44,166597,14,0,0,40
5,11,2,4,0,4,1,38,28,33363,9,0,0,70
4,15,2,3,0,4,1,38,74,167537,10,0,0,35
3,11,2,3,0,4,1,38,61,210488,9,0,0,50
3,10,2,9,0,4,1,19,47,192793,16,0,0,40
3,11,2,6,0,4,1,38,42,247695,9,0,0,45
6,10,2,9,5,4,0,38,36,340091,16,0,0,36
6,9,2,9,0,4,1,38,40,377018,13,0,0,60
3,12,2,3,5,4,0,38,43,183273,14,15024,0,32
6,9,2,3,0,4,1,38,49,36177,13,0,0,45
3,9,5,9,1,2,0,38,41,124956,13,99999,0,60
3,7,2,3,0,4,1,38,35,297574,12,0,0,99
3,11,2,13,0,4,1,38,40,155972,9,0,0,60
3,11,2,6,0,2,1,38,36,226013,9,5178,0,40
4,15,2,3,0,4,1,41,36,337778,10,0,0,60
0,8,0,0,4,2,0,38,42,272625,11,0,0,40
3,15,2,0,5,4,0,38,45,48271,10,0,0,40
4,11,2,2,0,4,1,38,30,127651,9,0,1887,48
3,14,4,11,1,4,0,38,32,159442,15,13550,0,50
3,11,2,0,5,4,0,38,36,128516,9,0,0,40
0,9,2,9,0,4,1,38,35,49657,13,7298,0,40
1,12,2,9,5,4,0,38,40,202872,14,0,0,40
3,15,2,12,0,4,1,38,48,345831,10,0,0,40
1,14,4,3,1,4,1,38,40,99679,15,0,0,60
3,15,2,3,5,4,0,38,34,287737,10,0,1485,40
1,12,2,3,0,4,1,38,55,161662,14,0,0,55
3,11,5,9,2,2,0,38,47,160187,9,14084,0,38
3,15,3,6,1,4,1,38,60,139391,10,0,0,50
7,11,6,14,1,4,0,38,73,139049,9,0,0,22
3,12,2,11,0,4,1,38,49,340755,14,0,0,40
3,11,2,2,0,4,1,38,47,148995,9,0,0,40
3,15,2,13,0,4,1,38,53,33304,10,0,0,40
3,9,2,3,0,4,1,38,50,134766,13,0,1902,50
3,15,2,3,0,4,1,4,31,227446,10,0,0,40
3,9,2,11,0,4,1,38,43,125461,13,0,1902,55
5,15,2,3,5,4,0,38,56,48102,10,0,1977,50
3,11,0,2,1,4,1,38,58,234213,9,14344,0,48
3,9,2,3,0,4,1,38,65,113323,13,0,0,40
3,7,2,11,0,4,1,38,51,175070,12,5178,0,45
3,9,2,2,0,4,1,38,26,293690,13,0,0,58
3,9,2,12,0,4,1,38,38,172538,13,0,1977,40
1,12,2,9,0,4,1,38,31,192565,14,0,0,90
1,12,2,3,0,4,1,38,50,100480,14,0,0,60
3,11,0,13,1,4,1,38,54,153486,9,0,0,56
3,15,2,0,0,4,1,38,40,126845,10,0,0,40
4,15,0,3,4,4,1,38,42,78765,10,0,0,90
3,15,0,0,1,2,0,38,58,201112,10,0,0,55
4,12,2,3,0,4,1,38,69,107850,14,6514,0,40
3,9,2,9,0,4,1,38,34,230246,13,0,0,42
3,9,5,11,1,4,1,38,34,203034,13,0,2824,50
0,15,2,0,5,4,0,38,64,341695,10,0,0,40
3,11,2,0,5,4,0,38,41,178002,9,0,0,40
1,12,2,0,0,4,1,38,53,192982,14,0,0,38
3,9,2,12,0,4,1,38,46,78529,13,0,0,60
6,11,2,5,0,4,1,38,49,207120,9,0,0,40
3,15,2,11,0,4,1,38,54,35557,10,7298,0,50
3,11,2,2,0,4,1,7,52,110954,9,0,0,45
5,10,4,9,1,4,1,38,49,43348,16,99999,0,70
3,15,2,11,0,4,1,38,42,34278,10,0,0,50
3,15,2,12,5,4,0,38,51,205884,10,0,0,40
5,9,2,11,0,4,1,38,47,61885,13,0,0,40
3,15,2,3,5,2,0,38,25,299908,10,0,0,40
3,11,2,2,0,4,1,38,47,239865,9,0,1977,45
3,8,2,3,5,4,0,38,36,32334,11,0,0,50
3,12,2,3,0,4,1,38,47,102628,14,15024,0,55
3,11,2,5,0,4,1,38,52,156953,9,0,0,40
3,8,2,2,0,4,1,38,50,339954,11,0,0,40
3,11,2,13,0,4,1,38,53,48343,9,0,1902,40
3,15,2,9,0,4,1,38,42,227065,10,15024,0,32
6,9,2,10,0,4,1,38,32,400132,13,0,0,40
3,9,2,9,0,4,1,38,42,511068,13,7688,0,40
1,9,2,9,0,4,1,10,29,190525,13,0,1848,60
6,14,2,9,0,4,1,38,48,171926,15,15024,0,50
4,14,2,9,0,4,1,38,36,242080,15,0,0,80
3,11,2,2,0,4,1,38,53,386773,9,7298,0,40
5,9,2,3,0,4,1,38,53,105478,13,0,2415,40
3,10,0,9,1,4,1,38,45,140644,16,0,0,45
4,15,2,11,0,4,1,38,38,312232,10,0,0,50
3,8,2,3,0,4,1,38,54,103345,11,0,0,40
3,11,2,9,0,4,1,38,30,26009,9,0,0,35
3,9,2,2,0,4,1,38,46,149388,13,0,0,40
1,10,2,9,0,2,1,22,66,174486,16,20051,0,35
0,9,4,3,1,4,1,38,41,207685,13,0,0,40
3,14,2,9,0,4,1,38,51,310774,15,0,0,50
3,9,2,9,0,2,1,38,33,312881,13,0,0,40
3,9,2,9,0,4,1,38,41,32878,13,0,0,45
0,12,2,9,0,4,1,38,29,360527,14,0,0,40
1,15,4,12,1,4,1,38,24,452640,10,14344,0,50
4,14,2,9,0,4,1,38,46,201865,15,0,0,60
0,9,2,3,0,4,1,38,35,475324,13,0,0,40
1,12,2,9,0,4,1,38,39,180686,14,0,1977,45
3,11,2,2,0,4,1,38,50,129956,9,0,0,48
3,11,2,13,0,4,1,38,26,86872,9,0,0,40
6,12,0,3,4,4,0,38,31,100863,14,0,0,50
3,2,2,2,0,4,1,38,49,34377,8,0,0,40
3,7,0,3,1,4,0,38,40,266803,12,0,0,40
3,8,2,9,5,4,0,38,50,213290,11,0,1887,36
3,15,2,0,5,4,0,38,61,96660,10,15024,0,34
4,14,2,9,0,4,1,38,49,101722,15,0,0,60
3,11,2,2,0,4,1,38,51,162745,9,7298,0,50
3,11,2,2,0,4,1,38,48,128460,9,0,0,42
3,12,2,9,0,4,1,38,63,30813,14,0,0,50
3,15,2,0,5,4,0,38,73,148003,10,20051,0,36
3,15,2,9,0,4,1,38,54,421561,10,0,0,40
3,11,2,2,0,4,1,38,41,149909,9,0,1848,40
7,9,2,14,0,4,1,38,65,240857,13,0,2377,40
5,9,2,3,0,4,1,38,36,138940,13,4386,0,50
3,15,2,2,0,4,1,38,38,103323,10,7688,0,40
6,9,2,3,0,4,1,38,37,29145,13,0,0,50
6,11,2,2,0,4,1,38,35,184659,9,0,1485,40
3,8,2,6,0,4,1,38,37,193689,11,0,0,42
3,11,2,6,0,1,1,40,30,95299,9,0,0,40
4,15,2,3,0,4,1,38,43,240504,10,0,0,70
3,8,2,2,0,1,1,38,61,84587,11,0,0,40
4,9,2,11,0,4,1,38,42,188615,13,0,0,60
6,11,2,3,0,4,1,38,36,196348,9,0,0,60
3,9,2,3,0,4,1,38,47,173938,13,0,0,57
7,11,2,14,0,4,1,38,63,29859,9,0,1485,40
3,8,2,2,0,4,1,38,58,314092,11,0,1887,48
3,9,2,6,0,4,1,38,43,266439,13,0,1887,40
3,9,2,3,0,4,1,38,33,188246,13,0,0,65
3,11,2,2,0,4,1,38,37,169426,9,0,0,60
3,15,2,2,0,4,1,38,28,535978,10,0,0,40
4,11,2,13,0,4,1,17,57,258883,9,5178,0,60
3,9,2,2,0,4,1,38,32,164197,13,0,0,44
3,15,2,3,0,4,1,38,36,160035,10,0,0,55
5,14,2,9,0,4,1,38,34,140011,15,0,0,55
5,11,2,4,0,4,1,38,47,159869,9,0,0,56
6,10,4,3,1,4,0,38,58,259929,16,0,0,43
4,8,2,3,0,4,1,11,53,134854,11,0,0,40
3,12,2,3,0,1,1,38,35,160120,14,0,0,50
3,15,2,3,5,4,0,38,51,25031,10,0,0,10
5,9,1,9,0,4,1,38,40,26892,13,7298,0,50
3,6,0,2,4,4,0,38,55,408537,5,99999,0,37
0,11,2,2,0,2,1,38,57,30030,9,0,0,40
7,9,2,14,0,4,1,38,71,177906,13,0,0,10
3,9,2,11,0,4,1,38,49,281647,13,0,0,45
6,12,2,9,5,4,0,38,30,48214,14,0,0,50
4,11,2,4,0,4,1,38,48,38240,9,0,0,40
3,9,2,12,0,4,1,38,43,221172,13,0,0,24
3,9,2,3,0,4,1,38,60,93997,13,15024,0,45
3,14,2,9,0,4,1,38,37,112497,15,0,0,50
3,15,2,3,5,4,0,38,38,186325,10,0,0,38
3,15,2,3,0,4,1,38,59,126677,10,0,0,50
3,9,2,9,0,4,1,38,42,149210,13,7298,0,45
7,10,2,14,0,4,1,38,69,106566,16,0,0,50
3,8,2,2,0,4,1,38,34,24266,11,7688,0,40
3,9,2,9,0,4,1,38,45,267967,13,0,0,45
3,9,2,12,0,4,1,38,44,210648,13,0,0,40
3,8,2,3,5,4,0,38,47,94809,11,0,0,45
1,11,0,5,1,4,1,38,39,166497,9,0,0,40
5,11,2,2,0,4,1,38,34,204052,9,0,0,40
4,12,2,9,0,4,1,38,50,155574,14,7298,0,50
3,9,2,3,0,4,1,38,30,114912,13,3103,0,60
3,11,2,3,0,4,1,38,43,193882,9,0,0,40
0,12,0,3,1,4,1,38,45,179638,14,0,0,40
4,12,2,11,0,4,1,38,46,125892,14,0,0,50
3,5,2,3,0,4,1,38,56,197369,4,0,0,40
3,15,2,0,5,2,0,38,25,353795,10,3103,0,40
0,9,2,0,0,4,1,38,58,139290,13,0,0,40
3,11,2,13,0,4,1,38,56,89922,9,3103,0,45
3,15,2,3,5,4,0,38,34,167497,10,7688,0,50
3,11,2,3,0,4,1,38,37,132879,9,0,0,40
0,9,2,3,0,4,1,38,56,156229,13,7688,0,40
3,7,2,3,0,4,1,38,44,131650,12,0,0,54
3,9,2,2,0,1,1,40,30,154568,13,0,0,36
3,11,2,3,5,4,0,38,44,124747,9,3103,0,40
3,11,2,3,0,4,1,38,38,276559,9,7688,0,70
3,15,2,11,0,4,1,38,32,106014,10,5178,0,50
3,14,2,9,0,4,1,38,35,86648,15,7688,0,50
5,9,2,3,0,4,1,38,48,107231,13,99999,0,50
3,12,2,3,0,4,1,38,51,48343,14,7298,0,50
3,8,0,3,1,4,1,38,44,247880,11,8614,0,40
3,9,2,3,0,4,1,38,44,192225,13,0,0,40
3,9,5,3,1,4,1,38,38,125933,13,27828,0,45
3,12,0,9,4,4,0,38,43,289669,14,0,2547,40
6,12,2,3,0,4,1,38,59,139616,14,0,0,50
3,11,2,10,0,4,1,38,49,168211,9,0,0,40
3,11,2,12,0,4,1,38,61,225970,9,0,0,40
3,12,2,3,0,4,1,38,33,188246,14,7298,0,45
3,11,2,9,0,4,1,38,48,83444,9,7298,0,40
3,11,2,3,0,4,1,38,56,75785,9,0,0,40
3,11,2,5,0,4,1,38,37,216924,9,0,0,44
4,7,2,11,0,4,1,38,39,131288,12,5178,0,48
3,9,2,9,0,4,1,38,51,171914,13,0,0,50
6,11,2,10,0,4,1,38,30,144064,9,0,0,40
7,10,2,14,0,4,1,38,70,54849,16,0,0,20
3,9,2,11,0,4,1,38,38,184801,13,0,0,60
3,8,2,11,0,4,1,38,32,147284,11,0,0,50
3,12,2,9,5,1,0,16,29,162551,14,0,0,40
7,9,4,14,1,4,1,38,61,42938,13,0,0,7
3,9,2,11,0,4,1,10,46,389843,13,0,0,50
0,9,2,0,0,4,1,38,56,141877,13,0,0,40
4,9,2,3,0,4,1,38,39,117555,13,0,0,60
5,12,2,3,0,4,1,38,40,204235,14,99999,0,50
6,9,0,9,1,4,1,38,62,202056,13,14084,0,40
4,9,2,11,0,4,1,38,42,1097453,13,0,0,60
4,9,2,11,0,4,1,38,53,298215,13,0,0,45
3,14,2,3,0,4,1,38,47,423222,15,0,0,45
5,11,2,3,0,4,1,38,64,31826,9,0,0,45
3,11,2,2,0,4,1,38,41,288568,9,0,0,40
3,10,2,9,0,4,1,38,42,146659,16,0,1902,50
3,11,2,2,0,4,1,38,34,149507,9,0,0,55
1,11,2,10,0,4,1,38,31,206609,9,0,0,40
3,15,2,11,0,4,1,38,43,75993,10,7688,0,40
3,14,2,3,0,4,1,38,55,115439,15,99999,0,40
0,11,2,2,0,4,1,38,49,179869,9,0,0,40
3,11,2,2,5,4,0,38,40,124747,9,7298,0,40
5,9,2,3,0,4,1,38,55,477867,13,0,0,40
3,14,2,9,5,4,0,38,30,35724,15,0,0,45
3,9,2,3,0,4,1,38,52,155983,13,0,0,40
0,15,2,3,0,4,1,38,57,414994,10,0,0,40
3,12,0,3,1,4,0,38,43,211128,14,0,0,50
3,9,2,3,0,4,1,38,38,38312,13,15024,0,65
3,11,2,6,0,2,1,38,51,178241,9,0,0,40
1,15,2,0,0,4,1,38,41,36924,10,0,0,40
3,11,2,3,0,4,1,38,31,344200,9,0,0,40
3,8,5,2,1,4,1,38,33,194901,11,0,2444,42
3,9,2,9,0,4,1,38,40,91959,13,0,0,46
1,7,2,9,0,4,1,38,34,234096,12,0,0,40
4,9,2,11,3,4,1,38,35,186845,13,5178,0,50
3,9,4,3,1,2,0,38,43,219424,13,0,0,50
3,9,2,2,0,4,1,38,54,186117,13,0,0,45
3,2,2,11,0,1,1,0,50,135339,8,0,0,40
3,15,2,2,0,4,1,38,50,306790,10,0,0,40
4,9,4,12,1,4,1,38,36,184456,13,27828,0,55
3,9,2,3,0,4,1,38,54,291755,13,0,0,45
3,9,2,3,0,4,1,38,34,159322,13,0,0,50
3,11,2,3,0,4,1,38,54,99434,9,0,0,40
3,15,2,6,0,4,1,38,34,185063,10,0,0,45
7,11,2,14,5,4,0,33,62,125493,9,5178,0,40
3,15,2,5,0,4,1,38,34,108837,10,0,0,40
3,9,2,9,5,1,0,29,45,261278,13,5178,0,40
3,15,2,2,0,4,1,38,34,173495,10,0,0,48
3,9,2,11,5,2,0,38,28,285294,13,15024,0,45
5,15,2,4,0,4,1,38,50,27539,10,7688,0,40
0,11,2,6,0,4,1,38,52,168539,9,0,0,40
3,15,2,11,0,4,1,38,34,161018,10,0,0,55
5,15,2,3,0,4,1,38,56,73746,10,0,0,50
3,11,2,2,0,4,1,38,42,510072,9,0,0,40
5,15,2,2,0,4,1,38,78,82815,10,0,0,3
3,12,2,3,0,4,1,38,51,123429,14,0,0,50
3,11,2,6,0,4,1,38,46,353512,9,0,0,40
3,9,2,9,0,4,1,38,30,108247,13,0,0,40
5,7,2,2,1,4,1,38,31,369648,12,0,0,50
7,7,2,14,0,4,1,38,59,145574,12,0,0,35
3,11,2,13,0,4,1,38,53,317313,9,0,0,60
3,12,2,3,0,4,1,38,39,108140,14,0,0,50
4,11,6,11,2,1,1,38,75,81534,9,0,0,35
3,11,2,3,0,4,1,38,36,35945,9,0,0,50
4,11,2,11,0,4,1,38,56,208809,9,0,1902,40
3,15,2,9,0,4,1,38,35,253006,10,7688,0,38
3,8,2,6,0,4,1,38,39,248011,11,5178,0,40
3,12,2,3,0,4,1,38,44,165346,14,0,0,40
1,7,2,10,0,4,1,8,32,19302,12,0,0,56
4,9,2,3,0,4,1,38,44,118212,13,99999,0,70
3,7,2,12,0,4,1,9,39,115289,12,0,0,40
3,12,2,3,0,4,1,38,34,379798,14,0,0,40
3,12,2,9,0,4,1,38,38,227945,14,99999,0,65
6,12,2,9,0,4,1,38,41,36999,14,0,0,75
1,12,2,3,0,2,1,38,56,273084,14,0,0,40
3,9,2,3,0,4,1,38,59,170104,13,0,1977,50
3,15,2,11,0,4,1,38,44,96249,10,0,0,60
3,11,4,0,4,4,0,38,43,112763,9,8614,0,43
3,12,4,3,1,4,1,38,41,106679,14,27828,0,50
4,11,0,3,1,4,1,38,51,98642,9,14084,0,40
1,9,2,9,0,4,1,38,44,144778,13,0,0,40
3,12,2,9,0,1,1,18,61,80896,14,0,0,45
1,15,2,3,0,4,1,38,52,153064,10,0,0,40
3,9,2,9,0,4,1,38,38,105150,13,0,0,45
3,8,2,10,0,2,1,22,54,182187,11,15024,0,38
0,12,2,3,0,4,1,31,56,67153,14,0,0,40
3,12,2,9,0,4,1,38,38,98360,14,0,0,40
3,11,2,2,0,4,1,38,52,317032,9,0,0,50
3,12,2,3,0,4,1,38,48,207277,14,15024,0,40
3,11,2,13,0,4,1,38,57,47857,9,0,0,40
3,2,0,13,1,4,1,38,41,37997,8,0,0,84
3,11,2,9,0,4,1,38,31,157640,9,0,0,55
3,15,2,0,5,4,0,38,44,222504,10,0,0,45
3,11,0,6,1,2,1,38,52,146567,9,14344,0,40
3,8,2,2,0,4,1,17,55,143266,11,0,0,50
3,9,2,11,0,4,1,38,29,278637,13,3103,0,45
5,14,2,9,0,4,1,38,46,328216,15,0,0,45
3,11,2,3,0,4,1,38,44,165815,9,0,0,60
3,7,2,0,0,4,1,38,27,305647,12,0,0,40
0,15,2,3,0,2,1,38,65,23494,10,0,2174,40
3,12,4,3,1,2,0,38,37,421633,14,0,0,40
3,1,2,5,0,4,1,38,38,287701,7,0,0,48
3,11,2,9,0,4,1,38,31,187560,9,15024,0,40
3,9,2,11,0,4,1,38,28,52603,13,0,0,50
5,14,2,9,0,4,1,38,48,219021,15,0,0,35
3,7,2,0,5,4,0,38,34,221167,12,0,0,40
3,9,2,11,0,4,1,38,30,115426,13,0,0,40
3,15,2,2,0,4,1,38,40,119101,10,0,1887,68
5,11,2,2,0,4,1,38,33,108438,9,0,0,40
3,15,2,0,0,4,1,38,30,270889,10,0,0,40
3,9,2,3,0,4,1,38,44,35910,13,0,1902,56
3,10,2,3,0,4,1,38,54,511668,16,0,1977,43
4,9,2,9,0,4,1,38,38,189679,13,0,0,50
0,11,2,0,0,4,1,38,59,100931,9,0,0,40
5,9,2,0,0,4,1,38,56,119069,13,0,0,40
3,9,2,11,0,4,1,38,35,265662,13,0,0,40
3,9,2,9,5,4,0,38,38,114591,13,15024,0,40
3,15,2,11,0,4,1,38,30,129707,10,0,1848,40
0,14,5,9,4,4,0,10,46,308077,15,0,0,40
3,14,2,9,0,4,1,10,60,159049,15,0,0,70
3,12,5,12,1,4,1,38,47,304857,14,27828,0,40
3,14,2,3,0,4,1,38,55,125000,15,0,0,60
3,12,2,9,0,4,1,38,47,181363,14,0,0,40
3,12,2,3,0,4,1,38,54,338620,14,0,0,52
3,7,2,3,0,4,1,38,38,111128,12,0,0,40
3,11,2,6,0,4,1,38,36,169426,9,7298,0,40
5,9,2,11,0,4,1,38,43,99220,13,0,0,40
0,15,2,0,0,4,1,38,38,261241,10,0,0,45
3,11,2,0,0,4,1,38,51,290856,9,0,0,40
3,2,2,2,0,4,1,38,38,192337,8,0,0,40
1,11,2,0,5,4,0,38,30,311913,9,0,0,40
0,7,4,9,1,4,1,38,39,243872,12,0,0,40
3,5,2,2,0,4,1,30,61,159822,4,7688,0,40
3,9,2,9,5,4,0,38,29,46442,13,0,1902,50
3,9,2,3,0,4,1,38,32,126132,13,15024,0,50
3,12,2,3,0,4,1,38,68,211287,14,0,2392,40
0,11,2,12,0,4,1,38,55,238192,9,0,1887,40
3,11,2,0,0,4,1,38,61,183355,9,0,0,40
4,15,2,11,0,4,1,38,51,46281,10,0,0,50
3,9,2,3,0,4,1,38,27,190525,13,7298,0,55
3,15,2,3,0,4,1,38,42,383493,10,15024,0,50
3,11,0,2,1,4,1,38,42,20809,9,0,0,75
3,15,2,3,0,4,1,38,34,148207,10,0,0,65
3,12,2,7,0,4,1,38,30,169496,14,0,0,15
3,12,2,3,5,4,0,38,53,22978,14,0,0,50
3,12,0,11,1,4,1,38,49,287647,14,4787,0,45
3,8,2,3,5,4,0,38,62,155094,11,0,0,45
3,15,2,13,0,4,1,38,31,151053,10,5178,0,40
3,9,2,12,0,4,1,38,50,548361,13,0,0,20
3,8,2,2,0,4,1,25,31,319146,11,4386,0,40
3,15,2,13,0,4,1,38,55,197114,10,0,0,6
5,9,2,3,5,4,0,38,54,109418,13,0,1977,35
3,9,2,12,0,4,1,38,56,182062,13,0,0,48
1,9,2,9,0,4,1,38,59,53304,13,0,0,50
5,12,2,3,0,4,1,38,42,178780,14,0,0,50
3,15,2,2,0,4,1,38,46,90042,10,0,0,40
3,4,2,6,5,1,0,24,32,102986,3,0,0,40
3,11,2,5,0,4,1,38,30,161599,9,0,0,40
3,9,2,3,0,4,1,38,52,68982,13,0,0,50
3,11,4,0,1,4,1,38,35,182898,9,8614,0,40
3,9,4,11,1,4,1,38,34,49469,13,99999,0,50
3,9,2,11,0,4,1,38,55,101524,13,0,0,40
3,11,2,11,5,4,0,38,40,202872,9,0,0,40
3,9,2,3,0,4,1,38,37,263094,13,7298,0,40
4,9,2,3,0,4,1,38,54,357596,13,7298,0,55
1,15,2,7,0,4,1,38,47,102628,10,0,0,40
3,11,2,11,0,4,1,38,35,139364,9,0,1902,40
1,12,2,9,0,4,1,38,46,175428,14,0,0,40
3,12,2,3,5,4,0,38,41,211253,14,0,0,40
3,11,2,13,0,4,1,38,31,323055,9,0,0,50
6,10,2,9,0,4,1,38,33,291494,16,0,0,50
3,9,4,3,1,4,1,38,32,226696,13,0,0,55
5,14,2,3,0,4,1,38,41,153132,15,15024,0,40
3,9,2,12,0,1,1,29,48,307440,13,0,0,45
4,9,4,9,1,4,0,38,34,62396,13,0,0,62
3,11,2,0,5,4,0,38,40,178983,9,0,0,30
5,2,2,3,0,4,1,38,52,183146,8,0,0,50
3,9,2,0,5,4,0,39,32,118551,13,0,0,35
3,0,2,3,0,4,1,38,48,141511,6,0,0,45
6,15,2,0,0,4,1,38,30,343789,10,0,0,40
3,11,2,11,0,4,1,38,44,277647,9,0,1902,40
5,6,2,13,0,4,1,38,37,82540,5,0,0,70
3,9,2,3,0,4,1,38,34,212781,13,0,0,40
3,9,2,11,0,2,1,38,32,260868,13,0,0,40
3,12,2,9,0,4,1,38,36,171393,14,7298,0,55
3,12,0,12,1,4,1,38,54,172281,14,0,0,40
7,9,2,14,0,4,1,38,68,257269,13,0,2377,35
1,10,4,9,1,4,0,38,67,190661,16,7896,0,50
3,9,2,11,0,4,1,38,27,228476,13,0,0,50
1,12,2,9,5,4,0,38,62,115763,14,0,0,40
1,9,2,10,0,2,1,38,31,199368,13,0,0,50
3,9,2,3,0,4,1,38,52,159755,13,0,1887,40
7,11,4,14,1,4,1,38,55,141807,9,13550,0,40
3,9,6,8,4,4,0,38,47,97883,13,25236,0,35
6,10,4,3,1,4,0,38,49,269417,16,0,2258,50
3,11,2,2,0,4,1,38,34,199539,9,0,0,48
0,10,6,3,1,4,1,38,79,62176,16,0,0,6
3,12,2,3,0,4,1,38,32,209538,14,0,0,55
3,14,2,9,0,4,1,10,40,287008,15,15024,0,55
3,11,2,0,5,4,0,38,43,178866,9,0,0,25
3,9,2,3,0,4,1,38,31,110643,13,0,1977,55
3,11,2,3,0,4,1,38,41,217902,9,0,0,40
4,11,2,3,0,4,1,38,64,80333,9,0,0,40
3,9,2,3,0,4,1,38,58,265086,13,0,0,50
5,11,2,11,0,4,1,38,37,353298,9,99999,0,50
3,9,2,3,0,2,1,38,53,250034,13,0,0,50
3,7,2,9,0,4,1,38,37,193815,12,0,0,45
3,10,2,9,0,4,1,38,39,204527,16,0,0,50
5,11,4,2,1,4,1,38,29,229341,9,0,0,50
3,9,2,3,0,4,1,38,50,128143,13,0,0,50
0,9,2,10,0,4,1,38,34,190228,13,0,1902,48
3,9,5,3,4,4,1,38,43,180599,13,8614,0,40
3,9,2,11,0,1,1,38,44,116358,13,0,0,40
5,15,2,12,0,2,1,38,47,180446,10,0,0,40
3,15,2,12,0,4,1,38,46,53893,10,0,0,40
4,11,2,2,0,4,1,38,53,152810,9,5178,0,45
3,11,2,3,0,4,1,38,28,336951,9,0,0,50
5,11,2,2,0,4,1,38,45,315984,9,7688,0,50
5,14,2,9,0,3,1,18,51,120781,15,99999,0,70
3,10,2,9,0,4,1,38,64,47298,16,0,0,60
3,10,2,3,0,4,1,38,44,125461,16,0,0,60
3,9,2,10,0,1,1,29,63,76860,13,0,0,40
1,12,2,9,0,4,1,38,44,136986,14,15024,0,35
1,8,2,10,0,4,1,38,52,392668,11,0,0,40
3,12,2,11,0,4,1,38,36,223433,14,7688,0,50
4,9,2,3,0,4,1,38,65,210381,13,99999,0,65
3,15,2,2,0,4,1,38,34,192900,10,0,0,40
3,7,2,12,0,4,1,38,40,272960,12,0,0,42
4,14,2,9,0,4,1,4,42,152071,15,0,0,60
3,15,2,2,0,4,1,38,51,53197,10,0,0,40
5,11,2,2,0,4,1,38,57,287229,9,0,0,48
3,15,2,2,0,4,1,38,31,191834,10,0,0,40
3,11,2,2,0,4,1,38,39,365739,9,0,0,40
5,12,2,9,0,2,1,38,38,194534,14,99999,0,60
7,11,2,14,0,4,1,38,36,504871,9,0,0,40
3,12,2,9,0,4,1,38,28,173944,14,0,0,40
4,14,2,9,0,4,1,38,57,127728,15,15024,0,60
6,9,2,10,0,4,1,38,25,262664,13,0,0,40
5,15,2,2,0,4,1,38,44,343190,10,0,1887,55
3,9,2,9,0,4,1,38,44,83237,13,0,0,55
3,9,2,3,0,4,1,38,53,168107,13,0,0,40
4,11,2,11,0,4,1,38,45,139268,9,0,0,50
4,15,2,3,0,4,1,38,59,122390,10,0,1977,48
4,10,2,3,0,4,1,38,65,184965,16,99999,0,40
3,9,2,3,0,4,1,38,62,178249,13,0,0,35
3,11,2,2,0,4,1,38,53,167651,9,0,0,40
3,9,2,3,0,4,1,38,47,420986,13,0,0,40
4,15,2,11,0,4,1,38,52,68015,10,0,0,90
3,11,2,13,0,4,1,38,30,206322,9,0,0,73
3,11,2,9,0,4,1,38,51,152810,9,0,0,40
3,9,4,9,1,4,1,38,28,198197,13,0,0,55
3,12,2,9,0,4,1,38,46,261059,14,0,1977,50
1,11,2,10,0,4,1,38,31,206297,9,0,0,40
3,9,2,3,0,4,1,38,35,35945,13,0,0,40
3,15,2,2,0,4,1,38,39,150057,10,0,0,55
3,15,2,2,0,4,1,38,34,177437,10,15024,0,45
5,11,2,2,0,4,1,38,57,184553,9,0,0,50
0,6,2,6,0,4,1,38,39,30673,5,0,0,40
3,12,2,9,0,1,1,18,42,198341,14,0,1902,55
0,15,2,0,0,4,1,38,61,221943,10,9386,0,40
3,9,0,3,1,4,1,38,39,114544,13,0,0,45
3,12,2,9,0,1,1,18,53,70387,14,4386,0,40
3,8,2,12,5,4,0,38,38,423616,11,0,0,36
3,9,2,3,0,4,1,38,46,98637,13,7298,0,50
1,9,6,9,4,4,0,38,60,255711,13,0,0,60
3,9,4,9,4,4,0,38,29,152461,13,14344,0,50
3,11,2,2,0,4,1,38,54,135388,9,5178,0,40
3,9,2,3,0,4,1,38,43,169383,13,0,0,45
4,11,4,3,1,4,1,38,28,191129,9,0,0,65
3,9,2,3,0,4,1,38,57,199934,13,0,0,40
3,9,2,3,0,4,1,38,52,145166,13,15024,0,55
4,15,2,13,0,4,1,38,40,45054,10,0,0,40
3,15,2,9,0,4,1,38,35,179668,10,0,0,40
3,10,2,9,0,1,1,35,57,127277,16,0,0,40
0,14,2,9,0,4,1,38,39,376455,15,0,1887,50
3,15,2,9,0,4,1,38,42,204235,10,0,0,40
1,12,2,3,0,4,1,38,46,209057,14,0,0,50
3,14,4,3,1,4,1,38,38,99233,15,0,0,40
1,8,0,9,4,4,1,38,60,101110,11,0,0,40
4,9,2,2,0,4,1,38,38,140854,13,0,0,50
3,12,2,3,0,4,1,38,47,158286,14,0,0,50
3,9,0,3,4,4,0,38,50,269095,13,0,0,40
7,15,2,14,0,4,1,38,68,255276,10,0,0,48
3,11,2,13,0,4,1,38,36,185099,9,0,0,70
3,9,2,9,0,4,1,38,43,110970,13,0,1902,40
3,15,2,9,0,4,1,38,49,203067,10,0,0,40
3,9,2,11,0,4,1,38,25,154941,13,0,0,40
3,12,2,9,0,1,1,18,34,165737,14,0,0,43
3,12,2,9,0,4,1,1,51,82578,14,0,0,38
3,9,2,11,0,4,1,38,31,227146,13,0,0,55
4,9,2,3,0,4,1,38,42,348886,13,0,0,45
3,11,2,6,0,4,1,38,48,145636,9,0,0,60
4,9,2,11,0,4,1,38,26,189502,13,0,0,80
3,9,2,2,0,4,1,38,31,574005,13,0,0,44
3,11,2,11,0,4,1,38,44,194924,9,0,0,35
3,7,2,11,0,4,1,38,40,121874,12,7688,0,50
1,15,2,10,0,4,1,38,38,73715,10,0,0,60
3,11,2,2,0,4,1,38,37,19899,9,15024,0,45
3,7,2,3,0,4,1,38,46,181363,12,0,0,40
3,9,2,9,0,4,1,38,38,43712,13,7298,0,60
5,10,2,9,0,4,1,39,36,342719,16,0,0,45
7,11,2,14,0,4,1,38,61,71467,9,3103,0,40
3,15,2,6,0,3,1,38,40,400061,10,0,0,40
1,9,2,9,0,4,1,38,30,131568,13,0,0,40
3,8,2,3,0,4,1,38,56,367984,11,15024,0,40
3,15,2,13,0,4,1,38,38,122076,10,7298,0,43
5,14,2,9,0,1,1,18,45,216402,15,0,0,50
5,14,2,9,0,4,1,38,50,42402,15,0,2415,30
3,9,2,11,0,4,1,38,47,78529,13,0,0,60
3,10,2,12,0,4,1,10,57,140426,16,0,1977,40
3,12,2,3,0,4,1,38,48,148995,14,0,0,40
1,9,2,9,5,4,0,38,49,119904,13,7688,0,30
3,15,2,2,0,4,1,38,33,263561,10,0,0,60
3,9,2,3,5,4,0,38,45,306889,13,0,0,40
5,5,2,13,0,4,1,38,58,105592,4,0,0,40
3,12,2,9,5,4,0,38,36,386726,14,0,1977,44
3,12,2,9,0,4,1,38,48,254291,14,0,0,40
3,8,2,0,0,4,1,38,40,125776,11,0,0,40
0,11,2,0,0,4,1,38,42,172307,9,0,0,48
3,11,2,2,0,4,1,38,25,176729,9,0,0,40
3,15,6,11,4,4,0,38,66,174276,10,0,0,50
0,12,4,9,1,4,0,39,59,48102,14,0,0,40
5,15,2,3,0,4,1,38,42,79531,10,0,0,55
5,8,2,4,0,4,1,38,70,268832,11,0,0,24
3,11,2,12,0,4,1,38,42,126003,9,0,0,40
3,15,2,6,0,4,1,38,28,297735,10,0,0,40
3,12,2,3,0,4,1,38,37,174150,14,0,0,40
3,11,2,0,0,4,1,38,38,165466,9,0,0,60
3,15,2,11,0,2,1,38,36,262688,10,7688,0,50
4,14,2,9,0,4,1,38,70,158437,15,0,0,35
3,15,6,4,1,4,1,38,55,41108,10,0,2258,62
3,11,2,6,5,4,0,21,59,131916,9,0,0,40
3,11,2,3,0,4,1,38,62,155256,9,0,0,45
3,11,2,9,0,4,1,38,52,102828,9,7688,0,40
4,11,2,3,0,4,1,38,74,231002,9,0,0,30
3,15,4,3,1,4,1,38,35,589809,10,13550,0,60
3,9,2,3,0,4,1,38,38,172538,13,15024,0,50
6,12,2,6,0,4,1,38,34,318982,14,0,1848,40
3,12,2,3,0,4,1,38,48,204629,14,0,0,50
3,15,2,11,0,4,1,38,42,96321,10,0,0,50
5,9,2,6,0,4,1,38,32,134737,13,0,0,70
3,11,2,2,0,4,1,38,44,260761,9,0,0,40
3,15,2,3,0,4,1,38,39,269323,10,0,0,40
5,9,2,2,0,4,1,38,50,183915,13,0,0,45
3,8,0,0,4,4,0,38,45,184277,11,0,0,55
4,9,2,3,0,4,1,38,46,120902,13,3103,0,37
6,9,2,3,5,2,0,38,38,200904,13,0,0,30
5,12,0,9,1,1,1,18,30,116666,14,0,0,50
3,15,2,0,5,4,0,38,41,168324,10,0,0,40
3,9,2,11,0,4,1,38,45,126889,13,0,1887,60
4,11,2,3,0,4,1,38,45,117605,9,0,0,48
4,15,6,11,1,4,0,38,63,38472,10,14084,0,60
5,4,2,13,0,4,1,25,36,328466,3,0,0,50
1,9,2,3,0,4,1,38,38,414791,13,0,0,42
3,15,2,2,0,4,1,38,48,266764,10,0,0,45
3,15,2,2,0,2,1,38,53,126592,10,7688,0,40
3,15,2,11,0,4,1,38,41,104334,10,0,0,50
3,14,2,3,0,4,1,38,44,183342,15,0,0,55
3,10,2,9,0,4,1,30,45,329603,16,0,0,40
3,15,2,13,0,4,1,38,41,77373,10,0,1848,65
3,9,2,2,0,4,1,38,45,192776,13,7298,0,55
3,12,2,3,0,4,1,38,61,147280,14,0,0,60
3,9,2,3,0,4,1,38,47,264052,13,15024,0,50
6,9,2,9,0,4,1,38,43,28451,13,0,0,37
3,9,2,3,0,2,1,38,29,185908,13,0,0,55
3,8,2,2,0,4,1,38,40,242521,11,0,0,40
3,15,4,12,1,4,0,38,42,109912,10,0,0,40
3,9,2,3,0,4,1,38,43,187795,13,0,0,45
3,11,2,11,0,4,1,38,53,73134,9,15024,0,60
3,15,2,9,0,4,1,38,45,236040,10,0,0,40
5,11,2,13,0,4,1,4,37,258037,9,0,0,45
3,9,2,11,5,4,0,38,30,101345,13,3103,0,55
3,15,2,9,0,4,1,28,33,405913,10,0,0,40
3,9,2,3,0,4,1,38,37,588003,13,15024,0,40
3,12,2,11,0,4,1,38,35,206951,14,0,0,40
5,15,2,0,5,4,0,38,28,237466,10,0,0,30
3,11,2,13,0,4,1,38,50,271262,9,0,0,40
3,1,0,9,4,0,1,38,46,176552,7,0,0,40
3,15,2,11,0,4,1,38,41,182303,10,0,0,50
1,12,0,9,4,4,0,38,59,296253,14,8614,0,60
3,9,2,3,0,4,1,39,57,165695,13,0,0,40
7,11,2,14,0,4,1,38,55,200235,9,0,0,50
3,15,2,2,0,4,1,38,58,94429,10,0,0,40
3,9,2,0,0,1,1,29,42,306982,13,0,0,40
3,11,5,13,4,1,1,38,61,80896,9,0,0,45
3,15,2,11,0,4,1,38,31,197886,10,15024,0,45
3,9,2,2,0,4,1,38,47,121124,13,15024,0,50
6,11,2,2,0,4,1,38,51,193720,9,0,0,56
3,11,2,5,5,4,0,38,48,148254,9,0,0,16
3,12,2,3,0,4,1,39,46,268022,14,0,0,55
3,9,2,9,0,4,1,38,46,189498,13,0,1848,45
1,12,2,9,0,4,1,38,45,54190,14,0,0,50
3,12,2,9,0,4,1,38,56,282023,14,0,0,40
5,9,2,9,0,4,1,38,42,351161,13,0,1887,40
3,11,2,13,0,4,1,38,50,132716,9,0,0,40
3,15,2,9,0,4,1,38,55,206487,10,0,0,40
0,15,0,0,1,4,1,38,39,184964,10,0,0,40
3,15,2,2,0,3,1,38,60,252413,10,0,0,32
3,12,2,3,5,4,0,38,33,181372,14,0,0,50
3,9,4,9,1,4,0,38,29,122127,13,8614,0,40
3,14,2,9,5,4,0,38,31,106437,15,0,0,60
4,11,2,3,0,4,1,38,49,306289,9,0,0,40
4,10,2,9,0,4,1,38,45,201699,16,0,0,60
3,9,2,3,0,4,1,38,46,58683,13,15024,0,55
3,11,2,6,0,1,1,0,46,104632,9,0,0,40
0,11,2,0,5,4,0,38,40,178866,9,0,0,20
3,12,2,3,0,1,1,38,54,139850,14,0,0,45
3,15,2,2,0,4,1,38,38,309230,10,0,0,40
3,9,2,3,0,4,1,38,31,54318,13,0,0,50
3,9,2,9,0,4,1,38,45,48495,13,0,0,42
3,9,2,3,0,4,1,38,38,143123,13,0,0,40
5,7,2,3,5,4,0,38,67,431426,12,20051,0,4
3,12,0,3,4,2,0,38,41,191451,14,0,0,60
3,9,2,11,0,4,1,38,37,99146,13,0,0,60
1,9,2,9,0,4,1,25,34,429897,13,0,0,45
1,11,2,3,0,4,1,38,27,137629,9,0,0,80
3,12,2,3,0,4,1,4,38,277248,14,0,0,60
6,10,2,9,0,4,1,38,47,216414,16,0,0,40
1,6,2,2,0,2,1,37,28,154863,5,0,0,40
0,9,0,9,4,4,0,38,46,44706,13,0,0,50
3,12,2,3,0,1,1,38,59,81973,14,0,0,40
3,15,2,2,0,4,1,38,54,123011,10,0,0,40
3,9,4,11,1,4,1,38,43,351576,13,0,0,50
0,9,2,12,0,4,1,38,46,33794,13,3103,0,40
3,12,2,9,0,4,1,38,33,79923,14,0,0,45
3,11,2,5,0,4,1,38,37,187589,9,5178,0,40
7,8,2,14,0,4,1,38,37,319685,11,0,0,54
3,9,2,9,0,4,1,38,33,709798,13,0,0,60
3,15,2,9,5,4,0,38,48,248254,10,7298,0,40
3,15,2,3,0,4,1,38,34,561334,10,0,0,50
3,9,2,9,0,3,1,39,37,292370,13,0,0,50
3,11,2,11,0,4,1,38,47,186534,9,0,0,55
1,9,2,9,0,4,1,38,33,194901,13,0,0,40
3,9,2,6,0,4,1,38,44,340885,13,0,1977,40
3,15,2,3,0,4,1,38,34,287315,10,0,0,55
5,15,2,9,5,4,0,38,51,46401,10,0,0,40
3,15,2,10,0,4,1,38,29,191722,10,7688,0,54
5,11,2,11,0,4,1,38,64,103643,9,0,0,15
3,15,2,2,0,4,1,38,28,156257,10,0,0,60
3,10,2,9,0,4,1,38,58,320102,16,0,0,50
5,10,2,9,0,4,1,38,31,81030,16,0,0,40
5,11,2,4,0,4,1,38,40,34007,9,0,0,70
3,15,2,3,5,4,0,38,56,109015,10,7688,0,50
3,9,2,3,5,4,0,38,38,234807,13,0,0,50
3,11,2,3,0,4,1,38,50,94081,9,0,0,40
3,9,0,11,1,4,0,38,34,101510,13,0,0,50
3,11,2,6,0,4,1,38,38,207202,9,0,0,48
3,15,2,12,5,4,0,38,32,101352,10,0,0,32
3,11,2,2,0,4,1,38,39,273362,9,0,0,40
3,11,2,2,0,4,1,38,41,100451,9,7688,0,38
1,9,2,2,0,4,1,38,45,168191,13,0,0,35
5,5,2,11,0,4,1,38,61,196773,4,0,0,30
3,15,2,2,0,2,1,38,55,175071,10,15024,0,40
3,15,2,11,0,4,1,38,44,278476,10,0,0,60
3,11,2,11,0,4,1,38,42,39060,9,0,0,60
3,15,4,2,4,4,0,38,48,198000,10,0,0,38
3,11,0,7,4,4,0,38,31,178370,9,0,0,99
3,9,3,11,4,4,0,38,48,121253,13,0,2472,70
3,15,2,2,0,4,1,38,52,165681,10,0,0,40
3,15,2,0,5,4,0,38,25,263773,10,0,0,40
3,15,2,2,0,4,1,38,50,213296,10,0,0,48
3,11,2,11,0,4,1,38,60,178312,9,7298,0,65
4,15,2,3,0,4,1,38,58,78104,10,7298,0,60
3,5,2,6,0,4,1,38,48,440706,4,0,0,40
3,14,2,9,0,4,1,38,33,149184,15,0,1977,50
3,9,2,9,0,4,1,38,30,159589,13,7688,0,50
3,11,2,11,0,4,1,38,58,172333,9,7688,0,40
3,8,2,12,0,4,1,38,32,206541,11,0,0,45
3,9,5,3,1,4,0,38,28,303440,13,0,0,50
3,11,2,2,0,4,1,38,35,186009,9,0,0,40
4,14,2,3,0,1,1,39,45,180239,15,7688,0,40
3,8,2,9,0,2,1,38,42,240255,11,0,0,40
3,9,2,12,0,4,1,38,42,171424,13,7298,0,45
3,11,2,2,0,4,1,38,36,148581,9,0,0,55
1,12,2,9,0,4,1,38,52,89705,14,0,0,40
1,15,2,10,0,4,1,38,26,72594,10,0,0,55
5,15,2,11,5,4,0,38,59,81107,10,0,0,80
3,9,2,3,0,4,1,38,38,205852,13,0,0,40
3,9,2,9,0,4,1,38,66,113323,13,20051,0,40
3,7,4,2,1,4,1,38,30,331419,12,4787,0,50
3,15,0,2,3,4,1,38,60,202226,10,0,0,44
3,15,2,12,0,4,1,38,54,308087,10,0,1977,18
3,14,2,9,0,4,1,38,43,180599,15,15024,0,60
3,15,2,3,0,4,1,38,48,165484,10,0,0,65
3,9,2,3,0,4,1,38,45,285060,13,0,0,50
3,11,2,2,0,4,1,38,50,146325,9,0,0,44
3,9,4,11,1,4,1,38,27,388998,13,13550,0,46
3,3,2,2,0,4,1,25,60,532845,2,0,0,40
3,14,2,3,0,4,1,38,60,185836,15,0,0,40
3,11,0,9,1,4,1,38,53,346871,9,4787,0,46
5,11,2,3,0,4,1,38,69,185039,9,9386,0,12
4,12,2,11,0,4,1,38,50,251240,14,0,0,40
5,11,2,11,0,4,1,38,52,138611,9,7688,0,55
3,9,2,3,0,4,1,39,50,176227,13,0,0,40
3,15,0,3,1,4,0,38,35,139647,10,0,0,40
3,11,2,13,0,4,1,38,58,205235,9,0,0,60
4,14,2,9,0,4,1,38,46,192779,15,15024,0,60
3,9,2,3,0,4,1,38,55,189719,13,0,0,45
3,6,0,2,1,4,0,38,56,92215,5,0,0,40
7,9,2,14,0,2,1,38,50,204577,13,0,1902,60
3,11,0,3,1,4,0,38,42,344572,9,0,0,40
3,4,2,11,0,4,1,39,60,188650,3,0,0,40
3,7,5,2,4,1,1,38,24,243190,12,8614,0,40
3,11,2,0,0,2,1,38,47,583755,9,0,0,40
3,7,2,3,0,4,1,38,39,306646,12,0,0,50
3,9,4,11,1,4,1,38,27,279580,13,10520,0,45
3,11,2,9,0,4,1,38,42,154076,9,7688,0,50
7,8,2,14,5,4,0,38,35,139770,11,0,0,20
3,9,2,3,0,4,1,38,45,30457,13,15024,0,40
3,11,0,12,1,4,1,38,54,103024,9,0,0,42
0,9,2,3,0,4,1,38,41,510072,13,0,0,40
3,9,0,11,1,4,1,38,51,177705,13,0,0,50
4,14,4,2,1,4,1,38,45,121124,15,0,0,50
3,15,2,2,0,4,1,39,45,47314,10,0,1902,40
3,15,2,2,0,4,1,38,35,105803,10,0,0,50
3,15,2,3,0,4,1,38,29,228860,10,0,1887,50
4,14,2,9,0,4,1,38,45,40666,15,0,0,55
3,15,2,6,0,4,1,38,44,277488,10,3103,0,40
3,9,2,11,0,4,1,38,30,24292,13,0,0,45
3,15,2,9,0,4,1,38,35,281982,10,0,0,40
5,14,2,9,0,4,1,38,37,348739,15,0,0,50
3,11,2,3,0,4,1,38,38,220585,9,0,0,55
3,9,2,3,0,4,1,38,36,306646,13,0,0,55
3,15,2,13,0,4,1,38,46,102318,10,0,1887,40
3,15,2,2,0,4,1,38,39,165743,10,0,0,45
3,10,2,9,0,2,1,39,50,123174,16,0,0,37
0,15,2,0,0,4,1,29,37,188069,10,0,0,40
3,11,2,7,0,4,1,7,51,138852,9,7298,0,40
0,8,2,0,0,4,1,38,46,212120,11,0,0,40
3,12,2,0,5,4,0,38,53,285621,14,0,0,40
3,9,4,9,1,4,0,38,33,356823,13,10520,0,45
3,9,2,3,0,1,1,2,40,191342,13,0,0,40
3,15,2,12,0,4,1,38,50,226497,10,0,0,45
5,15,0,11,4,4,1,38,48,373606,10,0,0,65
3,9,2,0,0,1,1,38,42,79586,13,0,0,40
3,9,2,9,0,4,1,38,38,245372,13,7688,0,45
3,9,0,3,1,4,1,38,64,218490,13,27828,0,55
0,9,2,3,0,4,1,38,42,34218,13,7298,0,50
3,9,2,13,0,4,1,38,45,285858,13,0,0,40
5,9,2,13,0,4,1,38,45,102771,13,0,0,40
3,9,2,3,0,4,1,38,32,108116,13,0,1902,60
6,9,2,9,0,4,1,38,46,178686,13,0,0,38
3,9,2,3,0,4,1,38,55,110748,13,0,1887,40
3,10,0,9,1,4,0,38,29,195284,16,0,0,60
3,9,2,3,0,4,1,39,38,125933,13,0,0,40
3,9,2,3,0,4,1,38,37,140854,13,0,0,50
4,14,2,3,5,4,0,38,41,114580,15,0,2415,55
4,15,2,3,0,4,1,38,43,130126,10,15024,0,45
3,11,0,0,4,4,0,38,44,408531,9,0,0,40
3,15,2,9,0,4,1,38,44,235786,10,7298,0,45
0,15,2,9,0,4,1,38,51,293196,10,0,0,40
0,9,1,9,0,4,1,38,29,116394,13,0,0,50
5,11,4,4,1,4,1,38,36,34180,9,0,0,70
3,9,2,11,0,4,1,38,37,171150,13,99999,0,60
4,9,2,11,0,4,1,38,30,77689,13,7688,0,50
3,9,2,3,0,4,1,38,32,195000,13,7298,0,45
4,9,0,3,4,4,1,38,45,204196,13,0,0,50
3,11,2,11,0,4,1,38,46,148995,9,0,0,40
3,15,4,9,1,4,0,38,34,185556,10,0,0,12
3,11,2,6,0,4,1,38,50,109277,9,0,0,40
4,9,2,3,0,4,1,38,48,36020,13,0,0,50
3,8,2,13,0,4,1,38,55,184882,11,5178,0,50
3,7,2,11,0,4,1,38,61,86067,12,15024,0,40
3,9,0,3,4,4,1,38,64,66634,13,27828,0,50
3,15,2,11,0,4,1,38,58,31732,10,0,0,45
3,9,2,11,2,4,1,38,27,107812,13,0,0,40
3,9,0,9,4,4,0,38,52,117496,13,0,1755,40
3,12,2,3,0,4,1,38,49,187370,14,15024,0,50
0,11,2,0,0,2,1,38,46,219293,9,0,0,80
4,11,0,3,1,4,1,38,26,187652,9,0,0,78
3,9,2,5,0,4,1,38,32,29933,13,0,0,50
4,9,2,3,0,4,1,38,35,65624,13,0,0,50
3,9,2,11,0,4,1,25,30,36383,13,0,0,40
1,12,2,0,0,4,1,21,49,215895,14,0,0,40
5,14,2,9,0,4,1,38,33,170979,15,0,1887,40
3,9,2,9,0,4,1,38,44,210525,13,0,0,40
5,11,2,13,0,4,1,38,60,187794,9,3103,0,60
3,12,4,3,1,4,1,38,44,110396,14,14084,0,56
7,14,2,14,0,4,1,38,81,89391,15,0,0,24
3,9,2,0,0,4,1,38,33,59083,13,0,1902,45
3,12,2,9,0,4,1,38,50,22211,14,7688,0,50
6,14,2,3,0,2,1,38,66,162945,15,20051,0,55
0,15,2,0,0,4,1,38,60,119832,10,7298,0,40
3,11,2,6,0,4,1,38,46,177633,9,0,0,50
3,14,2,3,0,4,1,38,41,199018,15,0,0,40
3,9,2,11,0,4,1,38,42,154374,13,0,0,40
3,15,2,3,0,4,1,38,59,158813,10,0,0,60
3,9,2,11,0,4,1,38,36,346478,13,0,2415,45
3,15,2,12,0,4,1,38,54,215990,10,7688,0,40
3,9,2,11,0,4,1,38,39,177154,13,15024,0,50
3,11,2,5,0,4,1,38,50,175339,9,0,0,40
0,9,2,0,5,4,0,38,48,166634,13,7688,0,40
1,7,2,0,5,4,0,38,28,213195,12,0,0,40
3,11,2,0,0,4,1,38,34,157747,9,0,0,45
3,9,2,2,0,1,1,39,41,169104,13,0,0,40
3,15,2,13,0,4,1,38,44,186916,10,0,1887,60
3,12,4,9,1,4,1,38,26,157028,14,0,0,55
3,9,4,3,1,4,1,38,37,188774,13,0,2824,40
5,9,0,11,1,4,1,38,33,235271,13,0,0,50
3,9,4,11,1,4,0,38,35,109351,13,8614,0,45
3,14,2,9,0,4,1,38,38,100375,15,99999,0,60
3,9,2,9,5,4,0,38,36,90159,13,0,0,32
3,8,0,9,4,4,0,38,50,46155,11,0,0,40
3,11,2,0,0,4,1,38,55,61708,9,6418,0,50
3,8,2,2,0,4,1,38,41,173682,11,0,0,43
3,15,2,9,0,4,1,38,73,147551,10,0,2174,50
4,9,2,11,0,4,1,38,43,33729,13,0,0,45
3,11,0,9,3,4,0,38,36,214378,9,0,0,40
3,15,2,3,0,4,1,38,49,195612,10,7298,0,40
3,9,2,3,0,4,1,38,37,73471,13,0,1887,47
3,7,2,11,0,4,1,38,40,205195,12,0,0,60
3,15,2,12,0,4,1,38,50,154728,10,0,0,40
3,9,0,3,4,4,0,38,49,166809,13,0,0,40
3,9,2,3,0,4,1,38,45,266860,13,0,0,50
3,12,2,9,5,4,0,38,47,158451,14,0,0,2
3,15,4,12,1,4,0,38,40,360884,10,0,0,50
3,11,2,11,0,4,1,38,54,36480,9,15024,0,50
5,14,2,9,0,3,1,38,43,116666,15,0,0,35
3,12,2,3,0,4,1,38,27,115945,14,0,0,45
3,9,2,9,5,4,0,38,29,233168,13,0,0,46
3,15,1,7,5,4,0,38,22,228306,10,0,0,40
3,10,2,9,5,4,0,38,40,247469,16,0,0,30
3,12,4,9,1,4,1,38,51,673764,14,27828,0,40
0,15,2,0,0,4,1,38,42,460214,10,0,0,40
3,12,2,3,0,4,1,38,38,91039,14,0,0,65
3,11,2,2,0,4,1,38,41,197372,9,0,0,60
5,15,2,3,0,4,1,38,43,101534,10,0,1902,15
1,12,2,3,0,2,1,38,50,234143,14,0,0,45
3,15,2,0,0,4,1,38,23,380544,10,0,0,40
3,10,2,9,0,4,1,38,62,244087,16,15024,0,50
3,15,2,2,0,4,1,38,37,208358,10,0,0,40
0,11,2,3,0,4,1,38,38,207066,9,0,0,42
4,11,2,3,0,4,1,38,37,98389,9,0,0,50
3,12,2,3,0,4,1,38,55,368797,14,0,1977,60
3,15,2,3,0,4,1,38,35,24106,10,0,0,40
7,15,2,14,5,4,0,38,68,108683,10,0,0,12
3,9,2,3,0,4,1,38,53,312446,13,0,0,60
3,11,2,2,0,4,1,38,36,170376,9,0,0,45
4,7,2,11,0,4,1,38,64,161325,12,0,1887,50
1,11,2,13,5,4,0,38,45,374450,9,5178,0,40
1,12,2,9,0,4,1,38,45,61885,14,0,0,37
3,11,2,2,0,4,1,38,41,45366,9,0,0,72
4,9,2,3,0,4,1,39,54,223752,13,7688,0,40
3,11,2,9,0,4,1,38,50,155574,9,0,0,40
1,15,2,12,0,4,1,38,43,118853,10,4386,0,99
3,8,2,7,0,1,1,29,48,119471,11,0,0,56
6,12,2,9,0,4,1,38,43,24763,14,0,1887,45
3,10,2,3,0,4,1,38,51,392668,16,15024,0,84
3,9,2,3,0,4,1,38,35,108140,13,0,0,40
0,15,2,0,0,2,1,38,47,142581,10,0,0,40
6,15,0,10,1,4,1,38,31,440129,10,0,0,40
3,9,2,9,0,4,1,38,46,52291,13,7688,0,45
3,15,2,3,0,4,1,38,43,178780,10,0,0,49
1,9,2,9,0,4,1,38,40,303212,13,0,0,40
3,8,2,9,0,4,1,38,59,126668,11,5178,0,50
3,9,2,9,0,4,1,38,40,25005,13,15024,0,99
4,9,4,3,1,4,0,38,35,185621,13,0,0,60
3,11,6,0,1,4,0,38,58,110213,9,0,0,40
0,11,2,3,0,4,1,38,51,72436,9,0,0,57
3,8,2,7,0,4,1,38,28,584790,11,0,0,40
3,14,0,9,1,4,0,38,42,192569,15,0,0,39
1,9,4,2,1,4,1,38,31,158291,13,8614,0,40
3,12,2,11,0,4,1,38,36,218689,14,0,1977,50
3,12,4,3,1,4,1,38,32,167990,14,14084,0,40
3,9,2,3,0,4,1,38,42,261929,13,7688,0,40
3,15,4,3,1,4,0,38,54,425804,10,0,0,45
3,9,2,11,0,4,1,38,36,33394,13,0,1887,35
3,12,2,12,0,4,1,38,45,481987,14,0,0,18
3,11,2,7,0,4,1,38,60,250552,9,0,0,40
3,12,2,9,0,4,1,38,57,49893,14,0,0,60
0,9,2,12,0,4,1,38,57,310320,13,0,0,48
3,9,2,3,0,4,1,38,55,359972,13,0,1887,40
3,9,2,0,0,4,1,38,56,125000,13,0,0,40
3,9,2,9,0,4,1,39,46,213140,13,0,0,40
0,14,2,9,0,4,1,18,41,219155,15,0,0,50
4,11,2,3,5,0,0,38,46,320124,9,15024,0,40
6,9,2,9,0,4,1,38,31,373432,13,7298,0,55
5,5,2,4,0,4,1,38,63,29859,4,7688,0,60
3,12,4,9,1,4,1,38,30,426431,14,10520,0,40
0,7,2,3,5,4,0,38,37,45937,12,0,0,40
3,11,2,13,0,4,1,38,36,190023,9,0,0,60
5,9,2,3,0,4,1,38,54,230951,13,0,0,40
3,9,2,3,0,4,1,38,50,135465,13,0,0,50
3,10,2,9,0,1,1,18,48,119471,16,0,0,40
3,9,4,9,1,4,1,38,28,209205,13,0,0,60
5,9,2,3,0,4,1,38,74,292915,13,0,1825,12
6,9,2,3,0,4,1,38,51,172281,13,0,0,35
3,9,2,3,0,4,1,38,32,318647,13,0,0,48
4,11,2,13,0,4,1,38,66,76212,9,0,0,50
3,15,2,13,0,4,1,38,45,25649,10,7298,0,50
3,14,2,9,0,4,1,38,38,187870,15,0,2415,90
1,12,6,9,4,4,0,38,59,303455,14,4787,0,60
0,15,2,3,0,4,1,38,50,339905,10,0,0,40
3,9,2,3,0,4,1,38,55,227856,13,7298,0,60
3,9,2,9,0,4,1,38,55,156430,13,0,0,40
3,15,0,11,2,4,0,38,52,111700,10,0,0,20
0,1,0,2,1,2,0,38,58,72998,7,14084,0,40
3,12,2,9,0,4,1,38,44,147265,14,0,0,40
3,9,2,11,0,4,1,38,34,106761,13,0,0,45
4,14,2,9,0,4,1,38,50,190333,15,99999,0,55
1,14,2,9,5,4,0,38,49,298445,15,0,1977,60
3,12,2,9,0,4,1,38,51,154342,14,7688,0,45
6,15,2,3,0,4,1,38,56,68658,10,0,0,40
0,11,0,3,1,4,1,38,60,404023,9,10520,0,40
3,15,2,11,0,4,1,38,54,35576,10,0,2415,50
0,11,2,0,0,2,1,38,39,363630,9,7688,0,52
3,12,2,9,0,4,1,38,59,322691,14,0,0,50
3,11,2,11,0,4,1,38,32,156464,9,0,1902,50
7,15,2,14,5,4,0,38,33,369386,10,5178,0,40
3,11,2,3,0,4,1,38,34,242984,9,0,1887,45
6,11,2,3,0,4,1,38,66,132055,9,0,1825,40
3,11,2,3,0,4,1,38,47,140644,9,0,0,40
3,9,2,3,5,4,0,38,29,201022,13,0,0,50
3,9,2,0,0,4,1,39,28,213152,13,0,0,40
3,9,0,9,1,4,0,38,55,89690,13,0,0,40
3,11,0,6,4,4,1,38,37,185567,9,0,0,40
3,11,2,11,5,4,0,38,42,276218,9,0,0,40
3,15,2,6,0,4,1,38,39,58343,10,0,0,40
3,15,2,11,0,2,1,38,46,415051,10,0,0,60
3,4,2,5,0,1,1,29,61,81132,3,7298,0,40
3,15,2,5,0,4,1,39,29,368949,10,0,0,40
1,11,2,10,0,4,1,38,28,263600,9,0,0,40
3,15,2,13,0,4,1,38,49,252079,10,0,0,40
3,9,2,11,0,4,1,38,50,175804,13,0,0,40
3,9,2,3,0,4,1,38,45,257609,13,0,0,40
3,15,2,3,3,4,1,38,41,124692,10,0,0,40
3,8,2,6,0,4,1,38,29,250967,11,0,1887,48
3,8,2,12,0,4,1,38,62,211408,11,0,0,40
3,2,2,13,0,4,1,38,69,197080,8,9386,0,60
3,11,2,4,0,4,1,38,55,190257,9,0,0,53
3,11,2,2,0,4,1,38,48,216999,9,0,0,40
3,11,2,2,0,4,1,38,36,531055,9,0,1902,48
1,12,2,9,0,4,1,38,41,184466,14,0,0,38
3,12,2,9,0,4,1,38,38,108140,14,0,0,50
1,12,2,9,0,2,1,38,55,104917,14,0,0,40
3,11,2,6,0,4,1,38,39,48915,9,0,0,40
7,11,2,14,0,4,1,38,61,72886,9,0,0,38
1,12,2,9,5,4,0,38,37,44694,14,0,0,45
3,9,0,3,1,4,0,38,31,168906,13,0,0,50
6,9,2,3,5,4,0,38,32,147215,13,0,0,55
3,12,2,9,0,4,1,38,48,131309,14,0,0,45
3,9,2,9,0,4,1,38,51,84278,13,0,0,55
3,9,6,9,4,4,1,38,57,186386,13,10520,0,40
3,15,2,4,0,4,1,38,34,180284,10,0,0,40
4,14,2,9,0,4,1,38,56,75214,15,0,0,32
3,9,2,9,0,4,1,38,38,333651,13,15024,0,70
1,8,2,10,0,4,1,38,29,115305,11,7688,0,40
3,11,2,6,0,4,1,38,40,198096,9,0,0,40
3,11,2,6,0,4,1,38,58,159378,9,0,0,45
3,11,2,6,0,4,1,38,47,70943,9,5178,0,40
5,11,2,7,0,2,1,38,27,259873,9,0,0,60
4,15,2,11,0,4,1,38,35,89622,10,0,0,50
3,15,2,3,0,2,1,4,37,265737,10,0,1887,60
3,9,2,9,0,4,1,38,44,215304,13,0,0,45
5,11,2,11,0,4,1,38,50,371305,9,0,1902,60
3,15,2,3,0,4,1,38,46,102359,10,0,0,50
6,8,2,3,0,4,1,38,47,207120,11,0,0,38
3,10,2,9,0,4,1,38,46,295334,16,0,0,60
3,15,4,3,1,4,0,38,28,167336,10,10520,0,40
3,0,2,2,0,4,1,38,55,134120,6,99999,0,40
3,11,2,2,0,4,1,38,36,180686,9,0,0,45
1,15,2,5,0,2,1,38,57,189824,10,7298,0,40
1,9,2,9,5,4,0,38,34,93886,13,0,0,46
6,15,2,3,0,2,1,38,27,212232,10,0,0,40
3,11,2,2,0,4,1,38,57,300104,9,0,0,84
4,15,2,9,5,4,0,38,49,143482,10,0,0,65
0,9,2,3,0,4,1,38,28,163862,13,5178,0,40
3,10,0,9,4,2,0,38,45,172274,16,0,3004,35
3,9,2,9,0,4,1,38,47,102308,13,0,0,50
3,15,2,3,0,4,1,38,47,45564,10,0,0,40
1,11,0,10,1,4,1,38,31,189843,9,0,0,47
3,10,2,9,0,4,1,38,36,186865,16,0,0,60
1,15,2,3,0,4,1,38,59,50929,10,0,0,60
3,9,2,0,0,4,1,38,40,223277,13,0,0,50
3,8,2,9,0,4,1,38,47,104521,11,0,0,40
5,7,6,11,4,4,0,38,29,128516,12,0,0,40
3,9,2,9,0,4,1,38,29,444304,13,0,0,40
3,8,2,2,0,4,1,38,52,167651,11,0,0,40
1,7,4,9,1,4,1,38,40,183765,12,0,0,40
3,9,2,3,5,4,0,38,34,178841,13,0,0,40
4,11,2,11,0,4,1,38,33,374905,9,0,0,50
3,9,2,11,0,2,1,38,42,153414,13,0,0,40
5,15,2,3,0,4,1,38,51,24790,10,0,0,99
0,9,2,3,0,4,1,38,52,30731,13,0,0,45
3,11,6,3,4,4,1,38,63,181929,9,0,0,50
1,9,2,9,5,4,0,38,32,100135,13,0,0,35
3,9,2,3,0,4,1,38,35,64922,13,7688,0,50
7,9,2,14,0,4,1,38,65,115513,13,5556,0,48
3,11,2,7,0,2,1,38,53,133219,9,4386,0,30
3,14,2,3,0,4,1,38,60,162347,15,0,1902,40
3,9,2,0,0,4,1,38,47,168232,13,7298,0,40
3,11,2,3,5,4,0,38,56,170070,9,0,0,40
3,11,2,2,0,4,1,38,45,155659,9,0,0,40
3,12,2,3,0,4,1,38,45,341762,14,0,0,65
3,12,6,3,4,4,1,38,43,104660,14,4934,0,40
3,9,2,3,0,4,1,38,57,199847,13,15024,0,60
1,11,2,3,0,4,1,38,42,96524,9,0,0,60
3,9,2,3,0,4,1,38,48,121424,13,0,0,55
4,9,2,3,0,4,1,38,41,177905,13,7688,0,70
1,10,2,9,0,4,1,38,44,177937,16,0,0,36
3,7,2,3,5,4,0,38,39,110426,12,15024,0,45
3,14,2,9,0,4,1,38,41,347653,15,0,1977,50
3,15,2,11,0,4,1,38,39,33975,10,0,0,40
3,15,0,11,4,4,0,38,47,162494,10,0,0,45
3,12,2,3,0,4,1,38,39,91367,14,0,1848,45
3,11,2,11,0,4,1,38,47,102583,9,0,0,30
1,12,2,9,0,4,1,39,60,212856,14,0,0,40
3,1,2,6,0,4,1,38,53,183973,7,0,0,48
5,15,2,3,0,4,1,38,48,200825,10,0,0,30
3,11,2,0,0,4,1,38,46,116789,9,0,0,40
3,11,2,3,5,4,0,38,38,478346,9,7688,0,40
3,11,2,2,0,4,1,38,49,67365,9,0,0,40
3,9,2,0,5,1,0,29,42,230959,13,0,1887,40
3,12,2,3,0,4,1,38,39,176335,14,7688,0,65
6,15,2,3,5,4,0,38,42,333530,10,0,0,40
3,9,2,3,5,4,0,38,28,119287,13,15024,0,28
5,7,2,2,0,4,1,38,41,111772,12,0,1887,40
3,15,2,3,0,4,1,38,58,236596,10,0,0,40
3,11,2,10,0,2,1,38,45,99355,9,0,0,40
5,11,2,4,0,4,1,38,42,39539,9,0,0,99
3,12,2,3,0,4,1,38,53,110977,14,0,1902,50
1,15,2,2,0,4,1,25,45,199590,10,0,1887,40
0,9,2,9,0,4,1,39,38,190895,13,0,0,40
3,15,2,2,0,4,1,38,38,167482,10,0,0,52
3,11,2,9,0,4,1,6,36,126569,9,0,0,45
4,14,2,9,0,4,1,38,29,206903,15,0,0,55
5,14,2,9,0,4,1,38,67,191380,15,20051,0,25
3,7,2,3,0,4,1,38,42,33126,12,0,0,60
3,7,0,2,1,4,1,38,43,155106,12,0,2444,70
6,11,2,12,0,4,1,38,34,173266,9,0,0,40
3,7,2,11,0,3,1,23,33,25610,12,0,0,40
3,11,3,2,1,4,1,38,40,205047,9,0,0,40
5,11,2,11,0,4,1,38,62,224520,9,0,0,90
5,9,0,4,1,4,1,38,54,28186,13,27828,0,50
6,7,2,11,0,4,1,38,52,334273,12,0,0,40
5,9,4,9,1,4,0,38,34,182714,13,0,0,55
6,14,2,9,5,4,0,38,36,747719,15,15024,0,50
3,7,2,0,5,1,0,18,25,110978,12,0,0,37
3,8,2,2,0,4,1,38,45,294671,11,4386,0,38
3,9,2,3,0,4,1,38,42,118947,13,0,0,40
3,11,2,2,0,4,1,38,53,55861,9,0,0,40
3,15,2,11,5,4,0,38,54,144586,10,0,0,40
3,9,2,3,0,4,1,38,54,174102,13,0,0,40
3,9,2,3,0,4,1,38,33,65278,13,0,0,40
6,9,2,9,0,0,1,38,44,98989,13,0,0,38
3,12,2,11,0,4,1,38,67,94610,14,0,0,30
5,9,2,3,0,4,1,38,56,26716,13,0,0,20
3,11,2,2,0,4,1,38,52,154342,9,0,0,48
3,15,2,2,0,4,1,38,37,199753,10,0,0,35
0,14,0,9,1,4,0,38,57,66504,15,0,0,50
3,15,2,2,0,4,1,38,59,206487,10,0,0,40
3,15,2,11,0,4,1,38,43,145711,10,0,0,72
3,9,2,9,0,4,1,38,45,34127,13,0,0,50
3,15,0,3,1,4,1,38,30,225231,10,8614,0,50
3,7,2,12,0,4,1,38,38,210610,12,0,0,40
3,12,2,3,0,4,1,38,38,185848,14,99999,0,70
6,10,2,9,0,4,1,38,61,379885,16,0,1902,40
3,11,2,5,0,4,1,38,50,175029,9,0,0,40
4,15,2,3,0,4,1,39,49,119539,10,0,0,60
3,11,2,2,0,4,1,38,37,150057,9,0,0,52
1,9,2,0,0,4,1,38,42,569930,13,0,0,45
3,1,2,7,5,2,0,38,54,154949,7,0,0,40
3,11,2,9,0,4,1,29,34,340880,9,0,0,60
3,12,2,3,0,4,1,38,49,193366,14,0,0,65
3,8,2,11,0,4,1,38,41,433989,11,4386,0,60
6,11,0,3,4,4,0,38,45,154117,9,0,0,38
3,9,2,9,0,4,1,38,63,294009,13,15024,0,45
3,9,2,3,0,2,1,38,69,128348,13,9386,0,50
3,9,2,2,0,4,1,38,45,179659,13,3103,0,40
3,11,2,2,0,4,1,38,43,158528,9,0,0,40
3,11,2,2,0,2,1,38,26,366219,9,0,1848,60
3,11,2,0,0,4,1,38,48,120131,9,0,0,70
3,8,2,2,0,4,1,1,51,305673,11,0,0,40
1,11,2,10,0,4,1,38,34,31391,9,0,0,53
1,15,2,10,0,4,1,38,41,33658,10,0,0,45
3,9,2,9,0,4,1,38,26,402998,13,0,0,58
3,10,2,9,0,1,1,16,40,320451,16,0,1977,45
3,9,2,10,0,4,1,38,41,359696,13,15024,0,60
1,7,2,9,0,1,1,38,55,296085,12,0,0,40
3,9,0,11,1,4,1,38,43,233130,13,0,0,40
3,8,2,7,0,4,1,10,51,189511,11,0,0,50
3,12,4,11,1,4,1,38,29,304595,14,0,0,50
3,15,2,13,0,4,1,38,43,475322,10,0,0,50
3,11,2,11,0,1,1,19,35,267866,9,0,1887,50
3,8,2,2,0,4,1,38,61,115023,11,0,1887,60
6,9,2,3,0,4,1,38,47,187087,13,0,0,40
3,9,2,11,0,4,1,38,29,57889,13,0,0,45
3,12,0,3,1,4,1,38,50,187830,14,0,0,62
3,9,2,3,0,4,1,38,60,317083,13,0,0,45
5,12,2,11,0,4,1,38,35,190895,14,0,0,40
3,9,2,3,0,4,1,38,43,170730,13,0,1977,50
3,9,2,3,0,4,1,38,34,42900,13,0,0,50
3,9,0,3,1,4,0,38,43,315971,13,0,0,45
3,8,2,3,0,4,1,38,50,34067,11,0,0,50
3,9,4,3,1,4,0,38,31,44464,13,0,1564,60
3,9,2,0,5,1,0,29,30,165235,13,0,0,40
1,7,2,10,0,4,1,38,52,153312,12,0,0,40
3,9,2,11,0,4,1,38,47,120131,13,0,0,40
3,7,0,9,1,4,0,38,44,202872,12,0,0,40
3,12,4,3,1,4,1,38,42,176716,14,0,0,40
5,12,2,3,0,4,1,38,46,119944,14,0,0,50
3,9,2,11,0,4,1,38,32,194740,13,0,1902,40
1,15,2,10,0,4,1,38,47,140644,10,0,0,40
0,15,2,3,0,4,1,38,25,27142,10,0,0,40
6,12,2,9,0,4,1,38,45,144351,14,0,0,40
3,9,2,9,0,4,1,38,55,193130,13,0,0,40
1,12,2,9,0,4,1,38,59,140478,14,0,0,40
3,8,2,11,0,4,1,38,56,122390,11,15024,0,40
1,11,2,13,0,4,1,38,47,200471,9,5178,0,40
1,12,0,9,1,4,0,38,62,113443,14,10520,0,33
3,15,2,0,5,4,0,38,40,305846,10,0,0,40
5,15,4,11,3,2,1,38,22,214014,10,99999,0,55
3,8,2,2,0,4,1,38,56,200235,11,0,0,48
3,15,2,0,0,4,1,38,46,109209,10,0,0,40
1,12,2,9,0,4,1,39,56,268213,14,0,0,35
6,12,2,3,0,4,1,38,51,237141,14,0,0,40
1,12,2,9,5,4,0,38,40,333530,14,0,0,40
3,9,2,11,0,4,1,38,27,215504,13,0,1848,55
0,14,2,9,0,4,1,38,40,330174,15,7688,0,40
4,9,2,3,0,4,1,4,52,230767,13,0,1902,60
3,15,2,2,0,4,1,38,40,254478,10,7298,0,50
3,11,2,2,0,4,1,38,50,228238,9,0,0,40
3,9,2,3,0,4,1,38,37,127772,13,0,0,50
3,9,2,3,0,4,1,38,52,386397,13,0,0,45
3,15,2,3,0,4,1,38,49,34545,10,0,1887,40
3,15,2,3,0,4,1,38,28,87239,10,0,0,50
7,11,2,14,0,4,1,38,64,208862,9,0,0,50
4,15,6,11,1,4,1,38,75,98116,10,0,0,40
3,15,2,2,0,4,1,38,47,57534,10,0,0,40
3,10,2,9,0,1,1,2,45,243631,16,0,0,45
3,9,2,0,0,4,1,38,38,269318,13,5178,0,50
6,15,2,10,0,4,1,38,67,132819,10,0,0,41
3,12,2,3,0,4,1,38,30,122042,14,0,0,45
3,15,2,2,0,4,1,38,36,61778,10,0,0,60
1,15,2,3,0,4,1,38,44,165304,10,0,1485,40
4,9,2,10,0,2,1,38,51,192973,13,0,0,40
3,9,2,9,0,4,1,21,48,97863,13,0,0,45
4,14,2,9,0,4,1,38,51,338260,15,15024,0,60
3,11,2,3,0,4,1,38,37,298539,9,0,1902,55
5,11,2,11,0,4,1,38,51,95435,9,0,0,60
3,8,0,12,1,2,1,38,29,176037,11,14344,0,40
3,15,2,11,0,2,1,38,48,197683,10,0,0,40
3,9,2,11,0,4,1,38,44,242521,13,7688,0,50
7,15,2,14,5,4,0,38,27,174163,10,0,0,40
3,9,2,3,0,1,1,2,45,304570,13,0,0,60
3,11,2,11,0,4,1,38,40,100292,9,0,0,52
3,15,2,9,0,4,1,38,63,117473,10,4386,0,40
3,9,2,0,5,4,0,38,31,502752,13,0,0,40
3,15,2,3,0,4,1,38,49,277946,10,0,0,50
3,14,2,9,0,4,1,38,36,143123,15,0,0,50
5,11,2,4,0,4,1,38,52,34973,9,0,1887,60
4,14,2,9,0,4,1,38,45,181307,15,15024,0,43
3,11,0,11,1,4,0,38,39,148903,9,4687,0,50
3,15,2,11,0,4,1,38,74,54732,10,0,0,20
3,9,2,9,0,1,1,29,39,271521,13,0,0,48
3,11,2,2,0,4,1,38,49,543922,9,0,0,42
3,11,4,2,1,4,1,38,39,284166,9,0,1564,50
3,9,2,3,0,4,1,38,47,334039,13,7298,0,44
3,8,2,2,0,1,1,38,29,112847,11,7298,0,32
5,9,2,9,0,4,1,38,51,290290,13,0,0,45
3,11,2,3,0,4,1,38,54,215990,9,0,0,40
1,12,2,9,5,4,0,38,39,344855,14,0,1977,20
3,11,2,6,0,4,1,38,36,261241,9,0,0,50
3,12,2,0,0,1,1,34,60,85995,14,0,0,50
6,12,3,3,4,4,0,38,52,109600,14,4787,0,44
1,12,2,3,0,4,1,38,52,199995,14,7298,0,60
3,15,2,11,0,4,1,38,59,184493,10,0,0,40
3,8,2,2,0,4,1,38,39,104089,11,0,0,50
6,9,2,9,0,1,1,18,38,125499,13,7688,0,60
1,7,2,10,0,4,1,38,46,238162,12,0,1887,50
0,14,2,9,0,4,1,38,38,325538,15,0,0,50
3,11,2,12,5,4,0,38,33,51471,9,0,1902,40
3,9,0,9,1,4,1,8,46,149640,13,0,0,45
0,15,2,13,0,4,1,38,64,271550,10,0,0,40
3,9,2,2,0,4,1,38,32,186824,13,0,0,40
1,15,2,3,0,4,1,38,42,121012,10,0,0,45
3,12,2,9,0,1,1,18,23,143003,14,0,1887,50
3,9,2,9,5,4,0,38,37,109633,13,0,0,16
5,6,2,11,0,4,1,38,61,113080,5,0,0,58
3,9,2,9,0,4,1,38,39,206074,13,0,0,45
3,15,2,11,0,4,1,38,58,117273,10,0,0,40
5,15,2,13,2,3,1,6,27,153805,10,0,0,50
1,12,2,9,0,4,1,38,43,153132,14,15024,0,40
3,9,6,9,4,4,0,38,35,108293,13,0,0,32
3,9,2,6,0,4,1,38,47,252079,13,7688,0,44
6,9,2,12,3,4,0,39,34,118551,13,5178,0,25
3,9,2,5,0,4,1,38,70,187292,13,6418,0,40
7,12,2,14,0,4,1,38,61,584259,14,0,0,2
3,15,2,2,0,4,1,38,26,173992,10,0,0,45
3,9,2,3,0,4,1,38,31,137290,13,0,0,55
1,9,2,9,5,4,0,38,26,30793,13,0,0,55
3,9,2,9,0,4,1,38,37,103986,13,7688,0,39
3,14,2,9,0,4,1,38,29,144592,15,0,0,50
3,11,2,3,0,4,1,38,54,223660,9,0,0,55
3,15,5,0,4,4,0,38,47,177087,10,0,0,50
4,9,2,3,0,4,1,38,70,207938,13,0,2377,50
3,12,2,9,0,4,1,38,44,267717,14,0,0,42
3,12,2,9,0,1,1,38,30,182771,14,0,0,40
4,11,2,11,0,4,1,38,57,220789,9,0,0,45
5,15,2,2,0,4,1,38,59,114760,10,0,0,20
3,12,2,9,0,4,1,38,39,198841,14,7688,0,45
3,12,2,9,0,4,1,38,53,53197,14,3103,0,40
3,15,2,2,5,4,0,38,57,334224,10,9386,0,40
3,15,2,10,0,4,1,38,60,163665,10,0,0,16
3,9,2,11,0,4,1,38,28,207513,13,7298,0,42
3,11,2,6,0,4,1,38,39,293291,9,0,0,50
3,12,2,9,0,4,1,38,55,70088,14,0,0,40
3,12,2,9,5,4,0,38,36,199346,14,0,0,50
1,12,2,9,5,4,0,38,55,143949,14,3103,0,45
3,11,2,6,0,4,1,38,33,207201,9,0,0,55
3,11,2,0,5,4,0,38,30,430283,9,7298,0,40
3,12,2,3,0,4,1,38,30,378009,14,0,0,50
3,15,0,12,1,4,1,12,40,226608,10,0,0,30
3,11,2,2,0,4,1,38,49,193047,9,0,0,45
3,12,2,9,0,2,1,39,35,75855,14,7298,0,40
3,15,2,13,0,4,1,38,23,38707,10,0,0,60
5,14,2,9,0,4,1,38,41,204235,15,0,0,50
4,11,2,2,0,4,1,38,64,272531,9,0,0,40
5,8,2,3,0,4,1,38,40,57233,11,0,0,40
5,7,4,4,2,4,1,38,47,33300,12,10520,0,45
3,9,2,9,5,2,0,13,41,227968,13,0,0,35
1,8,2,9,5,4,0,38,28,229223,11,7688,0,36
3,9,2,0,0,1,1,29,39,139012,13,0,0,40
4,15,2,11,0,4,1,38,49,431245,10,0,0,50
5,8,2,13,0,4,1,38,42,69333,11,4386,0,80
3,15,2,9,0,4,1,38,34,167893,10,0,0,64
3,11,2,0,0,4,1,38,54,146551,9,0,0,54
3,9,2,9,0,4,1,38,38,187748,13,0,0,40
3,9,2,12,0,4,1,38,42,111483,13,0,0,50
3,11,4,7,1,4,0,38,27,147340,9,0,0,50
3,12,5,9,1,4,1,38,57,132704,14,10520,0,32
0,8,2,2,0,4,1,38,44,243636,11,0,0,40
1,15,2,10,0,4,1,38,42,194417,10,0,0,40
3,9,2,3,0,4,1,41,29,273051,13,0,0,52
1,8,2,2,0,4,1,38,49,405309,11,0,0,40
5,7,2,3,0,4,1,38,51,99185,12,0,0,40
1,12,2,9,5,4,0,38,28,33662,14,7298,0,40
3,11,2,11,0,4,1,38,43,226902,9,0,0,80
3,15,2,2,0,4,1,38,45,232586,10,0,0,50
3,11,2,5,0,4,1,38,40,311534,9,0,0,40
3,11,2,10,0,4,1,38,33,133503,9,7688,0,48
5,10,2,11,0,4,1,38,57,413373,16,0,1902,40
3,9,4,0,1,2,0,38,45,151267,13,0,0,40
3,11,2,13,0,4,1,38,48,41504,9,0,0,40
3,9,0,9,1,4,0,38,38,133963,13,0,0,50
6,9,2,10,0,4,1,38,36,179488,13,7298,0,55
5,14,6,9,1,4,1,38,55,308746,15,0,0,55
3,11,2,2,0,4,1,38,27,278720,9,0,0,45
3,9,2,9,5,4,0,38,29,286634,13,0,0,50
3,9,4,3,1,4,1,38,28,142712,13,0,0,50
7,14,2,14,0,4,1,38,72,108796,15,0,0,40
3,12,2,9,0,1,1,29,39,72338,14,0,0,40
3,11,2,6,0,4,1,38,52,146767,9,0,0,40
3,9,2,3,5,4,0,38,50,102346,13,0,2415,20
3,7,2,3,0,4,1,38,48,128796,12,0,0,40
3,15,2,2,0,4,1,38,36,334291,10,0,1887,40
3,15,2,2,0,4,1,38,42,24982,10,7688,0,40
3,11,2,2,0,2,1,38,54,229272,9,0,0,40
5,14,4,9,1,4,1,38,45,149640,15,0,0,30
0,9,2,9,0,4,1,38,53,155594,13,0,0,40
7,9,2,14,5,4,0,38,26,370727,13,0,1977,40
3,11,2,11,0,4,1,38,52,174752,9,0,0,60
5,9,2,9,0,4,1,38,32,112115,13,7688,0,40
3,11,2,6,0,4,1,38,34,264651,9,0,0,40
3,15,2,6,0,4,1,38,39,176186,10,0,0,40
3,15,2,6,0,4,1,38,40,132222,10,4386,0,50
3,9,4,12,1,4,1,38,25,189656,13,0,0,60
1,12,2,9,0,4,1,38,54,224934,14,0,0,50
4,9,2,4,0,4,1,38,48,149218,13,0,0,70
3,11,2,6,0,4,1,38,51,222615,9,0,0,40
6,12,2,9,0,4,1,38,41,106900,14,7298,0,60
0,8,2,9,5,4,0,38,40,78036,11,0,0,65
3,9,2,0,0,1,1,29,41,167106,13,3103,0,35
3,9,2,3,0,4,1,38,51,289436,13,0,0,60
3,11,2,11,0,4,1,38,34,102130,9,0,0,65
3,11,2,2,0,4,1,38,43,266324,9,0,1902,99
0,15,2,9,0,4,1,38,37,187046,10,0,0,40
4,9,2,3,0,4,1,38,34,343789,13,7688,0,55
1,8,2,10,0,4,1,38,40,141649,11,0,0,40
7,11,2,14,0,4,1,38,90,313986,9,0,0,40
3,15,2,2,0,1,1,38,38,396595,10,0,0,40
3,11,2,13,0,4,1,38,30,345522,9,3103,0,70
3,9,4,11,4,2,0,38,43,169628,13,0,0,35
3,12,2,3,0,4,1,38,50,176157,14,0,0,50
3,9,2,3,0,4,1,38,34,384150,13,0,0,40
3,15,2,11,0,4,1,38,50,107665,10,0,0,40
3,7,2,9,0,4,1,38,41,287306,12,15024,0,60
3,9,2,3,0,4,1,38,44,201723,13,15024,0,45
1,14,2,9,0,2,1,38,38,161463,15,0,0,40
3,14,4,3,1,4,1,38,46,186410,15,0,0,50
0,14,0,3,1,2,1,38,57,62020,15,0,0,55
3,9,0,3,1,4,0,38,42,170230,13,0,0,55
3,8,2,11,0,4,1,38,43,341358,11,0,0,40
3,9,2,2,0,4,1,38,44,89172,13,0,0,50
3,15,2,11,5,4,0,38,37,140673,10,0,0,40
4,9,2,2,0,4,1,38,44,69333,13,0,0,50
3,15,2,3,0,4,1,38,39,132879,10,0,0,50
3,9,2,9,0,4,1,38,61,181219,13,0,1848,40
3,9,2,3,5,4,0,38,26,184872,13,0,0,55
7,10,2,14,0,4,1,38,61,101602,16,0,0,25
3,11,6,11,1,4,0,9,64,60940,9,8614,0,50
3,11,2,2,0,4,1,38,54,178946,9,0,0,48
3,11,2,3,0,4,1,38,50,102615,9,0,1902,40
1,9,2,10,0,4,1,38,52,175339,13,0,0,40
4,15,2,3,0,4,1,38,30,204470,10,0,0,36
1,12,2,9,0,2,1,38,58,311409,14,7688,0,30
5,14,2,9,0,4,1,38,52,42984,15,0,0,70
3,12,2,3,0,4,1,38,30,341051,14,15024,0,60
5,9,2,12,0,4,1,38,51,170086,13,0,0,45
0,11,2,3,0,4,1,38,54,75235,9,5178,0,40
3,10,2,9,0,4,1,38,55,104724,16,0,0,40
3,12,2,9,0,4,1,38,43,346321,14,0,0,45
3,8,2,3,0,4,1,38,42,176063,11,15024,0,55
3,15,2,0,0,4,1,38,49,133669,10,0,0,40
4,15,2,10,0,4,1,38,36,251730,10,0,0,60
3,12,2,3,0,4,1,38,47,155664,14,99999,0,55
3,14,2,3,0,1,1,23,33,72338,15,0,0,65
1,11,2,3,0,3,1,38,43,34640,9,0,1887,40
3,11,2,6,0,4,1,38,55,125000,9,0,0,40
3,15,2,13,0,2,1,38,42,402367,10,7688,0,45
3,15,2,2,0,4,1,38,43,254146,10,0,1902,40
3,8,2,11,0,4,1,38,51,120270,11,0,0,40
5,14,0,9,4,4,1,38,42,32546,15,7430,0,40
4,15,2,3,0,4,1,38,34,177675,10,0,0,65
3,9,2,3,0,4,1,38,39,174242,13,15024,0,60
4,11,2,11,0,4,1,38,61,148577,9,0,0,55
0,15,2,3,5,1,0,38,52,76131,10,0,0,40
4,12,2,3,0,4,1,38,41,145441,14,0,0,50
4,15,2,2,0,4,1,38,59,187502,10,0,0,50
3,15,2,11,0,4,1,38,38,242080,10,0,0,55
3,9,2,3,0,4,1,38,47,148995,13,0,2415,60
1,12,2,9,0,4,1,38,35,116960,14,0,1887,40
3,7,2,9,5,4,0,38,48,313925,12,0,0,30
3,12,2,9,0,4,1,4,48,379883,14,0,0,40
3,15,2,9,0,4,1,38,32,127451,10,0,0,38
3,9,5,11,1,4,1,38,50,301024,13,0,0,40
3,15,4,6,1,1,1,38,26,154571,10,0,0,45
5,9,2,9,0,4,1,38,49,349986,13,0,0,60
3,11,2,3,0,4,1,38,41,117585,9,0,1485,40
3,12,2,9,0,4,1,38,49,123681,14,0,0,43
3,9,2,3,0,4,1,38,35,189092,13,0,0,40
3,9,2,3,5,4,0,38,37,103121,13,0,1848,40
3,11,0,4,1,4,1,38,45,187901,9,0,2258,44
6,10,2,9,0,4,1,38,53,229465,16,0,0,50
3,15,0,0,3,4,1,38,44,147110,10,14344,0,40
1,11,2,10,0,4,1,38,43,161240,9,0,0,45
4,14,2,3,0,4,1,38,43,62026,15,99999,0,40
3,8,2,2,0,4,1,38,39,358753,11,7688,0,40
3,11,2,2,0,4,1,38,41,29762,9,0,0,52
3,8,2,9,0,4,1,38,45,259463,11,0,0,40
6,14,2,3,0,4,1,38,46,250821,15,15024,0,40
3,11,2,6,0,4,1,38,45,172822,9,0,0,52
5,7,2,4,0,4,1,38,40,170866,12,0,0,50
7,15,2,14,0,4,1,38,60,268954,10,0,0,12
7,2,2,14,5,2,0,38,52,89951,8,0,0,40
1,12,2,9,0,4,1,38,51,108435,14,0,0,80
3,15,0,11,1,4,1,38,42,386175,10,0,0,50
3,11,2,6,0,4,1,38,39,128392,9,0,1887,40
0,12,2,3,0,4,1,38,31,130057,14,7688,0,60
7,11,2,14,0,4,1,38,62,178764,9,0,0,40
3,11,2,11,0,4,1,38,53,36327,9,0,0,40
3,15,2,2,0,4,1,38,50,139703,10,0,0,40
1,12,0,9,1,4,0,38,46,140219,14,8614,0,55
1,9,2,9,0,4,1,38,44,203761,13,0,0,40
1,12,2,9,0,4,1,38,36,114719,14,0,0,50
3,9,2,9,0,4,1,38,52,294991,13,0,0,40
3,9,2,3,0,4,1,38,32,206609,13,0,0,60
3,12,2,9,0,4,1,38,32,313835,14,0,0,40
4,15,2,3,0,4,1,38,51,260938,10,0,0,50
3,8,2,9,3,4,0,38,30,176410,11,7298,0,16
5,11,2,4,0,4,1,38,37,126675,9,0,0,60
0,15,2,12,0,4,1,38,59,293971,10,0,0,40
3,8,2,7,0,4,1,38,32,229566,11,0,0,60
3,9,2,5,0,4,1,38,40,111067,13,0,0,80
1,9,0,9,4,4,0,38,49,106554,13,0,0,40
3,6,6,13,4,4,1,38,48,105808,5,0,0,40
3,9,2,3,0,4,1,39,66,115498,13,99999,0,55
3,9,2,3,0,4,1,38,39,30529,13,0,1887,40
3,11,2,2,0,4,1,38,45,170871,9,7298,0,60
1,12,0,9,1,4,0,38,61,153408,14,0,0,40
3,7,2,3,0,4,1,38,48,99835,12,0,0,50
3,12,2,3,0,4,1,38,40,137225,14,0,0,40
3,11,2,9,5,1,0,2,29,119359,9,0,0,10
3,11,2,2,0,4,1,38,47,121124,9,0,0,40
3,15,2,13,0,4,1,38,46,165138,10,0,0,45
0,15,4,0,1,4,1,38,44,281739,10,13550,0,50
3,11,2,3,0,4,1,38,55,165881,9,0,0,40
3,15,2,2,2,1,1,0,48,350440,10,0,0,40
5,12,2,3,0,4,1,38,38,109133,14,0,0,70
3,14,2,9,0,4,1,38,48,109814,15,0,1977,45
0,11,2,0,0,4,1,38,52,154521,9,0,0,44
3,11,0,3,1,4,0,38,48,175070,9,0,2258,40
4,1,4,3,2,4,1,38,50,121441,7,0,2444,40
5,14,2,9,0,4,1,38,47,242391,15,15024,0,40
3,9,2,11,0,4,1,38,38,59660,13,7298,0,40
3,11,2,3,0,4,1,38,37,143771,9,0,0,60
3,9,4,11,1,4,1,38,35,207066,13,10520,0,45
4,12,2,11,0,4,1,38,34,154120,14,0,0,60
3,0,2,2,0,4,1,38,58,250206,6,5178,0,40
1,9,2,10,0,4,1,38,43,163434,13,0,0,55
4,15,2,3,0,4,1,38,44,138991,10,0,0,50
5,9,2,3,0,4,1,38,52,185407,13,0,0,50
3,11,2,2,0,4,1,38,41,112283,9,0,0,60
4,15,2,3,0,4,1,38,67,182581,10,20051,0,20
3,15,2,2,0,1,1,29,27,100669,10,0,0,40
0,10,2,9,0,1,1,40,51,223206,16,15024,0,40
1,4,4,5,2,4,1,12,22,164775,3,0,0,40
3,11,2,7,0,4,1,38,45,265097,9,0,1902,40
5,11,2,11,0,4,1,38,37,162834,9,0,1902,45
3,10,2,9,0,4,1,38,50,177896,16,0,0,40
3,8,2,3,0,4,1,38,40,177905,11,7688,0,44
4,14,2,9,0,4,1,38,47,102308,15,0,2415,45
3,11,2,11,0,4,1,38,41,206139,9,0,0,40
3,15,2,3,0,4,1,10,26,323044,10,0,0,45
3,14,2,3,0,4,1,38,47,294913,15,99999,0,40
3,7,0,2,1,4,1,38,31,188246,12,0,0,50
5,15,2,4,0,4,1,38,32,116508,10,0,0,50
0,9,6,3,4,4,0,38,44,38434,13,0,0,40
3,9,2,7,0,0,1,38,35,91839,13,7688,0,20
3,9,2,3,0,4,1,38,43,409922,13,0,1977,50
3,15,2,7,0,1,1,39,31,251659,10,0,1485,55
3,10,4,6,1,4,0,38,41,182108,16,0,0,40
4,14,2,9,0,4,1,38,51,28765,15,0,0,60
0,15,2,0,0,4,1,38,39,232036,10,0,0,40
1,9,2,7,0,4,1,38,37,180342,13,0,0,40
1,12,2,9,0,4,1,38,47,324791,14,0,1887,50
3,12,2,9,0,4,1,38,31,183801,14,0,1902,43
1,15,2,10,0,4,1,38,42,201495,10,0,0,72
3,15,2,2,0,4,1,38,38,447346,10,0,0,36
1,10,2,3,0,4,1,38,54,34832,16,0,0,60
3,15,2,13,0,4,1,38,41,318046,10,0,0,48
3,15,2,13,0,4,1,38,32,33678,10,0,0,50
3,11,2,3,5,4,0,38,47,160474,9,0,0,30
1,11,2,10,0,4,1,38,45,162187,9,0,0,40
3,15,2,11,0,4,1,38,34,356882,10,0,0,45
4,9,2,3,0,4,1,39,42,191196,13,0,1977,60
3,15,2,2,0,4,1,38,37,377798,10,3103,0,40
3,12,0,9,1,4,0,38,54,161691,14,0,2559,40
3,9,2,2,0,4,1,38,34,117963,13,0,0,40
3,10,2,9,0,4,1,38,48,123075,16,0,0,45
4,15,2,3,0,4,1,38,37,328466,10,0,0,50
5,9,6,2,1,4,1,10,74,199136,13,15831,0,8
6,9,2,0,5,4,0,38,36,212143,13,0,0,20
3,15,2,3,0,4,1,38,34,115066,10,0,0,42
3,12,2,9,0,4,1,38,41,122215,14,15024,0,40
5,14,4,9,1,1,1,29,53,137547,15,27828,0,40
5,9,2,3,0,4,1,33,49,111959,13,0,0,60
3,15,2,3,0,4,1,38,51,40641,10,0,0,60
3,11,2,5,0,4,1,38,59,395736,9,0,0,40
0,11,2,11,5,4,0,38,59,23789,9,0,0,40
3,15,2,7,0,4,1,38,47,248059,10,0,0,47
3,9,2,11,0,4,1,38,42,161510,13,7298,0,40
1,15,2,10,0,4,1,38,53,186303,10,0,1887,40
3,15,2,2,0,4,1,38,42,288154,10,0,0,89
5,11,2,2,0,4,1,38,57,65080,9,0,0,50
3,7,2,2,0,4,1,38,33,191335,12,0,1902,50
3,9,2,3,0,4,1,38,36,66304,13,0,0,55
1,10,0,3,1,4,0,38,51,203334,16,0,0,45
3,14,2,9,0,4,1,38,37,40955,15,0,0,50
5,12,2,3,0,4,1,38,66,102686,14,0,0,20
5,15,3,2,3,4,1,38,30,176185,10,0,0,60
3,15,2,13,0,4,1,38,53,304504,10,0,1887,45
4,12,2,11,0,4,1,39,44,71556,14,0,0,50
3,15,2,11,0,4,1,38,46,42251,10,0,0,45
5,9,2,11,0,4,1,38,36,109133,13,0,0,50
3,12,2,12,0,1,1,38,33,139057,14,0,0,50
3,9,2,9,0,4,1,38,36,237943,13,0,1977,45
4,11,2,2,0,4,1,38,48,185041,9,7298,0,50
4,9,2,3,0,4,1,38,45,173664,13,0,0,45
3,14,2,9,0,4,1,38,37,121521,15,15024,0,45
3,7,2,2,0,4,1,38,36,186819,12,0,0,52
3,12,2,3,0,4,1,38,41,201495,14,0,0,40
3,12,0,11,1,4,0,38,50,208630,14,0,0,50
3,8,2,2,0,4,1,38,38,32916,11,0,0,55
3,11,2,9,0,4,1,39,39,107302,9,0,0,45
3,12,2,9,5,4,0,38,46,42972,14,0,0,22
1,11,2,2,0,4,1,38,57,110417,9,99999,0,40
3,15,2,3,0,4,1,38,46,364548,10,0,0,48
7,9,2,14,5,4,0,38,35,320084,13,0,0,55
3,10,2,9,0,4,1,38,34,204461,16,0,0,60
3,9,2,3,0,1,1,23,54,337992,13,0,0,50
3,9,4,3,1,4,0,38,34,160216,13,0,0,55
3,9,0,9,4,2,0,38,38,139180,13,15020,0,45
7,10,2,14,0,4,1,38,71,287372,16,0,0,10
1,7,2,0,5,4,0,38,39,111499,12,0,0,20
3,12,2,3,0,4,1,38,53,321865,14,0,0,40
3,11,2,6,0,4,1,38,40,154374,9,0,0,40
4,11,2,3,5,4,0,38,52,287927,9,15024,0,40
